feature,importance
numeric__total_hours_worked,0.12103034113961353
categorical__size_3,0.08707945153587256
numeric__annual_average_employees,0.06897817158927255
categorical__size_1,0.06196503239034873
numeric__naics_code,0.0508955573377037
categorical__establishment_type_Unknown,0.03112489623828698
categorical__size_2,0.02226552647753712
categorical__state_ma,0.015990473302375612
categorical__establishment_type_1.0,0.015495482096905685
categorical__industry_description_supermarketsothergroceryexceptconveniencestores,0.014132290844722886
categorical__industry_description_skillednursingfacilities,0.01290486868565423
categorical__industry_description_truckinggeneralfreightlongdistancetruckloadtl,0.012495709760021678
categorical__industry_description_warehouseclubssupercenters,0.011681111317178418
categorical__industry_description_freighttruckingltl,0.011213097743616875
categorical__industry_description_officeequipment,0.01014967068975
categorical__industry_description_roadconstruction,0.009817311269566378
categorical__industry_description_generalfreighttruckinglocal,0.009396854096134805
categorical__industry_description_retail,0.009210756395057274
categorical__industry_description_hardwaremerchantwholesalers,0.00881148663746831
categorical__industry_description_generalfreighttruckinglongdistancetruckloadtl,0.008741707643986813
categorical__industry_description_retailother,0.008180232748151819
categorical__state_ct,0.00721416225455387
categorical__industry_description_pvcpipemanufacturing,0.006267379804864915
categorical__industry_description_nursinghomes,0.006233301359068989
categorical__state_tn,0.006227384843058483
categorical__industry_description_lesstruckloadgeneralfreighttrucking,0.005845929288508912
categorical__state_tx,0.004710223232372891
categorical__state_Unknown,0.004591017776666391
categorical__industry_description_homecenter,0.004563099476566211
categorical__industry_description_generalfreighttruckinglongdistancelesstruckloadltl,0.004311699100212557
categorical__state_mt,0.00428365594431844
categorical__industry_description_flaggingetrafficcontrolservices,0.004266281132279856
categorical__industry_description_coinlaundryroutebusiness,0.004251640497140085
categorical__state_sc,0.0036071300588980688
categorical__establishment_type_2.0,0.0033598538059787537
categorical__industry_description_bulkmailtrucktransportationcontractlongdistancetl,0.0030646993470026074
categorical__industry_description_warehousingincludingforeigntradezonesgeneralmerchandise,0.0030219871752956012
categorical__industry_description_tankertruckingegchemicaljuicemilkpetroleumlocal,0.0029811133201449623
categorical__industry_description_concreteformcontractors,0.002908677565600495
categorical__industry_description_supermrktsothergrocerystores,0.0028605458622577144
categorical__industry_description_tankertruckingegchemicaljuicemilkpetroleumlongdistance,0.0027585833237419666
categorical__industry_description_stevedoringservices,0.002723954514597655
categorical__state_mi,0.0026782283102023013
categorical__industry_description_structuralsteelerectingironworkcontractors,0.00264946810715292
categorical__industry_description_statepolice,0.002638004734009089
categorical__industry_description_truckinggeneralfreightlocal,0.002633259257471404
categorical__state_nh,0.002586702584958862
categorical__state_hi,0.0024608809654952045
categorical__industry_description_roofingcontractors,0.0022507093870067895
categorical__state_ny,0.0022445022686317317
categorical__state_ca,0.002243260050921678
categorical__industry_description_Unknown,0.002223710787306848
categorical__industry_description_retailhomefurnishings,0.002217114932831341
categorical__industry_description_highwayconstruction,0.002174518782775718
categorical__state_co,0.0021503535711818577
categorical__industry_description_loadingunloadingservicesportsharbors,0.002112724120432569
categorical__state_la,0.002107586183278783
categorical__industry_description_assistedlivingfacilitiessitenursingcarefacilities,0.002083865487496796
categorical__industry_description_rigginglargescaleequipment,0.002080892466259904
categorical__industry_description_hotelsexceptcasinohotels,0.0020646424954918335
categorical__industry_description_hotelsexceptcasinohotelsgolfcoursestenniscourtsotherhealthspafacilitieseresorts,0.002019619743718872
categorical__industry_description_windpowerstructureconstruction,0.0019724880963778355
categorical__industry_description_assistedlivingfacilitiessitenursingfacilities,0.001964744110109663
categorical__state_ks,0.001950516736279639
categorical__industry_description_canneryseafood,0.0019404499001690768
categorical__state_mn,0.0019172792317946707
categorical__state_oh,0.0018943409776017886
categorical__industry_description_propertymanagingresidentialrealestate,0.0018670605517454467
categorical__state_nc,0.0018665703871297045
categorical__industry_description_distributionelectricpower,0.00182709580417532
categorical__state_mo,0.0018227929736120449
categorical__industry_description_grocerystores,0.0018199755998187545
categorical__industry_description_fooddistribution,0.0017781458819662518
categorical__establishment_type_3.0,0.001771538796566022
categorical__state_ri,0.001764355202135197
categorical__industry_description_alcoholicbeveragewinedistilledspiritsmerchantwholesaler,0.0017237385271545661
categorical__industry_description_lawenforcement,0.0017146499795286773
categorical__state_az,0.001675778466480699
categorical__industry_description_hammerforgingsmadepurchasedironsteelunfinished,0.001660042118032064
categorical__industry_description_pumpingoilgaswellscontractbasis,0.0016490051414535258
categorical__industry_description_constructionmanagementhighwayroadstreetbridge,0.0016150269112048265
categorical__state_ok,0.0016077860439606092
categorical__industry_description_lowvoltageelectricalwork,0.0016049213443770202
categorical__state_md,0.0015895405642276093
categorical__industry_description_boltsnutsrivetsplasticsmanufacturing,0.0015785658665199017
categorical__industry_description_ironcastingsunfinishedmanufacturing,0.0015676963934912148
categorical__industry_description_lubricatingoilsgreasessyntheticmanufacturing,0.0015663045909669517
categorical__state_wv,0.0015585202027750215
categorical__industry_description_masonrycontractors,0.0015328174713618518
categorical__industry_description_discountdepartmentstores,0.0015141061111655961
categorical__industry_description_doorsdoorframesplasticsmanufacturing,0.0015088073889484358
categorical__industry_description_miningmachineryequipmentrepairmaintenanceservices,0.001497185461974516
categorical__industry_description_potholefillinghighwayroadstreetbridge,0.001471278351363038
categorical__industry_description_buildinglotsubdividing,0.0014676026134409434
categorical__industry_description_aircowlssheetmetalexceptstampingsmanufacturing,0.0014588462283688533
categorical__industry_description_utilitylineesewerwaterconstruction,0.0014446738112756253
categorical__industry_description_officemanagementservices,0.001441993547335786
categorical__industry_description_boatdealers,0.0014410185806733105
categorical__industry_description_constructionmanagementpowercommunicationtransmissionline,0.001428364275471419
categorical__industry_description_janitorialservices,0.0014280301431695832
categorical__industry_description_foampolystyreneproductsmanufacturing,0.0014226251776817335
categorical__industry_description_aluminumcoatingmetalproductstrade,0.0014209197247198812
categorical__industry_description_homehealthcareagencies,0.0014189256025218203
categorical__state_wi,0.0014027976788879204
categorical__industry_description_fooddistributionwarehouse,0.0014016635682825606
categorical__industry_description_boilerheatinginstallation,0.0013958221668362014
categorical__industry_description_alternativefuelsdirectselling,0.001394756239230583
categorical__state_nm,0.001384139079288057
categorical__industry_description_computernetworkcableinstallation,0.0013728565097003973
categorical__industry_description_pumpingstationwatersewagesystemconstruction,0.001357085620979525
categorical__industry_description_retailstore,0.001349185031856784
categorical__industry_description_transportationotr,0.0013455765188784164
categorical__state_pa,0.0013310934606515384
categorical__industry_description_pollockfishing,0.0013280392630752578
categorical__industry_description_watersewerlinerelatedstructuresconstruction,0.0013241226554456514
categorical__industry_description_automobilesassemblingchassisownmanufacture,0.001312106525563096
categorical__industry_description_bathtubsplasticsmanufacturing,0.0012958219685463043
categorical__state_ia,0.0012956478831145923
categorical__industry_description_sewagetreatmentplantsfacilities,0.0012614293015974108
categorical__industry_description_licensingtransportationequipmentfacilitiesservices,0.0012463970904717653
categorical__industry_description_othernonhazardouswastetreatmentdisposal,0.001244365510903904
categorical__industry_description_readymixconcretemanufacturingdistributing,0.0012432394293374945
categorical__state_va,0.001216695306565765
categorical__industry_description_distributionlinesewerwaterconstruction,0.0012075584092410164
categorical__industry_description_supermarkets,0.0012038054854176627
categorical__industry_description_policedepartmentsexceptamericanindianalaskanative,0.0011975058587317927
categorical__industry_description_additionalterationrenovationgeneralcontractorscommercialinstitutionalbuilding,0.001195230032473535
categorical__industry_description_insurancecarrierspropertycasualtydirect,0.0011774399652523687
categorical__industry_description_intellectualdevelopmentaldisabilityfacilitieseghomeshospitalsintermediatecarefacilitiesresidential,0.0011750030776174372
categorical__state_fl,0.0011727802776959507
categorical__industry_description_metalmotorvehiclebodypartsstamping,0.0011702175486349102
categorical__industry_description_truckbodiesassemblingpurchasedchassis,0.001159557710727301
categorical__industry_description_electricalcontractors,0.0011549215565642588
categorical__industry_description_panelssoftwoodplywoodmanufacturing,0.0011536859342861834
categorical__industry_description_aluminumcastingsexceptdiecastingsunfinishedmanufacturing,0.0011490607972755142
categorical__industry_description_foodservicecontractors,0.0011322378599455817
categorical__industry_description_supermarket,0.0011305538693214597
categorical__industry_description_grouphomesintellectualdevelopmentaldisability,0.001125900322060191
categorical__industry_description_fullservicerestaurants,0.001118216543493787
categorical__industry_description_sitepreparationcontractors,0.0011159466118577416
categorical__industry_description_repairhighwayroadstreetbridgeairportrunway,0.0011049773108228603
categorical__industry_description_automobiledealersnewonlynewused,0.001066838762677022
categorical__industry_description_heavytrucksassemblingchassisownmanufacture,0.0010577232913203858
categorical__industry_description_motorvehiclemerchantwholesalers,0.0010542657583024508
categorical__industry_description_oilrefineryconstruction,0.001044640034461643
categorical__industry_description_servicesfacilitiessupport,0.0010407808363658492
categorical__industry_description_freighttransportation,0.001030931460528456
categorical__industry_description_dehydratingpotatoproductsegflakesgranules,0.0010192097637671857
categorical__industry_description_erectingstructuralsteel,0.0010151828945263687
categorical__industry_description_architecturalwallpanelsprecastconcretemanufacturing,0.0010150242670865619
categorical__industry_description_backfillingconstruction,0.0010149628385919365
categorical__industry_description_dimensionlumberhardwoodmadelogsbolts,0.0010101873596464579
categorical__industry_description_agriculturalchemicalsmerchantwholesalers,0.0009977158203914678
categorical__industry_description_oilgasfieldservices,0.0009972155122467475
categorical__state_ga,0.0009748382168511032
categorical__industry_description_treebrushtrimmingoverheadutilityline,0.0009742265543775788
categorical__industry_description_construction,0.0009708163612671427
categorical__state_ar,0.0009705794864162297
categorical__industry_description_transportationwarehousing,0.0009691023633555984
categorical__state_ky,0.0009583377441343338
categorical__industry_description_commercialbuildingconstructiongeneralcontractors,0.0009574843679305297
categorical__industry_description_beefproducedslaughteringplants,0.0009548377778264213
categorical__industry_description_bulkliquidstruckinglongdistance,0.0009542691927662396
categorical__industry_description_hotels,0.0009486852702270288
categorical__industry_description_shiprepairdoneshipyard,0.0009424701694919524
categorical__industry_description_bridgeconstruction,0.0009378787246045268
categorical__industry_description_oilpipelineconstruction,0.0009368306253667299
categorical__industry_description_generalwarehousingstorage,0.000936604244579184
categorical__industry_description_coalhaulingtrucklocal,0.0009328266454557634
categorical__industry_description_alloysteelmanufacturer,0.0009299393129288849
categorical__industry_description_compressormeteringpumpingstationgasoilpipelineconstruction,0.0009271200176301889
categorical__industry_description_garbagecollectionservices,0.0009240698270678028
categorical__industry_description_barrelheadingstavesmanufacturing,0.000922039086036664
categorical__industry_description_freshfruitsvegetablesberriesmerchantwholesalers,0.0009099028822681445
categorical__industry_description_telecommunicationscarrierswired,0.000908037433830377
categorical__industry_description_refusecollectionservices,0.0009053780492667707
categorical__industry_description_containertruckingserviceslongdistancetl,0.0008983878733001776
categorical__industry_description_ashcollectionservices,0.0008963376160312054
categorical__industry_description_furniturestoreseghouseholdofficeoutdoor,0.0008884935920420285
categorical__industry_description_buildinginspectionsgovernment,0.0008883758347521045
categorical__industry_description_motorvehiclemetalpartsstamping,0.0008838037181332868
categorical__industry_description_navalshipbuilding,0.0008786430748934184
categorical__industry_description_marinecargohandling,0.0008745514954317989
categorical__industry_description_generalmedicalsurgicalhospitals,0.0008661250163180072
categorical__industry_description_courierservicesexceptair,0.0008653778777806458
categorical__industry_description_grainfieldbeanmerchantwholesalers,0.0008644783246807346
categorical__industry_description_industrialchemicalsmerchantwholesalers,0.0008619131271533294
categorical__industry_description_trucktrailermanufacturing,0.0008590684632835562
categorical__state_id,0.0008474000680031355
categorical__industry_description_marinecargohandlingservices,0.0008447845370304381
categorical__industry_description_centralmixedconcretemanufacturing,0.0008412695983430271
categorical__industry_description_beveragesalcoholicexceptdistilledspiritswinemerchantwholesalers,0.0008313386786909144
categorical__industry_description_automobilecarriertruckinglongdistance,0.0008290783681698625
categorical__industry_description_automotivepartsaccessoriesstores,0.0008283125635470625
categorical__industry_description_couriersexpressdeliveryservices,0.0008245816833105814
categorical__industry_description_acidoilsmadepetroleumrefineries,0.000822656163043288
categorical__industry_description_ironfoundries,0.0008226256057226068
categorical__industry_description_paintingwallpapering,0.0008127936387918421
categorical__industry_description_specializedfreightexceptusedgoodstruckinglocal,0.0008122582444766243
categorical__industry_description_convalescenthomesconvalescenthospitalsexceptpsychiatric,0.0008108909176840405
categorical__industry_description_bagopeningfillingclosingmachinesmanufacturing,0.0008104296083320143
categorical__industry_description_lifttrucksindustrialmerchantwholesalers,0.0008066960424254813
categorical__industry_description_ironworkstructuralcontractors,0.000804700168307429
categorical__state_pr,0.0008028637684514401
categorical__state_nj,0.0007945187121873598
categorical__industry_description_streetconstruction,0.0007895354531968014
categorical__industry_description_beveragecontainersglassmanufacturing,0.0007872262008475347
categorical__industry_description_hospitalsgeneralmedicalsurgical,0.0007812648928363522
categorical__industry_description_generalpublicadministration,0.0007763126092755366
categorical__industry_description_healthinsurancecarriersdirect,0.0007749997025997407
categorical__industry_description_bakeryproductsdryegbiscuitscookiescrackersmanufacturing,0.0007706756056743172
categorical__industry_description_naturalsciencemuseums,0.0007685648834937223
categorical__industry_description_containertruckingserviceslocal,0.0007656181265063588
categorical__industry_description_treetrimmingservices,0.0007646917570137006
categorical__industry_description_grassmowingequipmentpoweredlawngardenmanufacturing,0.0007641508705750162
categorical__industry_description_caissonedrilledbuildingfoundationsconstruction,0.0007636487648513863
categorical__state_il,0.0007607230215867128
categorical__industry_description_beansdrymerchantwholesalers,0.0007604444134764594
categorical__industry_description_landscapecaremaintenanceservices,0.0007531736694519793
categorical__industry_description_airambulanceservices,0.0007509573820365
categorical__industry_description_automobileauctionswholesale,0.0007384021101495769
categorical__industry_description_airconditioningwarmairheatingcombinationunitsmanufacturing,0.0007378927193299431
categorical__state_de,0.0007329965236053444
categorical__industry_description_bulkstoragetanksheavygaugemetalmanufacturing,0.0007297007004333314
categorical__industry_description_automobileothermotorvehiclemerchantwholesalers,0.0007274335046095248
categorical__industry_description_railroadcarscarequipmentmanufacturing,0.0007272282606239751
categorical__industry_description_otheranimalfoodmanufacturing,0.0007230802949110382
categorical__industry_description_utilitycompany,0.0007230564434069109
categorical__industry_description_envelopepaperbulkmerchantwholesalers,0.0007174148820401568
categorical__industry_description_buildingstonemerchantwholesalers,0.0007151706794797914
categorical__industry_description_batterspreparedmadepurchasedflour,0.0007100018261317901
categorical__industry_description_carpetsrugsmadetextilematerials,0.0007087310030344802
categorical__industry_description_homehealthagencies,0.0007064583736726357
categorical__state_ne,0.0007033311521565521
categorical__industry_description_motelshotels,0.0006939446435719056
categorical__industry_description_industrialtruckegforkliftsrepairmaintenanceservices,0.0006895822191871403
categorical__industry_description_tanksheavygaugemetalmanufacturing,0.0006864627749304445
categorical__industry_description_foodpreparedperishablepackagedindividualresale,0.0006849152542403762
categorical__industry_description_hydroelectricpowergeneration,0.0006714388649683066
categorical__state_nv,0.0006688809409037512
categorical__industry_description_contractcarriercrewtransportation,0.0006681531335928196
categorical__industry_description_shipyardefacilitycapablebuildingships,0.0006564790724327319
categorical__industry_description_firedepartmentseggovernmentvolunteerexceptprivate,0.0006523599966134478
categorical__industry_description_metalproductsegbarsingotsplatesrodsshapessheetsmerchantwholesalers,0.0006443146907663444
categorical__industry_description_shoppingcenterenotoperatingcontainedbusinessesrentalleasing,0.0006405460211261
categorical__industry_description_stampingmetalmotorvehiclebodyparts,0.0006324339492754463
categorical__industry_description_localpublictransit,0.000630812422387195
categorical__industry_description_floorcoveringsmerchantwholesalers,0.0006272130807658176
categorical__industry_description_hotelmanagementserviceseprovidingmanagementoperatingstaffrunhotel,0.0006256978625751447
categorical__industry_description_commercialflexographicprintingexceptbooks,0.0006238133054139597
categorical__industry_description_acidplantconstruction,0.0006228654561535435
categorical__industry_description_generalstores,0.0006226287315461124
categorical__industry_description_drywallinstallation,0.000622566964531697
categorical__industry_description_sawmills,0.0006224571218707509
categorical__industry_description_electricalwork,0.000622343404825447
categorical__industry_description_canningfruitsvegetables,0.0006192520792045778
categorical__state_al,0.0006191058977463443
categorical__industry_description_petrochemicalplantconstruction,0.0006176037347102278
categorical__state_nd,0.0006169548692179482
categorical__industry_description_continuingcareretirementcommunities,0.0006164168577252033
categorical__industry_description_carpetrugmills,0.0006088406760162855
categorical__industry_description_industriallaunderers,0.0006072972237788126
categorical__industry_description_airpassengercarriersscheduled,0.0006046142684680035
categorical__industry_description_motorvehiclemoldingsextrusionsplasticsmanufacturing,0.0006036196289432223
categorical__industry_description_recyclablematerialsegglassmetalpapermerchantwholesalers,0.0005991762519328113
categorical__industry_description_cranesoverheadtravelingmanufacturing,0.0005946361111180183
categorical__industry_description_bridgepainting,0.0005741708809001321
categorical__industry_description_polyurethanefoamproductsmanufacturing,0.0005735853623269706
categorical__industry_description_othergroceryrelatedproductsmerchantwholesalers,0.0005725911002471622
categorical__industry_description_garbagehaulinglocal,0.0005721175582043005
categorical__industry_description_powdermetallurgyproductsmanufacturedjoborderbasis,0.0005679772428714378
categorical__industry_description_departmentstoresexceptdiscountdepartmentstores,0.0005679373590532442
categorical__industry_description_pavementhighwayroadstreetbridgeairportrunwayconstruction,0.0005617075596407985
categorical__industry_description_electricpowergenerationfossilfuelegcoaloilgas,0.0005609455495890328
categorical__industry_description_wholesalegrocer,0.0005559111131265888
categorical__industry_description_primerspaintmanufacturing,0.0005557860700499856
categorical__industry_description_roofmembraneinstallation,0.0005544158959956461
categorical__industry_description_tubemadedrawingextrudingpurchasedaluminum,0.0005473198969156572
categorical__industry_description_corporateoffices,0.0005338800236883173
categorical__industry_description_trusseswoodrooffloormanufacturing,0.0005322423079710146
categorical__industry_description_anodizingmetalsmetalproductstrade,0.0005305899295289774
categorical__industry_description_coldstoragewarehousing,0.0005284872614648839
categorical__industry_description_fruittreenutcombinationfarming,0.0005155216642489754
categorical__industry_description_watersupplysystems,0.0004995193566754888
categorical__industry_description_additionalterationrenovationsalebuilderscommercialinstitutionalbuilding,0.0004898366207463278
categorical__industry_description_cranerentaloperator,0.0004894037609955776
categorical__industry_description_bottlesplasticsmanufacturing,0.0004865634120863045
categorical__industry_description_motorfreightcarriergenerallongdistancelesstruckloadltl,0.0004801990341903436
categorical__industry_description_aluminumdiecastingsunfinishedmanufacturing,0.0004790946017939836
categorical__industry_description_telecommunications,0.000476905748805156
categorical__industry_description_dairycattlefarming,0.00047203791797369046
categorical__state_ms,0.0004707499505524659
categorical__industry_description_carpentryframing,0.0004705604144666134
categorical__industry_description_environmentalremediationservices,0.0004697504966738778
categorical__industry_description_steelmillproductsegbarplaterodsheetstructuralshapesmanufacturing,0.00046108090586365996
categorical__industry_description_trafficsignalinstallation,0.00045791737722065485
categorical__industry_description_hotelsresortcasinos,0.00045531804875007247
categorical__industry_description_steelmanufacturing,0.0004539111837238458
categorical__industry_description_cuttingdiesmetalworkingmanufacturing,0.0004519244512436847
categorical__industry_description_wasteexceptsolidhazardouscollectionservices,0.00044105592801194494
categorical__industry_description_concreteproductegstructuralprecaststructuralprestressedinstallation,0.00043976577420410453
categorical__industry_description_outpatienttreatmentcentersclinicsexcepthospitalssubstanceabuseealcoholismdrugaddiction,0.00043629495242890283
categorical__industry_description_scaffolderectingdismantling,0.00043218631292996074
categorical__industry_description_arboristservices,0.00042986412496886866
categorical__industry_description_elevatorescalatorinstallationmodernizaitonrepairmaintenance,0.0004251193093908253
categorical__industry_description_commercialprintingexceptscreenbooks,0.00041769532165623696
categorical__industry_description_verticaltransportationcompany,0.00041140301436857915
categorical__industry_description_metalscrapwastemerchantwholesalers,0.00040612279535495797
categorical__industry_description_masonrypointingcleaningcaulking,0.0003995344076195604
categorical__industry_description_buildingmaterialssupplydealers,0.00039760771952816363
categorical__industry_description_truckingspecializedfreightexceptusedgoodslocal,0.0003958382526662253
categorical__state_wa,0.0003946893005200244
categorical__industry_description_noncurrentcarryingwiringdevicemanufacturing,0.0003889483017924588
categorical__industry_description_usedmerchandisestores,0.00038374695278333717
categorical__industry_description_materialsrecoveryfacilitiesmrf,0.00038347136534282113
categorical__state_ut,0.0003624597914240813
categorical__industry_description_commercialbuildingconstruction,0.0003576436211037999
categorical__industry_description_electricpowerdistributionsystems,0.0003565240028674685
categorical__industry_description_transportation,0.0003497542300809726
categorical__industry_description_foundationbuildingpouredconcretecontractors,0.0003458927217064757
categorical__industry_description_buildingdemolition,0.000339848378316918
categorical__state_dc,0.0003317854401749921
categorical__industry_description_schoolbusservices,0.0003284616785429345
categorical__industry_description_tankerfuellocal,0.0003274810977354656
categorical__industry_description_softdrinkmanufacturing,0.000321461618637431
categorical__industry_description_publicutilityholdingcompanies,0.0003186842489632031
categorical__industry_description_multicraft,0.00030729589871783075
categorical__industry_description_homefurnishingsstores,0.00030504108449671554
categorical__industry_description_residentialconstructionmultifamilygeneralcontractors,0.000295354278828382
categorical__industry_description_singlefamilydetachednewhomeconstruction,0.0002949131037400531
categorical__industry_description_paintingtrafficlanesparkinglots,0.00029460449994685764
categorical__industry_description_cablenoninsulatedwiremadepurchasedwire,0.00029433039998599044
categorical__industry_description_guardservices,0.0002850787588410956
categorical__industry_description_deliveryserviceexceptpartintercitycarriernetworkuspostalservice,0.00027672118099552245
categorical__industry_description_warehousingstoragegeneralmerchandise,0.00027283549440610164
categorical__industry_description_generallinegroceriesmerchantwholesalers,0.00027218021627404697
categorical__industry_description_citytownmanagersoffices,0.00026914727342338464
categorical__industry_description_wholesalebuildingmaterials,0.0002688642144818669
categorical__industry_description_fluidmilkmanufacturing,0.0002623218561124033
categorical__industry_description_miscellaneousretailstoresnec,0.00026012792031104544
categorical__industry_description_resorthotelscasinos,0.00025938824929719616
categorical__industry_description_supportactivitiesoilgasoperations,0.00025635683046757596
categorical__industry_description_chickeneggstablehatchingproduction,0.00025544813965927955
categorical__industry_description_petroleumcrudeproductioneextraction,0.0002471039065017261
categorical__industry_description_homebuilderssale,0.00024153535388584134
categorical__industry_description_croissantsbakingmadecommercialbakeries,0.00023809355650023715
categorical__industry_description_prefabricatedcommercialbuildingerection,0.00023397431124185555
categorical__state_ak,0.0002335150463352181
categorical__industry_description_awningsrigidplasticsfiberglassmanufacturing,0.00023339106913234758
categorical__industry_description_busoperationschoolemployee,0.00023155317797109236
categorical__industry_description_motorfreightcarriergenerallocal,0.00022941731277127122
categorical__industry_description_machineshops,0.00022913677450819972
categorical__industry_description_automotivetiredealers,0.0002238952747790721
categorical__state_vt,0.00022212780855901366
categorical__industry_description_medicaltransport,0.00022169066336602368
categorical__industry_description_gasolinestationsconveniencestores,0.00022134410973643145
categorical__industry_description_thriftshopsusedmerchandise,0.00022072481839240766
categorical__industry_description_newcardealers,0.00021568871844752612
categorical__state_sd,0.00021545948060803746
categorical__industry_description_homecentersbuildingmaterials,0.00021444728064446818
categorical__industry_description_grocerystore,0.00021307364034337873
categorical__industry_description_cheeseexceptcottagecheesemanufacturing,0.00020123057932619576
categorical__industry_description_otherbuildingmaterialsdealers,0.00019631482433544973
categorical__industry_description_valvesplumbingheatingmerchantwholesalers,0.0001955704131305302
categorical__industry_description_janitorialcontractor,0.0001943180090537903
categorical__industry_description_structuralpestcontrol,0.00018831363645746755
categorical__industry_description_physicalscienceresearchdevelopmentlaboratoriesservicesexceptbiotechnologyresearchdevelopment,0.0001856450076720827
categorical__industry_description_industrialsuppliesmerchantwholesalers,0.0001709791711502462
categorical__industry_description_physicalfitnessfacilities,0.00016953861284276
categorical__industry_description_undergroundutilitylocating,0.00016922206327977643
categorical__industry_description_mechanicalcontractors,0.0001685301256415679
categorical__industry_description_commercialindustrialmachineryrepairmaintenanceservices,0.0001632927720678873
categorical__industry_description_elementarysecondaryschools,0.00015810801798069916
categorical__industry_description_fastfoodrestaurants,0.00015713290429924338
categorical__industry_description_departmentstores,0.00015547157854622613
categorical__industry_description_offsetprintingexceptbooksprintinggreygoods,0.00015288184421799228
categorical__industry_description_hospicecareserviceshome,0.0001517388905974403
categorical__industry_description_leadsmeltingrefiningprimary,0.000150485256176482
categorical__industry_description_commercialbakeries,0.00014846614109531012
categorical__industry_description_temporarystaffingservices,0.00014029743982280887
categorical__industry_description_retirementhomesnursingcare,0.00013512108178942764
categorical__industry_description_apartmentbuildingrentalleasing,0.00013146039967666806
categorical__industry_description_furniturehomefurnishingmerchantswholesaler,0.0001298416321739208
categorical__industry_description_ambulanceservicesairground,0.00012796176467032904
categorical__industry_description_housewaresstores,0.00011950353167201763
categorical__industry_description_manufacturing,0.00011785233688166292
categorical__industry_description_buildingcleaningservicesjanitorial,0.00011327959780458917
categorical__industry_description_grainelevatorsmerchantwholesalersgrain,0.00011264466429147205
categorical__industry_description_healthcare,0.0001122219805688936
categorical__industry_description_individualfamilysocialservicesmultipurpose,0.00011163110976340303
categorical__industry_description_assistedliving,0.00011035590712659889
categorical__industry_description_idresidential,0.00010746862292308588
categorical__industry_description_familyphysiciansofficesegcentersclinics,0.0001065118891691777
categorical__industry_description_constructionmachineryequipmentmerchantwholesalers,0.0001055731703487621
categorical__industry_description_agentsbrokersdurablegoodswholesaletrade,9.799992201441066e-05
categorical__industry_description_cottonginning,9.720065373364756e-05
categorical__industry_description_engineeringservices,9.644899383857943e-05
categorical__industry_description_heatingventilationairconditioninghvaccontractors,9.598226384409724e-05
categorical__industry_description_retirementcommunitiescontinuingcare,9.460778869318896e-05
categorical__industry_description_precisionturnedproductmanufacturing,9.354155648974208e-05
categorical__industry_description_boxescorrugatedsolidfibermadepurchasedpaperpaperboard,8.678795627843028e-05
categorical__industry_description_correctionalinstitutions,8.442583779211855e-05
categorical__industry_description_amusementparksegthemewater,8.348488564281713e-05
categorical__industry_description_hospitality,8.311966301413474e-05
categorical__industry_description_wiredtelecommunicationscarriers,7.983724352421994e-05
categorical__industry_description_retailfoodmarkets,7.881652101842683e-05
categorical__industry_description_drywallcontractors,7.721480022659806e-05
categorical__industry_description_hardwarestores,7.70006583689337e-05
categorical__industry_description_sheetmetalworkexceptstampingsmanufacturing,7.693661375302457e-05
categorical__industry_description_warehouseclubsupercenters,7.687370090843117e-05
categorical__industry_description_foodservices,7.631039005037658e-05
categorical__industry_description_operatorsapartmentbuildings,7.529887731352826e-05
categorical__industry_description_plumbingheatingcontractors,7.299914912292028e-05
categorical__industry_description_dataprocessingcomputerservices,7.131385414483627e-05
categorical__industry_description_chickeneggproduction,6.933003484293568e-05
categorical__industry_description_industriallaundry,6.818019179869071e-05
categorical__industry_description_usedhouseholdofficegoodsmoving,6.714089381206268e-05
categorical__state_wy,6.678500256668588e-05
categorical__industry_description_farmsuppliesmerchantwholesalers,6.398886902652489e-05
categorical__industry_description_centralizedadministrativeoffices,6.329505704200902e-05
categorical__industry_description_supermarketretail,6.194563881353121e-05
categorical__industry_description_furnitureappliancestoreseprimarilyretailingfurniture,6.183919979836315e-05
categorical__industry_description_hotelsmotels,5.8494683550491647e-05
categorical__industry_description_aircraftmaintenancerepairservicesexceptfactoryconversionfactoryoverhaulfactoryrebuilding,5.801343025986844e-05
categorical__industry_description_excavatingearthmovinglandclearingcontractors,5.6954631730983826e-05
categorical__industry_description_wholesaletiredistribution,5.6308566686964705e-05
categorical__industry_description_secondhandmerchandisestores,5.4815932902838967e-05
categorical__industry_description_farmsupplystores,5.3286817861935895e-05
categorical__industry_description_scheduledairtransportation,5.3128356399239375e-05
categorical__industry_description_excavationcontractors,5.2636731585850875e-05
categorical__industry_description_pharmaceuticalpreparationsegcapsuleslinimentsointmentstabletsmanufacturing,5.246673819142833e-05
categorical__industry_description_asphaltpavingehighwayroadstreetpublicsidewalk,5.2009986238627044e-05
categorical__industry_description_residentialcare,4.924497415981932e-05
categorical__industry_description_publicpropertymanagementservicesgovernment,4.917589077407991e-05
categorical__industry_description_collegesuniversitiesprofessionalschools,4.898772924574787e-05
categorical__industry_description_notprofit,4.830559485837034e-05
categorical__industry_description_dentallaboratories,4.807329939363985e-05
categorical__industry_description_skillednursingfacility,4.659451898757175e-05
categorical__industry_description_activitycentersdisabledpersonselderlypersonsdiagnosedintellectualdevelopmentaldisabilities,4.638540883163676e-05
categorical__industry_description_denaturedalcoholmanufacturing,4.6384802681245386e-05
categorical__industry_description_gradinghighwayroadstreetairportrunway,4.6149081954339224e-05
categorical__industry_description_metalsservicecenters,4.594062864652056e-05
categorical__industry_description_fitnesscenters,4.5914046978978285e-05
categorical__industry_description_bondedwarehousinggeneralmerchandise,4.5768759458510714e-05
categorical__industry_description_mentalhealthfacilitiesresidential,4.539906186118772e-05
categorical__industry_description_automobilerental,4.4975201602688396e-05
categorical__industry_description_vocationalrehabilitationhabilitationservicesegjobcounselingjobtrainingworkexperience,4.39695235714788e-05
categorical__industry_description_utility,4.279025545811846e-05
categorical__industry_description_mentalhealthfacility,4.1706818116036366e-05
categorical__industry_description_powergenerationfossilfuelegcoalgasoilelectric,4.0604927235684426e-05
categorical__industry_description_retailgrocerynotincludingconveniencestores,4.0570988858579825e-05
categorical__industry_description_plasmapheresiscollection,3.909284433860207e-05
categorical__industry_description_cellularphonetowerconstruction,3.848935393828555e-05
categorical__industry_description_familyrestaurantsfullservice,3.81626245515813e-05
categorical__industry_description_affordablehousinghealthcare,3.7263601732924385e-05
categorical__industry_description_curtainwallglassinstallation,3.6779267301353796e-05
categorical__industry_description_customerservicecallcenters,3.677419030053144e-05
categorical__industry_description_supermarketsothergrocerystores,3.393961335010356e-05
categorical__industry_description_motels,3.390571561253945e-05
categorical__industry_description_buildingcleaningmaintenance,3.327344136824165e-05
categorical__industry_description_emergencymedicaltransportationservicesairground,3.3175895773952606e-05
categorical__industry_description_fabricatedstructuralmetalmanufacturing,3.260480280020671e-05
categorical__industry_description_casinosexceptcasinohotels,3.2562482657245305e-05
categorical__industry_description_supportactivitiesairtransportation,3.0830254494880825e-05
categorical__industry_description_bagsplasticsfilmsinglewallmultiwallmanufacturing,3.0409671474579698e-05
categorical__industry_description_aircraftassembliessubassembliespartsexceptenginesmanufacturing,3.0204259379458654e-05
categorical__industry_description_milkproductiondairycattle,2.982148353755043e-05
categorical__industry_description_otherheavycivilengineeringconstruction,2.9653461379854368e-05
categorical__industry_description_animalfeedmillsexceptdogcatmanufacturing,2.833768814089671e-05
categorical__industry_description_freightforwarding,2.8306140200370285e-05
categorical__industry_description_foodmachineryrepairmaintenanceservices,2.7952827767692887e-05
categorical__industry_description_cafeteriafoodservicescontractors,2.7547259107507747e-05
categorical__industry_description_commissariesprimarilygroceries,2.7344285871360998e-05
categorical__industry_description_hogpigincludingbreedingfarrowingnurseryfinishingactivitiesfarming,2.6974409153949856e-05
categorical__industry_description_lowsloperoofinginstallation,2.694312576475844e-05
categorical__industry_description_computersystemsintegrationdesignconsultingservices,2.6664121119369966e-05
categorical__industry_description_electricpowercontrol,2.6505807485866466e-05
categorical__industry_description_conveniencestore,2.6363226185951013e-05
categorical__industry_description_computersystemsintegrationanalysisdesignservices,2.5901410012467003e-05
categorical__industry_description_tiredealersautomotive,2.583915984761078e-05
categorical__industry_description_generalmerchandisedurablegoodsmerchantwholesalers,2.5355496164171665e-05
categorical__industry_description_translationinterpretationservices,2.5029943418891708e-05
categorical__industry_description_communityhealthcentersclinicsoutpatient,2.4793067450186425e-05
categorical__industry_description_beltconveyorsystemsmanufacturing,2.4766304768985154e-05
categorical__industry_description_airconditioningsystemexceptwindowinstallation,2.412202673749436e-05
categorical__industry_description_warehouseclubsupercentersonestopshopcanincludefuel,2.3937911274965936e-05
categorical__industry_description_automotiverepairreplacementshopsgeneral,2.381332005216208e-05
categorical__industry_description_restaurantsfullservice,2.3696586314152182e-05
categorical__industry_description_localletterparceldeliveryservicespartintercitycouriernetwork,2.3470397996408122e-05
categorical__industry_description_naturalgasutility,2.3179871615496944e-05
categorical__industry_description_generalservicesdepartmentsgovernment,2.3063850265526382e-05
categorical__industry_description_jobstampingsautomotivemetalmanufacturing,2.2616003104149965e-05
categorical__industry_description_utilities,2.2556893088098567e-05
categorical__industry_description_motorfreightcarriergenerallongdistancetruckloadtl,2.180315701544261e-05
categorical__industry_description_foodconcessioncontractorsegconventionfacilitiesentertainmentfacilitiessportingfacilities,2.1482417597345764e-05
categorical__industry_description_courierserviceseintercitynetworkexceptestablishmentsoperatingunderuniversalserviceobligation,1.9796067006988372e-05
categorical__industry_description_motorvehiclepartsusedmerchantwholesalers,1.9750863962037704e-05
categorical__industry_description_nonprofit,1.972509609433179e-05
categorical__industry_description_customcompoundingeblendingmixingpurchasedplasticsresins,1.9517478576687112e-05
categorical__industry_description_behavioralhealth,1.9217379147653217e-05
categorical__industry_description_scheduleairservice,1.916632983598222e-05
categorical__industry_description_cablenonferrousinsulatedarmoredmadepurchasednonferrouswire,1.915884373310886e-05
categorical__industry_description_alternativeenergyeggeothermaloceanwavesolarwindstructureconstruction,1.9046128810096257e-05
categorical__industry_description_residentialintellectualdevelopmentaldisabilityfacilities,1.8982359834019913e-05
categorical__industry_description_automotivepartsnewmerchantwholesalers,1.8808852281834537e-05
categorical__industry_description_drillinggasoilfieldwellscontractbasis,1.8431085163258376e-05
categorical__industry_description_printinginksmanufacturing,1.7681987623324626e-05
categorical__industry_description_administrativemanagementservices,1.7543028465204868e-05
categorical__industry_description_statedepartment,1.7525504481837505e-05
categorical__industry_description_roofingsidinginsulationmaterialswholesa,1.7420758751965753e-05
categorical__industry_description_electricpowergenerationnuclear,1.7340549635161782e-05
categorical__industry_description_furniturestore,1.706437667726642e-05
categorical__industry_description_commercialinstitutionalbuildingconstruction,1.697372212450181e-05
categorical__industry_description_store,1.6936621501931288e-05
categorical__industry_description_commercialprinter,1.689488572572421e-05
categorical__industry_description_buildingmaterialsegfasciapanelssidingsoffitplasticsmanufacturing,1.6744788950727568e-05
categorical__industry_description_plateworkegbendingcuttingpunchingshapingweldingfabricatedmetalmanufacturing,1.6446669034961673e-05
categorical__industry_description_electriccontracting,1.6416615250691316e-05
categorical__industry_description_glazingcontractors,1.6410616671209293e-05
categorical__industry_description_merchantwholesalersdurablegoods,1.6020015035006632e-05
categorical__industry_description_potatochipsmanufacturing,1.5375653766082924e-05
categorical__industry_description_dentaloffice,1.5241287345539442e-05
categorical__industry_description_propertymanagement,1.5110672795967678e-05
categorical__industry_description_hvacheatingventilationairconditioningcontractors,1.5007486858780159e-05
categorical__industry_description_groceriesgenerallinemerchantwholesalers,1.4946842698987262e-05
categorical__industry_description_constructionmachineryequipmentrepairmaintenanceservices,1.4534069597978605e-05
categorical__industry_description_constructionmaterialsalesdistribution,1.424437832906457e-05
categorical__industry_description_industrialcleaning,1.4232007617939388e-05
categorical__industry_description_longdistancetelephonecarrierswired,1.408290192878327e-05
categorical__industry_description_hospitalsspecialtyexceptpsychiatricsubstanceabuse,1.3964394923053771e-05
categorical__industry_description_retailsupermarkets,1.3883581447519726e-05
categorical__industry_description_industrialgasesmanufacturing,1.3652303929932914e-05
categorical__industry_description_engineeringconsultingservices,1.3581933721571867e-05
categorical__industry_description_buildingsprefabricatedmetalmanufacturing,1.3039814612234364e-05
categorical__industry_description_naturalgasdistribution,1.2644744333929773e-05
categorical__industry_description_jobtrainingvocationalrehabilitationhabilitation,1.2181627736529452e-05
categorical__industry_description_lessorsresidentialbuildingsdwellings,1.2141813509659037e-05
categorical__industry_description_motorvehicleinteriorsystemsegheadlinerspanelsseatstrimsmanufacturing,1.2027113701879994e-05
categorical__industry_description_cablelayingegcabletelevisionelectricitymarinetelephoneincludingunderground,1.1920597291181617e-05
categorical__industry_description_publicdefendersoffices,1.1861749509067226e-05
categorical__industry_description_privatewarehousingstoragegeneralmerchandise,1.1821850637130102e-05
categorical__industry_description_plumbingsuppliesmerchantwholesalers,1.1633029700996396e-05
categorical__industry_description_rehabilitationhospitalsexceptalcoholismdrugaddiction,1.127683442283226e-05
categorical__industry_description_beefcattlefeedlotsexceptstockyardstransportation,1.088503188535477e-05
categorical__industry_description_truckstops,1.0596086033884815e-05
categorical__industry_description_mushroomfarming,1.046370632868537e-05
categorical__industry_description_packagingservicesexceptpackingcratingtransportation,1.043947480720236e-05
categorical__industry_description_roofingsidinginsulationmaterialwholesale,1.034881451185255e-05
categorical__industry_description_ambulatorysurgicalcentersclinicsfreestanding,1.031351551601063e-05
categorical__industry_description_db,1.0087532177744325e-05
categorical__industry_description_acutecarefacility,9.896393963728702e-06
categorical__industry_description_mdsmedicaldoctorsexceptmentalhealthofficesegcentersclinics,9.860246666508681e-06
categorical__industry_description_electricalelectricalwiringlowvoltageelectricalwork,9.760337530761697e-06
categorical__industry_description_oilfieldservices,9.753806679064553e-06
categorical__industry_description_physicalrehabilitationhospitals,9.729609138794733e-06
categorical__industry_description_generalgovernment,9.549445814411152e-06
categorical__industry_description_poultryegcannedcookedfreshfrozenprocessing,9.522648137407235e-06
categorical__industry_description_constructionmanagementcommercialinstitutionalbuilding,9.20733483500127e-06
categorical__industry_description_securityservices,9.198832901806018e-06
categorical__industry_description_multifamilypropertymanagement,9.147710116708964e-06
categorical__industry_description_academieselementarysecondary,9.11509294653462e-06
categorical__industry_description_physiciansexceptmentalhealthofficesegcentersclinics,8.924427700091753e-06
categorical__industry_description_pestcontrol,8.8888991949323e-06
categorical__industry_description_bedstoresretail,8.777009946133429e-06
categorical__industry_description_humanservices,8.652870775706245e-06
categorical__industry_description_boltsmetalmanufacturing,8.606385766144542e-06
categorical__industry_description_electricpowertransmissionsystems,8.522885283448358e-06
categorical__industry_description_generalwarehousing,8.49071318753982e-06
categorical__industry_description_traveltrailersrecreationalmanufacturing,8.432923927044064e-06
categorical__industry_description_hospitalhealthcare,8.363554537891292e-06
categorical__industry_description_cabinetskitchenexceptfreestandingstockcustomwoodmanufacturing,8.305372510392042e-06
categorical__industry_description_oilgasfieldservicesexceptcontractdrillingsitepreparationrelatedconstructioncontractoractivitiescontractbasis,8.180786476351687e-06
categorical__industry_description_allothermotorvehicledealers,8.17727121361034e-06
categorical__industry_description_process,8.02206700112855e-06
categorical__industry_description_academiescollegeuniversity,7.949061965286082e-06
categorical__industry_description_airportbaggagehandlingservices,7.90930234738432e-06
categorical__industry_description_quicklubeshops,7.802304303071393e-06
categorical__industry_description_transportationaircarriers,7.749648281086482e-06
categorical__industry_description_electricalconstruction,7.654962656861355e-06
categorical__industry_description_cafeteriafoodservicescontractorseggovernmentofficecafeteriashospitalcafeteriasschoolcafeterias,7.388571572920754e-06
categorical__industry_description_mentalhealthcentersclinicsexcepthospitalsoutpatient,7.354498887673812e-06
categorical__industry_description_chickensprocessingfreshfrozencannedcookedexceptbabypetfood,7.145376676932203e-06
categorical__industry_description_alpineskiingfacilitiesaccommodationseskiresort,7.139399741158893e-06
categorical__industry_description_residentialmentalhealthsubstanceabusefacilities,7.010184104896616e-06
categorical__industry_description_electricpowergenerationtidal,6.987442555925349e-06
categorical__industry_description_foodbeveragemanagementservices,6.823884613122028e-06
categorical__industry_description_peanutshelling,6.570744032840285e-06
categorical__industry_description_structuralsteelfabricatedmanufacturing,6.4711329536490265e-06
categorical__industry_description_automotivesupplies,6.418211487052961e-06
categorical__industry_description_scheduledpassengerairtransportation,6.416813958260901e-06
categorical__industry_description_pestcontrolexceptagriculturalforestryservices,6.36547142582618e-06
categorical__industry_description_aircraftengineenginepartsexceptcarburetorspistonspistonringsvalvesmanufacturing,6.356068808912794e-06
categorical__industry_description_corrugatedsolidfiberboxesmadepurchasedpaperpaperboard,6.1538199765989115e-06
categorical__industry_description_condominiumsinglefamilyconstructiongeneralcontractors,6.128749780594242e-06
categorical__industry_description_coldrollingsteelshapesegbarplaterodsheetstripmadepurchasedsteel,6.066401932945844e-06
categorical__industry_description_communitybasedservices,6.0215769646502206e-06
categorical__industry_description_healthalliedservicesnotelsewhereclassified,6.005911245440645e-06
categorical__industry_description_constructionmanagementoilgaspipeline,6.0027723571932225e-06
categorical__industry_description_othergeneralgovernmentsupport,5.978949633707166e-06
categorical__industry_description_truckingspecializedfreightexceptusedgoodslongdistance,5.818755324167415e-06
categorical__industry_description_plumbingcontractors,5.7961966374916044e-06
categorical__industry_description_gasesindustrialecompressedliquefiedsolidmanufacturing,5.775913596212001e-06
categorical__industry_description_aircraftmanufacturing,5.690334191960387e-06
categorical__industry_description_brakebrakepartsautomotivetruckbusmanufacturing,5.653719604518204e-06
categorical__industry_description_distributionnaturalgas,5.632054389956601e-06
categorical__industry_description_medicalequipment,5.581164767609991e-06
categorical__industry_description_grouphomesdisablednursingcare,5.574273285405273e-06
categorical__industry_description_printedcircuitassembliesmanufacturing,5.361209482189962e-06
categorical__industry_description_asphaltpavinginstallation,5.291033353555611e-06
categorical__industry_description_industrialequipmentmachineryrepairmaintenanceservices,5.270178658971834e-06
categorical__industry_description_serviceselderlypersonsdisabili,5.177998748866282e-06
categorical__industry_description_corporatesubsidiaryregionalmanagingoffices,5.174753654618504e-06
categorical__industry_description_truckrepairshopsgeneral,5.129733326651007e-06
categorical__industry_description_satellitedishhouseholdtypeinstallation,5.106413160917249e-06
categorical__industry_description_plantpottedflowerfoliagegrowing,5.092835581851875e-06
categorical__industry_description_watertreatmentplants,5.048764662290424e-06
categorical__industry_description_facilitiessupportservices,4.949460371159373e-06
categorical__industry_description_housingmultifamilyconstructiongeneralcontractors,4.93864530962412e-06
categorical__industry_description_asphaltroofshingleinstallation,4.9372125196211844e-06
categorical__industry_description_roofingallkindscommercial,4.891241295822415e-06
categorical__industry_description_mayorsoffices,4.891043891399386e-06
categorical__industry_description_schooldistrictselementarysecondary,4.763498674566007e-06
categorical__industry_description_urbantransitsystems,4.726681267931448e-06
categorical__industry_description_industrialmachineryequipmentexceptelectricalmerchantwholesalers,4.684932463060509e-06
categorical__industry_description_fertilizersmixedmadeplantsproducingnitrogenousfertilizermaterials,4.544363144015361e-06
categorical__industry_description_legalcounselofficesgovernment,4.495348878989134e-06
categorical__industry_description_homecareelderlymedical,4.481184610811912e-06
categorical__industry_description_printing,4.458067775399377e-06
categorical__industry_description_varietystores,4.452097921510335e-06
categorical__industry_description_hospicecare,4.370136479323957e-06
categorical__industry_description_refinedpetroleumproductspipelinetransportation,4.299246015676214e-06
categorical__industry_description_scheduledairservice,4.284371822533441e-06
categorical__industry_description_fieldnurseriesegrowingflowersshrubbery,4.1824349395601494e-06
categorical__industry_description_electricaldistribution,4.159048144277277e-06
categorical__industry_description_bottleswastemerchantwholesalers,4.149451418907486e-06
categorical__industry_description_stategovernment,4.115190257950403e-06
categorical__industry_description_filtersindustrialgenerallineexceptinternalcombustionenginewarmairfurnacemanufacturing,4.056190525374489e-06
categorical__industry_description_homeservideinstallationservices,4.051127091483727e-06
categorical__industry_description_collegescommunity,4.049147336854362e-06
categorical__industry_description_milkfluidexceptcannedmanufacturing,4.032881274396532e-06
categorical__industry_description_poultryslaughteringdressingpacking,3.950556770261861e-06
categorical__industry_description_constructionmachinerymanufacturing,3.938509168234304e-06
categorical__industry_description_othercommunicationsequipmentmanufacturing,3.851516306925398e-06
categorical__industry_description_communityrecreationprogramsgovernment,3.8511606172689036e-06
categorical__industry_description_electricalequipmentwholsaler,3.81591804287984e-06
categorical__industry_description_casinohotels,3.7986303821392614e-06
categorical__industry_description_hardwareexceptmotorvehiclemerchantwholesalers,3.7709045698846926e-06
categorical__industry_description_metalsservicecentersoffices,3.7343244899374734e-06
categorical__industry_description_footingfoundationconcretecontractors,3.7260964735964904e-06
categorical__industry_description_commercialindustrialmachineryequipmentrepairmaintenance,3.695347105433234e-06
categorical__industry_description_ethanolnonpotablemanufacturing,3.6811544570065783e-06
categorical__industry_description_petroleumrefineries,3.679403723940214e-06
categorical__industry_description_computermanufacture,3.6564357395910164e-06
categorical__industry_description_bakeryproductsfreshebreadcakesdoughnutspastriesmadecommercialbakeries,3.6195153999451654e-06
categorical__industry_description_beveragessoftdrinkincludingartificiallycarbonatedwatersmanufacturing,3.5864693660302305e-06
categorical__industry_description_laboratorytestingservicesmedicalexceptradiologicalxray,3.561799643371656e-06
categorical__industry_description_potatofarmingfieldseedpotatoproduction,3.531919988368414e-06
categorical__industry_description_pipefabricatingebendingcuttingthreadingmadepurchasedmetalpipe,3.5310696545197256e-06
categorical__industry_description_anchoredearthretentioncontractors,3.5000614442510767e-06
categorical__industry_description_biotechnologyresearchdevelopmentlaboratoriesserviceshealthsciences,3.414409995624724e-06
categorical__industry_description_otheryouthfamilyservices,3.3898758234549634e-06
categorical__industry_description_carwashes,3.349375506249945e-06
categorical__industry_description_pizzaparlorslimitedservice,3.252361044974838e-06
categorical__industry_description_relayindustrialcontrolmanufacturing,3.205000408997004e-06
categorical__industry_description_watertreatmentdistribution,3.1693328018830964e-06
categorical__industry_description_industrialsupplies,3.145476709041907e-06
categorical__industry_description_electricpowertransmissionlinetowerconstruction,3.104354135780005e-06
categorical__industry_description_fossilfuelelectricpowergeneration,3.101328188302847e-06
categorical__industry_description_orangegroves,3.095125773416423e-06
categorical__industry_description_plasmacollection,3.0919307864098797e-06
categorical__industry_description_concreteproductsmanufacturing,3.0728034782576295e-06
categorical__industry_description_electricpowergeneration,3.0690771786961226e-06
categorical__industry_description_executiveofficesfederalstatelocaleggovernormayorpresident,3.064568734785922e-06
categorical__industry_description_trucking,3.062991314601135e-06
categorical__industry_description_commercialindustrialmachinieryequipment,3.0526455450353972e-06
categorical__industry_description_basefacilitiesoperationsupportservices,3.0357632894123042e-06
categorical__industry_description_mixedmodetransitsystemsegbuscommuterrailsubwaycombinations,3.0343464526661807e-06
categorical__industry_description_firesprinklersysteminstallation,3.0094787599398367e-06
categorical__industry_description_bowlsbowlcoversplasticsmanufacturing,3.0001380600651634e-06
categorical__industry_description_transmissionelectricpower,2.9942763344554142e-06
categorical__industry_description_tubeegheavyrivetedlockjointseamlessweldedmadepurchasedironsteel,2.9809231137470505e-06
categorical__industry_description_k12school,2.9425545911556268e-06
categorical__industry_description_detergentsegdishwashingindustriallaundrymanufacturing,2.8909350176120516e-06
categorical__industry_description_assemblyplantspassengercarchassisownmanufacture,2.8805193957397862e-06
categorical__industry_description_concretesawingdrillingexceptdemolition,2.8753771200877565e-06
categorical__industry_description_printshopsdigitalexceptprintingbooks,2.852925555810278e-06
categorical__industry_description_frozenpizzamanufacturing,2.810680262936036e-06
categorical__industry_description_dogcatfoodegcanneddryfrozensemimoistmanufacturing,2.803831733934676e-06
categorical__industry_description_distributioncenter,2.7369016874157105e-06
categorical__industry_description_mutualsavingsbanks,2.7124324553064423e-06
categorical__industry_description_prisons,2.7078538440162654e-06
categorical__industry_description_breadbreadtyperollsmadecommercialbakeries,2.629658798598237e-06
categorical__industry_description_carwash,2.6278064450734793e-06
categorical__industry_description_habilitationjobcounselingtrainingvocational,2.6239963419947e-06
categorical__industry_description_concretereinforcingbarrebarassembliesfabrication,2.6149583821605097e-06
categorical__industry_description_substanceabusefacilitiesresidential,2.6021733777004612e-06
categorical__industry_description_vegetablesfrozenmanufacturing,2.5848866237415065e-06
categorical__industry_description_wiredtelecommunications,2.575146639862882e-06
categorical__industry_description_brakefluidspetroleummaderefinedpetroleum,2.5427821394405462e-06
categorical__industry_description_waterproofingcontractors,2.531416265958537e-06
categorical__industry_description_sulfuricacidmanufacturing,2.5261718275059027e-06
categorical__industry_description_highwaystreetbridgeconstruction,2.5222069333323798e-06
categorical__industry_description_highschools,2.5057577528264067e-06
categorical__industry_description_chickensslaughteringdressing,2.4767136074606553e-06
categorical__industry_description_hospice,2.4425617923826213e-06
categorical__industry_description_assemblylinerebuildingautomotivetruckbustransmissions,2.3725862340434123e-06
categorical__industry_description_traveleraccomdations,2.36768707717697e-06
categorical__industry_description_clinicscentershealthpractitionersmoreoneindustrypracticingwithinsameestablishment,2.3611807607290506e-06
categorical__industry_description_conviencestore,2.3443236397757403e-06
categorical__industry_description_bloodorganbank,2.329615780566157e-06
categorical__industry_description_homeshealthcareintellectualdevelopmentaldisability,2.3072392320512575e-06
categorical__industry_description_homeselderlynursingcare,2.2611406001597938e-06
categorical__industry_description_generalautomotiverepairofficeduties,2.2430072928837973e-06
categorical__industry_description_beveragesfruitvegetablejuicemanufacturing,2.233725632535532e-06
categorical__industry_description_transfertruckingservicesgeneralfreightlocal,2.2288029154196767e-06
categorical__industry_description_directionaldrillingoilgaswellscontractbasis,2.210657373164528e-06
categorical__industry_description_automotivedetailingservicesecleaningpolishing,2.187596297402468e-06
categorical__industry_description_tiresegpneumaticsemipneumaticsolidrubbermanufacturing,2.183752156192858e-06
categorical__industry_description_petfooddogcatmanufacturing,2.1371683758090586e-06
categorical__industry_description_skillednursingcarefacilities,2.1126157690290365e-06
categorical__industry_description_officeadministrativeservices,2.1032462904868157e-06
categorical__industry_description_lessorsrealestate,2.0996119138584815e-06
categorical__industry_description_cheesenaturalexceptcottagecheesemanufacturing,2.0976942253406965e-06
categorical__industry_description_grainmerchantwholesalers,2.087148427680393e-06
categorical__industry_description_surfacinghighwayroadstreetbridgeairportrunway,2.0641320306470593e-06
categorical__industry_description_hotelmanagementservices,2.0401014981081236e-06
categorical__industry_description_packagingmachinerymanufacturing,2.012965535721705e-06
categorical__industry_description_turkeyproduction,1.9315839290386716e-06
categorical__industry_description_structuralmembersgluelaminatedpreengineeredwoodmanufacturing,1.9275058833891833e-06
categorical__industry_description_outpatientmentalhealthcentersclinicsexcepthospitals,1.896958017555438e-06
categorical__industry_description_tanksstorageplasticsfiberglassmanufacturing,1.8840875281901597e-06
categorical__industry_description_machinebasesmetalmanufacturing,1.8822494418913921e-06
categorical__industry_description_marketingresearch,1.8807514593949914e-06
categorical__industry_description_familyrestaurantslimitedservice,1.8708022757514633e-06
categorical__industry_description_themeparksamusement,1.8620120522185381e-06
categorical__industry_description_nonferrousmetalshapesexceptaluminumcoppermaderollingdrawingextrudingpurchasednonferrousmetal,1.8535961642719177e-06
categorical__industry_description_consultingengineersoffices,1.8160292492196202e-06
categorical__industry_description_factorymaintenanceservices,1.8145078788874774e-06
categorical__industry_description_socialorganizationscivicfraternal,1.809613145131915e-06
categorical__industry_description_chickenhatcheries,1.8075586563356385e-06
categorical__industry_description_residentalpropertymanagers,1.7853947002940214e-06
categorical__industry_description_producefreshmerchantwholesalers,1.7780560523917254e-06
categorical__industry_description_orthopedicphysiciansofficesegcentersclinics,1.7739117040296834e-06
categorical__industry_description_petroleumpetroleumproductsmerchantwholesalersexceptbulkstationsterminals,1.768562001542058e-06
categorical__industry_description_citycountycourts,1.7657877475311845e-06
categorical__industry_description_motorvehiclemetalstampingsegbodypartsfendershubcapstopstrimmanufacturing,1.7648847105260592e-06
categorical__industry_description_carrental,1.7522765709731344e-06
categorical__industry_description_processedpoultrymanufacturing,1.741602281354423e-06
categorical__industry_description_conveniencefoodstores,1.7241151059864147e-06
categorical__industry_description_commercialpropertymanaging,1.7141352973945156e-06
categorical__industry_description_buildingcleaningservicesinterior,1.6970216645133327e-06
categorical__industry_description_flatglassegfloatplatemanufacturing,1.6861031212389874e-06
categorical__industry_description_bearingsmerchantwholesalers,1.6821996645791825e-06
categorical__industry_description_metalstampingsexceptautomotivecanscoinsunfinishedmanufacturing,1.6673403065571776e-06
categorical__industry_description_floortrusseswoodmanufacturing,1.654616013488443e-06
categorical__industry_description_shelteredworkshopseworkexperiencecenters,1.6222428865538713e-06
categorical__industry_description_hotel,1.593375527772241e-06
categorical__industry_description_truckinggeneralfreightlongdistancelesstruckloadltl,1.5871999610534541e-06
categorical__industry_description_publicwarehousingstoragerefrigerated,1.585437761158274e-06
categorical__industry_description_truckutilitytrainlerrvrentalleasing,1.5679363760855064e-06
categorical__industry_description_socialworkersmentalhealthofficesegcentersclinics,1.5336431211595478e-06
categorical__industry_description_agriculturalmachineryequipmentrepairmaintenanceservices,1.5334086179412728e-06
categorical__industry_description_intellectualdevelopmentaldisabilityhomes,1.529734228254235e-06
categorical__industry_description_bookstores,1.5119958223046777e-06
categorical__industry_description_623220residentialmentalhealthsubstanceabusefacilities,1.4904057439525723e-06
categorical__industry_description_companionservicesdisabledpersonselderlypersonsdiagnosedintellectualdevelopmentaldisabilities,1.440657358162427e-06
categorical__industry_description_rentalsaleshouseholdfurnitureapplianceselectronics,1.4306845999957144e-06
categorical__industry_description_woodwindowdoormanufacturing,1.381162172926828e-06
categorical__industry_description_collectiontreatmentdisposalwastethroughsewersystem,1.3735878818572685e-06
categorical__industry_description_academiesjuniorcollege,1.3680828383401723e-06
categorical__industry_description_filtrationplantwater,1.3631839387401803e-06
categorical__industry_description_constructionmanagementindustrialbuildingexceptwarehouses,1.3608443767601843e-06
categorical__industry_description_electricpowergenerationhydroelectric,1.3542008926127334e-06
categorical__industry_description_vocationalrehabilitationagencies,1.3241812534988997e-06
categorical__industry_description_broadwovenfabricsexceptrugstirefabricsweaving,1.3163755538739563e-06
categorical__industry_description_managerdevelopernonresidentialrealestate,1.3137529465401608e-06
categorical__industry_description_saltwaterdisposalsystemsoilgasfieldcontractbasis,1.309404342897985e-06
categorical__industry_description_assistedlivingfacility,1.3038441753608561e-06
categorical__industry_description_readymixconcrete,1.2920115591872356e-06
categorical__industry_description_dialysiscentersclinics,1.2833260468046352e-06
categorical__industry_description_customcomputerprogrammingservices,1.273756850020592e-06
categorical__industry_description_housekeepingservicesecleaningservices,1.2526755319220574e-06
categorical__industry_description_distribution,1.247987024144364e-06
categorical__industry_description_warehouseclubsefoodgeneralmerchandise,1.2396373692377396e-06
categorical__industry_description_communitydevelopmentagenciesgovernment,1.220119271017393e-06
categorical__industry_description_countycommissioners,1.2154618217431462e-06
categorical__industry_description_passengertransportation,1.2107048179962904e-06
categorical__industry_description_partsaccessoriesdealersautomotive,1.209854697583971e-06
categorical__industry_description_blendingcompoundingperfumebases,1.2097083932040315e-06
categorical__industry_description_heattreatingmetalsmetalproductstrade,1.1853297158606556e-06
categorical__industry_description_membershipassociationscivicsocial,1.1832901787350521e-06
categorical__industry_description_sheriffsofficesexceptcourtfunctionsonly,1.1761389329422357e-06
categorical__industry_description_gasnaturaldistribution,1.166127918906365e-06
categorical__industry_description_automotiveenginerepairreplacementshops,1.1583128244642729e-06
categorical__industry_description_localgovt,1.154175118674065e-06
categorical__industry_description_additionalterationrenovationgeneralcontractorsindustrialbuildingexceptwarehouses,1.148571587754982e-06
categorical__industry_description_airventinstallation,1.14529715082887e-06
categorical__industry_description_flexiblepackagingplasticsfilmmanufacturing,1.142204513806842e-06
categorical__industry_description_asphaltroofingshinglesmerchantwholesalers,1.1369346049548438e-06
categorical__industry_description_hospicesinpatientcare,1.1273406707850625e-06
categorical__industry_description_readymixconcretemanufacturing,1.1264723235764565e-06
categorical__industry_description_officemachineryequipmentrentalleasing,1.1104235184704404e-06
categorical__industry_description_forkliftrepairmaintenanceservices,1.1067012557069237e-06
categorical__industry_description_bulkliquidstruckinglocal,1.0577947071802931e-06
categorical__industry_description_environmentalconsultingservices,1.0535434495783167e-06
categorical__industry_description_winery,1.0533470883026113e-06
categorical__industry_description_busothermotorvehicletransitsystem,1.0513273511628565e-06
categorical__industry_description_socialservicecentersmultipurpose,1.0512656866778153e-06
categorical__industry_description_wholesaleretailaftermarketautomotiveparts,1.0401436942480889e-06
categorical__industry_description_wholesaledistributionhvacroofingmachinery,1.036670253701448e-06
categorical__industry_description_appliancessurgicalmerchantwholesalers,1.0321429605924094e-06
categorical__industry_description_biotechnologyresearchdevelopmentlaboratoriesservices,1.0254975191442412e-06
categorical__industry_description_casino,1.0250926468408942e-06
categorical__industry_description_445110supermarketsothergroceryexceptconveniencestores,1.0175917623353975e-06
categorical__industry_description_homecareelderlynonmedical,9.987589929688744e-07
categorical__industry_description_governmentbasefacilitiesoperationsupportservices,9.91218723420243e-07
categorical__industry_description_acidsmerchantwholesalers,9.870364587400249e-07
categorical__industry_description_residentialpropertymanaging,9.74481060893416e-07
categorical__industry_description_engieeringfirm,9.678947363332355e-07
categorical__industry_description_bakerymachineryequipmentmanufacturing,9.59777908565144e-07
categorical__industry_description_footwearmerchantwholesalers,9.538304872520103e-07
categorical__industry_description_miscellaneousmanufacturing,9.525369699669321e-07
categorical__industry_description_railroadconstruction,9.369146488739851e-07
categorical__industry_description_perforatingoilgaswellcasingscontractbasis,9.27281740590011e-07
categorical__industry_description_fueloiltruckjobbers,9.023460877618112e-07
categorical__industry_description_warehousedistribution,8.99536876754088e-07
categorical__industry_description_nursingcarefacilitiesskillednursingfacilities,8.971308333426424e-07
categorical__industry_description_creditunions,8.841668356940078e-07
categorical__industry_description_orthopedicequipmentsuppliesmerchantwholesalers,8.782299201089037e-07
categorical__industry_description_waterdistributionexceptirrigation,8.72254518695969e-07
categorical__industry_description_medicinalbotanicalmanufacturing,8.716438846464877e-07
categorical__industry_description_feedpremixesanimalmanufacturing,8.658505064975821e-07
categorical__industry_description_aeronauticalsystemsinstrumentsmanufacturing,8.562762812287152e-07
categorical__industry_description_armaturerewindingfactorybasis,8.493740722710032e-07
categorical__industry_description_constminingwhlse,8.475198131611973e-07
categorical__industry_description_recyclablematerialmerchantwholesalers,8.407829484353576e-07
categorical__industry_description_gastransmission,8.405342536014017e-07
categorical__industry_description_homesagednursingcare,8.385899347719932e-07
categorical__industry_description_industrialresearchdevelopmentlaboratoriesservicesexceptbiotechnologyresearchdevelopment,8.362556546429524e-07
categorical__industry_description_electricalutility,8.297924687900305e-07
categorical__industry_description_concreteproductmanufacturing,8.237588693362074e-07
categorical__industry_description_alarmapparatuselectricmerchantwholesalers,8.131276522465073e-07
categorical__industry_description_automobilemerchantwholesalers,8.127429956579377e-07
categorical__industry_description_tankcleaningdisposalservicescommercialindustrial,8.085996564406442e-07
categorical__industry_description_newspaperpublishing,8.083009859535243e-07
categorical__industry_description_allotherplasticsproductmanufacturing,8.005454576447157e-07
categorical__industry_description_facilitysupportservices,8.00343713605182e-07
categorical__industry_description_valvesindustrialtypeegcheckgateglobereliefsafetymanufacturing,7.999416503716662e-07
categorical__industry_description_electricalapparatusequipmentwiringsuppliesrelatedequipmentmerchantwholesalers,7.651937551139343e-07
categorical__industry_description_generalautomotiverepairshops,7.602482656004779e-07
categorical__industry_description_acousticalceilingtilepanelinstallation,7.421341766140481e-07
categorical__industry_description_utilitieselecpowergentransdist,7.417412856471777e-07
categorical__industry_description_mhresidential,7.293333757487319e-07
categorical__industry_description_transportationservices,7.242067620323115e-07
categorical__industry_description_laundrieslinenuniformsupply,7.169563625979401e-07
categorical__industry_description_clinicallaboratory,7.060847829143527e-07
categorical__industry_description_semiconductordevicesmanufacturing,7.052814523685967e-07
categorical__industry_description_engineering,6.938349311251169e-07
categorical__industry_description_buildingmaterials,6.927375340360709e-07
categorical__industry_description_buscharterservicesexceptscenicsightseeing,6.870620094704956e-07
categorical__industry_description_conventionservices,6.830058919190232e-07
categorical__industry_description_bearingsegcamshaftcrankshaftconnectingrodautomotivetruckgasolineenginemanufacturing,6.81035463569175e-07
categorical__industry_description_hotelsmembership,6.805526673234003e-07
categorical__industry_description_servicemachineryequipmentrepairmaintenanceservices,6.787372504989379e-07
categorical__industry_description_disabledgrouphomesnursingcare,6.749366236787269e-07
categorical__industry_description_internetserviceprovidersusingownoperatedwiredtelecommunicationsinfrastructureegcabledsl,6.698985865110538e-07
categorical__industry_description_outpatientschoolbasedfamilypracticeservices,6.69113252765183e-07
categorical__industry_description_healthservices,6.677741217808648e-07
categorical__industry_description_residentialintellectualdevelopmentaldisabilit,6.638785451551206e-07
categorical__industry_description_stationerysuppliesmerchantwholesalers,6.63185715780338e-07
categorical__industry_description_fittingsunionsrigidplasticspipemanufacturing,6.563990770629954e-07
categorical__industry_description_utilitylineecommunicationelectricpowerconstruction,6.551499586683184e-07
categorical__industry_description_searchdetectionnavigationguidanceaeronauticalnauticalsysteminstrumentmanufacturing,6.499450054483883e-07
categorical__industry_description_bulldozerrentalleasingoperator,6.392183954317869e-07
categorical__industry_description_polystyrenefoampackagingmanufacturing,6.346633226245836e-07
categorical__industry_description_detentioncenters,6.31033394160748e-07
categorical__industry_description_busservicesurbansuburbanexceptmixedmode,6.295068398487615e-07
categorical__industry_description_musicaltheaterproductionslive,6.225778937839455e-07
categorical__industry_description_zoos,6.206737168868361e-07
categorical__industry_description_aviationsupport,6.136207505508289e-07
categorical__industry_description_constructionengineeringservices,6.130502986866651e-07
categorical__industry_description_livestocktruckinglocal,6.126819728416395e-07
categorical__industry_description_administrativemanagementconsultingservices,6.020879554157976e-07
categorical__industry_description_communityactionserviceagencies,6.016156398396096e-07
categorical__industry_description_chemicalsexceptagricultureegautomotivehouseholdindustrialphotographicmerchantwholesalers,5.854811224853393e-07
categorical__industry_description_facilitiesexceptcomputeroperationsupportservices,5.853016866936971e-07
categorical__industry_description_surgicalmedicalinstrumentmanuf,5.852935428180536e-07
categorical__industry_description_glasspackagingcontainersmanufacturing,5.627007626637877e-07
categorical__industry_description_automotivemirrorsframedmanufacturing,5.569326240744741e-07
categorical__industry_description_hotelreservationservices,5.547478543989208e-07
categorical__industry_description_waterwastewater,5.339634566014169e-07
categorical__industry_description_childrensservices,5.308558906040367e-07
categorical__industry_description_auditorsofficesgovernment,5.204523779783996e-07
categorical__industry_description_strawberryfarming,5.196807015427464e-07
categorical__industry_description_transportationmotorfreighttransportationtruckingexceptair,5.167736528262553e-07
categorical__industry_description_423990othermiscellaneousdurablegoodsmerchantwholesalers,5.042576889817155e-07
categorical__industry_description_storageprocessingplasticpallets,4.980638324586564e-07
categorical__industry_description_trucktractorrentalleasing,4.898192985707874e-07
categorical__industry_description_generallinegrocery,4.865898407409665e-07
categorical__industry_description_carrentalagencies,4.826626548577291e-07
categorical__industry_description_warehouse,4.822227029816178e-07
categorical__industry_description_specialwarehousingstoragenotelsewhereclass,4.810179703920974e-07
categorical__industry_description_librariesexceptmotionpicturestockfootagemotionpicturecommercialdistribution,4.779339805270086e-07
categorical__industry_description_universities,4.7002332914712097e-07
categorical__industry_description_trucktractorsroadmerchantwholesalers,4.696277888440435e-07
categorical__industry_description_homebuilding,4.513228370479897e-07
categorical__industry_description_pipelinerehabilitationcontractors,4.439906689803501e-07
categorical__industry_description_industrialsandmining,4.3706965463649094e-07
categorical__industry_description_automotivepartssupplystores,4.319220049322643e-07
categorical__industry_description_constructionmanagementwatersewerline,4.242793785095833e-07
categorical__industry_description_motorvehiclesuppliesnewpartswholesale,4.2170775031559164e-07
categorical__industry_description_circulatinglibraries,4.213753823976018e-07
categorical__industry_description_electricalcontractorsotherwiringinstallationcontractors,4.0947170936856837e-07
categorical__industry_description_bakeriesbakingflourpremisesretailingnotimmediateconsumption,4.0797015769248586e-07
categorical__industry_description_aluminumforgingsmadepurchasedmetalsunfinished,3.9935386441395673e-07
categorical__industry_description_grapefarmingmakingwine,3.987966850590902e-07
categorical__industry_description_trucktrailerbodyshops,3.9480810046440023e-07
categorical__industry_description_emergencymedicalcentersclinicsfreestanding,3.916439252630506e-07
categorical__industry_description_childrenshospitalsgeneral,3.911556163220708e-07
categorical__industry_description_publicsafetybureausstatisticscentersgovernment,3.7576771455322914e-07
categorical__industry_description_communityhealthprogramsadministration,3.74645542819777e-07
categorical__industry_description_pestcontrolservicesagricultural,3.7188706198478434e-07
categorical__industry_description_doorswoodcoveredwoodmanufacturing,3.6947290421631896e-07
categorical__industry_description_spectatorsports,3.669569512095627e-07
categorical__industry_description_reconditioningshippingbarrelsdrums,3.652803280136644e-07
categorical__industry_description_alcoholismrehabilitationhospitals,3.624994847766167e-07
categorical__industry_description_organoinorganiccompoundmanufacturing,3.615606689548432e-07
categorical__industry_description_transitpolice,3.5785463467032517e-07
categorical__industry_description_firefloodrestorationsinglefamilyhousinggeneralcontractors,3.559403318421628e-07
categorical__industry_description_correctionalfacilityoperationcontractfeebasis,3.540633655021497e-07
categorical__industry_description_homenursingservicesexceptprivatepractices,3.4830478462284906e-07
categorical__industry_description_caterers,3.438306302869425e-07
categorical__industry_description_accommodation,3.390776477856153e-07
categorical__industry_description_legislativeexecutiveofficecombinations,3.3854988423625303e-07
categorical__industry_description_motorvehiclesuppliesnewparts,3.3803881573072835e-07
categorical__industry_description_photographicphotocopyingequipmentmfg,3.339913878798278e-07
categorical__industry_description_motorcoachbussalesservice,3.2924169274949954e-07
categorical__industry_description_hardwareplumbingheatingequipment,3.2734370884888474e-07
categorical__industry_description_scheduledairpassengercarriers,3.243166272655585e-07
categorical__industry_description_residentialpropertymanagers,3.183082022457133e-07
categorical__industry_description_parcelsortation,3.1460804328455424e-07
categorical__industry_description_lumberconstructionmaterials,3.1368154739695097e-07
categorical__industry_description_tunnelconstruction,3.0901448019934914e-07
categorical__industry_description_steelmerchantwholesalers,3.061422064017737e-07
categorical__industry_description_confectionerymerchantwholesalers,3.0172409529038456e-07
categorical__industry_description_siteremediationservices,2.9734836214226033e-07
categorical__industry_description_concretepipemanufacturing,2.9458755188793427e-07
categorical__industry_description_crudepetroleumproduction,2.916174014454225e-07
categorical__industry_description_bagspaperdisposableplasticsmerchantwholesalers,2.8563688312021756e-07
categorical__industry_description_printingpostpressservicesegbevelingbronzingfoldinggluingedgingfoilstampingprintedproductsegbookscardspaper,2.813454386328779e-07
categorical__industry_description_mentalhealthhospital,2.772195209810441e-07
categorical__state_vi,2.6673594022140743e-07
categorical__industry_description_insulationcontractors,2.5912495097031173e-07
categorical__industry_description_concretebatchplantsincludingtemporary,2.3946545801927376e-07
categorical__industry_description_scenicsightseeingtransportation,2.3577831356760285e-07
categorical__industry_description_telecommunicationsequipmentwiringexcepttransmissionlineinstallationcontractors,2.3440726546206224e-07
categorical__industry_description_hardwarestore,2.2778954340579711e-07
categorical__industry_description_bumpersbumperettesassembledautomotivetruckbusmanufacturing,2.2508289474255817e-07
categorical__industry_description_asphaltroadcompoundsmadepurchasedasphalticmaterials,2.14395455879919e-07
categorical__industry_description_laboratoryanalyticalinstrumentsexceptopticalmanufacturing,2.13309606447636e-07
categorical__industry_description_schoolboardselementarysecondary,2.0578405297327446e-07
categorical__industry_description_compressorsairgasgeneralpurposetypemanufacturing,2.0344546022444865e-07
categorical__industry_description_airpollutioncontrolequipmentsuppliesmerchantwholesalers,2.0033100233990022e-07
categorical__industry_description_preschooleducation,1.992582838648818e-07
categorical__industry_description_allothermiscellaneouswastemanagementservices,1.9888581309123827e-07
categorical__industry_description_alarmsystemssalescombinedinstallationrepairmonitoringservices,1.974568358428768e-07
categorical__industry_description_manufacturingmoneyhandlingequipment,1.9602239615839017e-07
categorical__industry_description_carnivaltravelingshows,1.9545728265793297e-07
categorical__industry_description_bleachingagentsinorganicmanufacturing,1.936464576867632e-07
categorical__industry_description_scaffoldinsulationpaintingservices,1.9226710310198974e-07
categorical__industry_description_seafoodseafoodproductsmanufacturing,1.8300233004911898e-07
categorical__industry_description_aluminumdiecastingfoundries,1.8036127857204009e-07
categorical__industry_description_potatodiggersharvestersplantersmanufacturing,1.7407032498075037e-07
categorical__industry_description_healthclubfacilitiesphysicalfitness,1.7117151791878703e-07
categorical__industry_description_lendinglibraries,1.5806219285635122e-07
categorical__industry_description_governmentcontractor,1.5481092339782375e-07
categorical__industry_description_fastenersegboltsnutsrivetsscrewsmerchantwholesalers,1.543587992368504e-07
categorical__industry_description_maintenancerepairservicesaircraftexceptfactoryconversionfactoryoverhaulfactoryrebuilding,1.5359587880449924e-07
categorical__industry_description_grocerydeliveryserviceseindependentservicegrocerystore,1.532330375914869e-07
categorical__industry_description_ceramictilesfloorwallmanufacturing,1.5306613528299476e-07
categorical__industry_description_farmlaborcontractors,1.5168634119136461e-07
categorical__industry_description_burialcasketsmerchantwholesalers,1.5090209940614396e-07
categorical__industry_description_supportairtransportation,1.5032275451855317e-07
categorical__industry_description_privatewarehousingstorageexceptfarmproductsgeneralmerchandiserefrigerated,1.470525738330242e-07
categorical__industry_description_scrapmaterialsegautomotiveindustrialmerchantwholesalers,1.4596958669347364e-07
categorical__industry_description_airportoperatorsegcivilinternationalnational,1.4436540014462193e-07
categorical__industry_description_usedmerchandisestore,1.3838299212089376e-07
categorical__industry_description_811111generalautomotiverepair,1.3788846254577208e-07
categorical__industry_description_paintsexceptartistsmanufacturing,1.3534539128298544e-07
categorical__industry_description_medicalcaremanagementservices,1.3429395171733924e-07
categorical__industry_description_assistedlivingfacilitieselderly,1.3216623720963052e-07
categorical__industry_description_huntingequipmentsuppliesmerchantwholesalers,1.314555294048537e-07
categorical__industry_description_schoolbustransportation,1.3131128211666105e-07
categorical__industry_description_cementeghydraulicmasonryportlandpozzolanamanufacturing,1.2713532316641176e-07
categorical__industry_description_wholesaledistribution,1.2601665848458248e-07
categorical__industry_description_chromeplatingmetalsmetalproductstrade,1.2173952054588585e-07
categorical__industry_description_automatictransmissionsautomotivetruckbusmanufacturing,1.1688010625174513e-07
categorical__industry_description_industrialbuildingexceptwarehousesconstructiongeneralcontractors,1.156121088818618e-07
categorical__industry_description_intellectualdevelopmentaldisabilityintermediatecarefacilities,1.1190319989426139e-07
categorical__industry_description_cleanersdrycleaninglaundryserviceexceptcoinoperated,1.1142702041303856e-07
categorical__industry_description_passengerairtransportationscheduled,1.0819738764363127e-07
categorical__industry_description_concreteproductsprecastexceptblockbrickpipemanufacturing,1.0650255582840673e-07
categorical__industry_description_automobiledealersusedonly,9.938058757392806e-08
categorical__industry_description_othersupportactivitiesairtransportation,8.920906741236912e-08
categorical__industry_description_barsconcretereinforcingmanufacturing,8.822871991278993e-08
categorical__industry_description_laundryserviceslinensupply,8.323666714960934e-08
categorical__industry_description_adoptionagencies,8.271341406516067e-08
categorical__industry_description_boysgirlsresidentialfacilitieseghomesranchesvillages,8.099386233388888e-08
categorical__industry_description_salesservice,8.025469350617995e-08
categorical__industry_description_civilengineeringservices,7.436840931124782e-08
categorical__industry_description_aircraftconversionsemajormodificationssystem,7.198838738889268e-08
categorical__industry_description_candystorespackagedretailingonly,6.976043513757945e-08
categorical__industry_description_waterpurveyor,6.756987325918147e-08
categorical__industry_description_retailfashiondepartmentstore,6.631716346087664e-08
categorical__industry_description_diagnosticimagingcentersmedical,6.573960958917526e-08
categorical__industry_description_commericalindustrialmachineryequipment,6.562380990472185e-08
categorical__industry_description_radiologistsofficesegcentersclinics,5.5921088273706186e-08
categorical__industry_description_autobodyshopsuppliesmerchantwholesalers,5.3324732335923794e-08
categorical__industry_description_insulatorselectricalporcelainmanufacturing,5.282866690452399e-08
categorical__industry_description_securityalarmsystemssalescombinedinstallationrepairmonitoringservices,5.210171102348007e-08
categorical__industry_description_motorcoachoperationinterurbanrural,4.8798678344272845e-08
categorical__industry_description_materialsupplier,3.9498889426885226e-08
categorical__industry_description_securityjanitorialservices,3.8113470988856944e-08
categorical__industry_description_plasticsresinscompoundingrecycledmaterials,3.368123222434801e-08
categorical__industry_description_servicestationsgasoline,3.362979154103628e-08
categorical__industry_description_citytowncouncils,2.615640492163269e-08
categorical__industry_description_natureparks,2.5702782949275375e-08
categorical__industry_description_directsellingestablishments,2.443768753230027e-08
categorical__industry_description_seniorcitizenshomesnursingcare,1.558416529969563e-08
categorical__industry_description_communicationequipmentrepairmaintenanceservices,1.5486229648648498e-08
categorical__industry_description_vendingmachinemerchandiserssaleproducts,1.1732337633347972e-08
categorical__industry_description_apartmentbuildingconstructiongeneralcontractors,1.1182322157301693e-08
categorical__industry_description_petroleumpipelinescrude,9.936380146401374e-09
categorical__industry_description_petsupplystores,3.2687879189317935e-09
categorical__industry_description_vocationalrehabilitationservices,6.449769042842629e-10
categorical__industry_description_otherresidentialcarefacilities,2.5892462839246176e-15
categorical__industry_description_garagesgeneralautomotiverepairexceptgasolineservicestations,1.2409831221303415e-15
categorical__industry_description_professionaldevelopmenttraining,1.0080633064372206e-15
categorical__industry_description_otherindividualfamilyservices,7.881707283803801e-16
categorical__industry_description_bulkpetroleumstorage,3.7905407425278077e-16
categorical__industry_description_ddssdoctorsdentalsurgeryofficesegcentersclinics,3.6345284608906173e-16
categorical__industry_description_pharmacyservices,2.5404995844310457e-16
categorical__industry_description_electricpowergenerationsolar,2.2404539812159824e-16
categorical__industry_description_floorcoveringstoresexceptwoodceramictileonly,1.8833273801328938e-16
categorical__industry_description_smokedmeatsmadepurchasedcarcasses,1.637435429254336e-16
categorical__industry_description_furniturestores,1.153021689425717e-17
categorical__industry_description_athleticequipmentsupplystoresincludinguniforms,0.0
categorical__industry_description_athleticclubfacilitiesphysicalfitness,0.0
categorical__industry_description_athleticclothingmadeapparelknittingmills,0.0
categorical__industry_description_athleticassociationsregulatory,0.0
categorical__industry_description_associationsretiredpersonsadvocacy,0.0
categorical__industry_description_assistedlivingfacilities,0.0
categorical__industry_description_assistedlivingcommunity,0.0
categorical__industry_description_assistantstextileleatherfinishingmanufacturing,0.0
categorical__industry_description_assessorsofficestax,0.0
categorical__industry_description_assemblyplantssportutilityvehicleschassisownmanufacture,0.0
categorical__industry_description_assemblyplantsminivanschassisownmanufacture,0.0
categorical__industry_description_assemblyplantslighttruckschassisownmanufacture,0.0
categorical__industry_description_auctionsinternetretail,0.0
categorical__industry_description_auctioneersindependent,0.0
categorical__industry_description_attorneysprivatepractices,0.0
categorical__industry_description_attorneysoffices,0.0
categorical__industry_description_attorneygeneralsoffices,0.0
categorical__industry_description_attorney,0.0
categorical__industry_description_atticspaceinsulating,0.0
categorical__industry_description_attachmentspoweredlawngardenequipmentmanufacturing,0.0
categorical__industry_description_atmsautomatictellermachinesmanufacturing,0.0
categorical__industry_description_athleticsocksknittingknittingfinishing,0.0
categorical__industry_description_athleticshoesplasticsplasticssoledfabricuppermanufacturing,0.0
categorical__industry_description_athleticshoesmanufacturing,0.0
categorical__industry_description_athleticshoeexceptbowlinggolfspikedstores,0.0
categorical__industry_description_athleticgoodsexceptammunitionclothingfootwearsmallarmsmanufacturing,0.0
categorical__industry_description_athleticfootwearmerchantwholesalers,0.0
categorical__industry_description_athleticfieldexceptstadiumconstruction,0.0
categorical__industry_description_automaticecontrollingtyperegulatingvalvesindustrialtypemanufacturing,0.0
categorical__industry_description_automaticchemicalanalyzerslaboratorytypemanufacturing,0.0
categorical__industry_description_automatedrevolvingdoorinstallation,0.0
categorical__industry_description_automanufacturing,0.0
categorical__industry_description_autocourtslodging,0.0
categorical__industry_description_autismdayprogramcommunitybased,0.0
categorical__industry_description_augersminingtypemanufacturing,0.0
categorical__industry_description_auditoriumconstruction,0.0
categorical__industry_description_audiovisualequipmentrentalleasing,0.0
categorical__industry_description_audiotapeblankmanufacturing,0.0
categorical__industry_description_audiologicalequipmentelectromedicalmanufacturing,0.0
categorical__industry_description_audioequipmentstoresexceptautomotive,0.0
categorical__industry_description_audioequipmentinstallationexceptautomotivecontractors,0.0
categorical__industry_description_audiocabinetsehousingswoodmanufacturing,0.0
categorical__industry_description_allotherfabricatedmetalproductmanufacturing,0.0
categorical__industry_description_allotherbusinesssupportservices,0.0
categorical__industry_description_allotherbasicorganicchemicalmanufacturing,0.0
categorical__industry_description_allotherautomotiverepairmaintenance,0.0
categorical__industry_description_allotherambulatoryhealthcareservices,0.0
categorical__industry_description_allergistsofficesegcentersclinics,0.0
categorical__industry_description_alkydresinsmanufacturing,0.0
categorical__industry_description_alkalinemanganeseprimarybatteriesmanufacturing,0.0
categorical__industry_description_alkalinecellprimarybatteriesmanufacturing,0.0
categorical__industry_description_alkaliesmerchantwholesalers,0.0
categorical__industry_description_alkaliesmanufacturing,0.0
categorical__industry_description_aliphaticeghydrocarbonsexceptacetylenemaderefinedpetroleumliquidhydrocarbons,0.0
categorical__industry_description_alignmentequipmentmotorvehiclemanufacturing,0.0
categorical__industry_description_algaefarming,0.0
categorical__industry_description_automaticgateeggarageparkinglotinstallation,0.0
categorical__industry_description_automaticenvironmentalcontrolmanufacturingresidentialcommercialapplianceuse,0.0
categorical__industry_description_automobilefinanceleasingcompanies,0.0
categorical__industry_description_automobiledismantling,0.0
categorical__industry_description_automobiledealersnewused,0.0
categorical__industry_description_automobiledeadstorage,0.0
categorical__industry_description_automobilecourtslodging,0.0
categorical__industry_description_automobileclubsroadtravelservices,0.0
categorical__industry_description_automobilecarriertruckinglocal,0.0
categorical__industry_description_automobilebodiespassengercarmanufacturing,0.0
categorical__industry_description_automobilebodiespassengercarmanufa,0.0
categorical__industry_description_automobileaccessoriesexcepttirestubesmerchantwholesalers,0.0
categorical__industry_description_automaticscrewmachinesmetalcuttingtypemanufacturing,0.0
categorical__industry_description_automaticmerchandisingmachineoperators,0.0
categorical__industry_description_allothermiscellaneousambulatoryservices,0.0
categorical__industry_description_allothermiscellaneousambulatoryhealthcareservices,0.0
categorical__industry_description_automobileracetracks,0.0
categorical__industry_description_automobileprovingtestinggrounds,0.0
categorical__industry_description_automobilepolishescleanersmanufacturing,0.0
categorical__industry_description_automobilepartsdealers,0.0
categorical__industry_description_automobileparkinggarageslots,0.0
categorical__industry_description_automobileothermotorvehiclemerchantwholes,0.0
categorical__industry_description_automobilenewused,0.0
categorical__industry_description_automobilemfgassembly,0.0
categorical__industry_description_automobilemanufacturing,0.0
categorical__industry_description_automobileliftsegaragetypeservicestationmanufacturing,0.0
categorical__industry_description_automobileleasing,0.0
categorical__industry_description_automobileindustrialdesignservices,0.0
categorical__industry_description_automobilehardwaremetalmanufacturing,0.0
categorical__industry_description_automobileglassmerchantwholesalers,0.0
categorical__industry_description_automobilefinancing,0.0
categorical__industry_description_automotive,0.0
categorical__industry_description_automobilewreckersassemblingpurchasedchassis,0.0
categorical__industry_description_automobilewreckeretowtruckhoistsmanufacturing,0.0
categorical__industry_description_automobiletrimmingstextilemanufacturing,0.0
categorical__industry_description_automobiletransportertrailerssinglecarmanufacturing,0.0
categorical__industry_description_automobiletransportertrailersmulticarmanufacturing,0.0
categorical__industry_description_automobiletestingprovinggrounds,0.0
categorical__industry_description_automobilesuspensionspringsheavygaugemetalmanufacturing,0.0
categorical__industry_description_automobilestoragebatteriesmanufacturing,0.0
categorical__industry_description_automobileskidchainsmadepurchasedwire,0.0
categorical__industry_description_automobileseatframesmetalmanufacturing,0.0
categorical__industry_description_automobileseatcoversmanufacturing,0.0
categorical__industry_description_automobilesalesservice,0.0
categorical__industry_description_automobilerentaldriverexceptshuttleservicetaxis,0.0
categorical__industry_description_automobileracingteams,0.0
categorical__industry_description_automotivelightingfixturesmanufacturing,0.0
categorical__industry_description_automotivelightbulbsmanufacturing,0.0
categorical__industry_description_automotiveharnessignitionsetsmanufacturing,0.0
categorical__industry_description_automotiveequipmentrentalleasing,0.0
categorical__industry_description_automotiveelectricalswitchesmanufacturing,0.0
categorical__industry_description_automotiveelectricalenginediagnosticequipmentmanufacturing,0.0
categorical__industry_description_automotivecoatingsmanufacturing,0.0
categorical__industry_description_automotivechemicalsexceptlubricatinggreaseslubricationoilsmerchantwholesalers,0.0
categorical__industry_description_automotivebodyshops,0.0
categorical__industry_description_automotivebodypaintinteriorrepairmaintenance,0.0
categorical__industry_description_automotiveassemblysequencing,0.0
categorical__industry_description_automotiveairconditioningrepairshops,0.0
categorical__industry_description_automotiveairconditionersmerchantwholesalers,0.0
categorical__industry_description_automotive0industrialcleaningunion,0.0
categorical__industry_description_automotiveradiatorrepairshops,0.0
categorical__industry_description_automotivepartswholesaler,0.0
categorical__industry_description_automotivepartsoffice,0.0
categorical__industry_description_automotivepartsdistributor,0.0
categorical__industry_description_automotivepartsdistributioncenter,0.0
categorical__industry_description_automotivepartsdealersused,0.0
categorical__industry_description_automotivepartsaccessoriestirestores,0.0
categorical__industry_description_automotivepartsaccessories,0.0
categorical__industry_description_automotiveparts,0.0
categorical__industry_description_automotivepaintshops,0.0
categorical__industry_description_automotiveoilchangelubricationshops,0.0
categorical__industry_description_automotivemetalpartsmanufacturing,0.0
categorical__industry_description_automotivemanufacturerbusinessoperations,0.0
categorical__industry_description_automotivewashingpolishing,0.0
categorical__industry_description_automotivetruckbussuspensionassembliespartsexceptspringsmanufacturing,0.0
categorical__industry_description_automotivetruckbussteeringassembliespartsmanufacturing,0.0
categorical__industry_description_automotivetransmissionrepairshops,0.0
categorical__industry_description_automotivetirerepairexceptretreadingshops,0.0
categorical__industry_description_automotivesupplier,0.0
categorical__industry_description_automotivesubassembliessequencing,0.0
categorical__industry_description_automotiveservicerepair,0.0
categorical__industry_description_automotiveseating,0.0
categorical__industry_description_automotivesafetyinspectionservices,0.0
categorical__industry_description_automotiveretailsales,0.0
categorical__industry_description_automotiveretail,0.0
categorical__industry_description_automotiverepairgasolinesales,0.0
categorical__industry_description_automotiverepair,0.0
categorical__industry_description_axlebearingsautomotivetruckbusmanufacturing,0.0
categorical__industry_description_awningssheetmetalexceptstampingsmanufacturing,0.0
categorical__industry_description_awningscanopiesoutdoormadepurchasedfabrics,0.0
categorical__industry_description_awningmanufacturing,0.0
categorical__industry_description_aviationplywood,0.0
categorical__industry_description_aviationclubsprovidingvarietyairtransportationactivitiesgeneralpublic,0.0
categorical__industry_description_autotransformersmanufacturing,0.0
categorical__industry_description_autosupplystores,0.0
categorical__industry_description_autoservice,0.0
categorical__industry_description_autosalvageyardseretailingusedautoparts,0.0
categorical__industry_description_autosalesservice,0.0
categorical__industry_description_autopartssupplier,0.0
categorical__industry_description_autopartssales,0.0
categorical__industry_description_autopartsaccessoriessales,0.0
categorical__industry_description_automotivewholesaler,0.0
categorical__industry_description_bagelshopsfullservice,0.0
categorical__industry_description_badgesplasticsmanufacturing,0.0
categorical__industry_description_badgesfabricmanufacturing,0.0
categorical__industry_description_bacterialvaccinesmanufacturing,0.0
categorical__industry_description_baconslabslicedproducedslaughteringplants,0.0
categorical__industry_description_baconslabslicedmadepurchasedcarcasses,0.0
categorical__industry_description_backhoerentaloperator,0.0
categorical__industry_description_backgroundingcattle,0.0
categorical__industry_description_babypowderbabyoilmanufacturing,0.0
categorical__industry_description_babyformulafreshprocessedbottledmanufacturing,0.0
categorical__industry_description_babyfoodsincludingmeatscanning,0.0
categorical__industry_description_babyfoodscannedmerchantwholesalers,0.0
categorical__industry_description_babyclothingmerchantwholesalers,0.0
categorical__industry_description_azidesexplosivematerialsmanufacturing,0.0
categorical__industry_description_azaleafarming,0.0
categorical__industry_description_axlesrolledforgedmadeironsteelmills,0.0
categorical__industry_description_bakerymachineryequipmentmerchant,0.0
categorical__industry_description_bakery,0.0
categorical__industry_description_bakedgoodsexceptbreadbreadtyperollsfrozenmanufacturing,0.0
categorical__industry_description_bagsuncoatedpapermadepurchasedpaper,0.0
categorical__industry_description_bagstextilemerchantwholesalers,0.0
categorical__industry_description_bagstextilemadepurchasedwovenknittedmaterials,0.0
categorical__industry_description_bagspaperuncoatedmadepurchasedpaper,0.0
categorical__industry_description_bagsmultiwallmadepurchaseduncoatedpaper,0.0
categorical__industry_description_bagsexceptplasticsonlymadelaminatingcoatingcombinationspurchasedplasticsfoilpaper,0.0
categorical__industry_description_bagscoatedpapermadepurchasedpaper,0.0
categorical__industry_description_bagsbaggingfabricsmadewarpweftknittingmills,0.0
categorical__industry_description_bagelsmadecommercialbakeries,0.0
categorical__industry_description_balethrowersmanufacturing,0.0
categorical__industry_description_balersfarmtypeegcottonhaystrawmanufacturing,0.0
categorical__industry_description_balconyrailingsmetalmanufacturing,0.0
categorical__industry_description_balconyprecastconcreteinstallation,0.0
categorical__industry_description_balancingequipmentmotorvehiclemanufacturing,0.0
categorical__industry_description_balancesscaleslaboratoryexceptdentalmedicalmerchantwholesalers,0.0
categorical__industry_description_balancesscalesexceptlaboratorymerchantwholesalers,0.0
categorical__industry_description_bakingmanufacturing,0.0
categorical__industry_description_bakingchocolatemadepurchasedchocolate,0.0
categorical__industry_description_bakingchocolatemadecacaobeans,0.0
categorical__industry_description_bakeryproductsfrozenmerchantwholesalers,0.0
categorical__industry_description_bakeryproductsexceptfrozenmerchantwholesalers,0.0
categorical__industry_description_bakeryovensmanufacturing,0.0
categorical__industry_description_bakeryoperationsgrainsmontanarestaurant,0.0
categorical__industry_description_bakerymachineryequipmentmerchantwholesalers,0.0
categorical__industry_description_bankclearinghouseassociations,0.0
categorical__industry_description_bankchestsmetalmanufacturing,0.0
categorical__industry_description_bankbuildingconstruction,0.0
categorical__industry_description_bandsawswoodworkingtypemanufacturing,0.0
categorical__industry_description_bandagesdressingssurgicalorthopedicmanufacturing,0.0
categorical__industry_description_ballvalvesindustrialtypemanufacturing,0.0
categorical__industry_description_ballssteelmadeironsteelmills,0.0
categorical__industry_description_ballscrewmanufacturer,0.0
categorical__industry_description_balloonsrubbermanufacturing,0.0
categorical__industry_description_balloonsplasticsmanufacturing,0.0
categorical__industry_description_balljointsexceptaircraftmotorvehiclemanufacturing,0.0
categorical__industry_description_balletcompanies,0.0
categorical__industry_description_ballbearingsmanufacturing,0.0
categorical__industry_description_ballbearingmanufacturer,0.0
categorical__industry_description_ballastsetransformersmanufacturing,0.0
categorical__industry_description_balingmachineryegpaperscrapmetalmanufacturing,0.0
categorical__industry_description_barcodeimprintingservices,0.0
categorical__industry_description_barbituratepreparationsmanufacturing,0.0
categorical__industry_description_barbersscissorsmanufacturing,0.0
categorical__industry_description_barbershopequipmentsuppliesmerchantwholesalers,0.0
categorical__industry_description_barbedwiremadepurchasedwire,0.0
categorical__industry_description_barbecuesgrillsbraziersmanufacturing,0.0
categorical__industry_description_barbecuesaucemanufacturing,0.0
categorical__industry_description_barassociations,0.0
categorical__industry_description_baraluminummadeintegratedsecondarysmeltingextrudingmills,0.0
categorical__industry_description_banquethallscateringstaff,0.0
categorical__industry_description_banksindustrialeknowndepository,0.0
categorical__industry_description_bankscreditcard,0.0
categorical__industry_description_bankscommercial,0.0
categorical__industry_description_bankruptcyestates,0.0
categorical__industry_description_bankinginvestment,0.0
categorical__industry_description_bankingcentral,0.0
categorical__industry_description_barrelsnewreconditionedmerchantwholesalers,0.0
categorical__industry_description_barrelslightgaugemetalmanufacturing,0.0
categorical__industry_description_barrelsgunmanufacturing,0.0
categorical__industry_description_barrackconstruction,0.0
categorical__industry_description_barnonferrousmetalsexceptaluminumcoppermadepurchasedmetalswiredrawingplantsintegratedsecondarysmeltingrollingdrawingextrudingplants,0.0
categorical__industry_description_barmadeextrudingpurchasedaluminum,0.0
categorical__industry_description_barleymaltmanufacturing,0.0
categorical__industry_description_barleyflourmanufacturing,0.0
categorical__industry_description_barleyfarmingfieldseedproduction,0.0
categorical__industry_description_bariumcompoundsnotspecifiedelsewhereprocessmanufacturing,0.0
categorical__industry_description_bariteprocessingbeyondbeneficiation,0.0
categorical__industry_description_bargetransportationcoastalgreatlakesincludingstlawrenceseaway,0.0
categorical__industry_description_bargetransportationcanalfreight,0.0
categorical__industry_description_bargesectionsprefabricatedmetalmanufacturing,0.0
categorical__industry_description_bargebuilding,0.0
categorical__industry_description_barcoppercopperalloymadepurchasedcopperintegratedsecondarysmeltingrollingdrawingextrudingplants,0.0
categorical__industry_description_baseboardheatingequipmentmanufacturing,0.0
categorical__industry_description_baseboardheaterselectricnonportablemerchantwholesalers,0.0
categorical__industry_description_baseballteamsprofessionalsemiprofessional,0.0
categorical__industry_description_baseballequipmentsuppliesexceptfootwearuniformsmanufacturing,0.0
categorical__industry_description_baseballclubsprofessionalsemiprofessional,0.0
categorical__industry_description_barssteelmadeironsteelmills,0.0
categorical__industry_description_barssteelmadecoldrollingmillsmadepurchasedsteel,0.0
categorical__industry_description_barsoapsmanufacturing,0.0
categorical__industry_description_barsmetalexceptpreciousmerchantwholesalers,0.0
categorical__industry_description_barsironmadeironsteelmills,0.0
categorical__industry_description_barsedrinkingplacesalcoholicbeverage,0.0
categorical__industry_description_barsconcretereinforcingrebarmadesteelmills,0.0
categorical__industry_description_barsconcretereinforcingrebarmadepurchasedsteelsteelrollingmills,0.0
categorical__industry_description_barricadesmetalmanufacturing,0.0
categorical__industry_description_barrelswoodcooperedmanufacturing,0.0
categorical__industry_description_bathroomvanitiesexceptfreestandingstockcustomwoodmanufacturing,0.0
categorical__industry_description_bathroomtoiletaccessoriesplasticsmanufacturing,0.0
categorical__industry_description_bathroomplumbingfixturesanitarywareinstallation,0.0
categorical__industry_description_bathroomfixturesmetalmanufacturing,0.0
categorical__industry_description_bathremodeling,0.0
categorical__industry_description_bathmatsrubbermanufacturing,0.0
categorical__industry_description_bathmatsbathsetsmadecarpetmills,0.0
categorical__industry_description_bathfansresidentialmanufacturing,0.0
categorical__industry_description_basketswoodegroundstaveveneermanufacturing,0.0
categorical__industry_description_basketsmetalmadepurchasedwire,0.0
categorical__industry_description_basketballteamsprofessionalsemiprofessional,0.0
categorical__industry_description_basketballclubsrecreational,0.0
categorical__industry_description_basketballclubsprofessionalsemiprofessional,0.0
categorical__industry_description_baseboardsmetalmanufacturing,0.0
categorical__industry_description_baseboardsfloorwoodmanufacturing,0.0
categorical__industry_description_beansbakedcanning,0.0
categorical__industry_description_beamswoodmadelogsbolts,0.0
categorical__industry_description_beachmaintenancecleaningservices,0.0
categorical__industry_description_beachclubsrecreational,0.0
categorical__industry_description_bbgunsmanufacturing,0.0
categorical__industry_description_bazaarsetemporarystands,0.0
categorical__industry_description_battsbattingexceptnonwovenfabricsmanufacturing,0.0
categorical__industry_description_batterystoragerecharge,0.0
categorical__industry_description_batterychargerssolidstatemanufacturing,0.0
categorical__industry_description_batteriesstoragemanufacturing,0.0
categorical__industry_description_batteriesrechargeablemanufacturing,0.0
categorical__industry_description_batteriesprimarydrywetmanufacturing,0.0
categorical__industry_description_batteriesexceptautomotivemerchantwholesalers,0.0
categorical__industry_description_batteriesautomotivemerchantwholesalers,0.0
categorical__industry_description_batteriesautomotivedealers,0.0
categorical__industry_description_batteredwomensshelters,0.0
categorical__industry_description_bedshospitalmerchantwholesalers,0.0
categorical__industry_description_bedshospitalmanufacturing,0.0
categorical__industry_description_bedroomfurnitureexceptupholsteredwoodhouseholdtypemanufacturing,0.0
categorical__industry_description_bedlinensupplyservices,0.0
categorical__industry_description_bedframeswoodhouseholdtypemanufacturing,0.0
categorical__industry_description_beddingplantgrowingexceptvegetablemelonbeddingplants,0.0
categorical__industry_description_beautysupplystores,0.0
categorical__industry_description_beautysuppliesmerchantwholesalers,0.0
categorical__industry_description_beautyshops,0.0
categorical__industry_description_beautyparlorequipmentsuppliesmerchantwholesalers,0.0
categorical__industry_description_bearingsplainexceptinternalcombustionenginemanufacturing,0.0
categorical__industry_description_bearingsballrollermanufacturing,0.0
categorical__industry_description_bearingmanufacturer,0.0
categorical__industry_description_beansproutfarminggrownundercover,0.0
categorical__industry_description_beerwinewholesale,0.0
categorical__industry_description_beerwinedistilledalcoholicbeveragemerchantwholesalers,0.0
categorical__industry_description_beerstorespackaged,0.0
categorical__industry_description_beermerchantwholesalers,0.0
categorical__industry_description_beercanslightgaugemetalmanufacturing,0.0
categorical__industry_description_beerbrewing,0.0
categorical__industry_description_beerbottlesglassmanufacturing,0.0
categorical__industry_description_beeralemerchantwholesalers,0.0
categorical__industry_description_beepereradiopagercommunicationcarriers,0.0
categorical__industry_description_beefprimalsubprimalcutsmadepurchasedcarcasses,0.0
categorical__industry_description_beefcattleranchingfarming,0.0
categorical__industry_description_beefcarcasseshalfcarcassesprimalsubprimalcutsproducedslaughteringplants,0.0
categorical__industry_description_bedssleepsystemensembleseflotationadjustablemanufacturing,0.0
categorical__industry_description_bedspreadsbedsetsmadepurchasedfabrics,0.0
categorical__industry_description_benefitconsultingservices,0.0
categorical__industry_description_bendspipemadepurchasedmetalpipe,0.0
categorical__industry_description_bendingformingmachinesmetalworkingmanufacturing,0.0
categorical__industry_description_benchespublicbuildingtypemanufacturing,0.0
categorical__industry_description_benchesparktypeexceptconcretestonemanufacturing,0.0
categorical__industry_description_beltsconveyormadepurchasedwire,0.0
categorical__industry_description_beltingrubberegconveyorelevatortransmissionmanufacturing,0.0
categorical__industry_description_beltingmadepurchasedfabrics,0.0
categorical__industry_description_beltingindustrialmerchantwholesalers,0.0
categorical__industry_description_beltingfabricsnarrowwoven,0.0
categorical__industry_description_bellselectricmanufacturing,0.0
categorical__industry_description_bellowsindustrialtypemanufacturing,0.0
categorical__industry_description_beetsugarrefining,0.0
categorical__industry_description_beerwinewholsesale,0.0
categorical__industry_description_alfalfamealdehydratedmanufacturing,0.0
categorical__industry_description_alfalfahayfarming,0.0
categorical__industry_description_alfalfacubedmanufacturing,0.0
categorical__industry_description_alebrewing,0.0
categorical__industry_description_aldehydesmanufacturing,0.0
categorical__industry_description_alcoholismtreatmentcentersclinicsexcepthospitalsoutpatient,0.0
categorical__industry_description_alcoholismrehabilitationfacilitiesexceptlicensedhospitalsresidential,0.0
categorical__industry_description_alcoholismdrugaddictionselfhelporganizations,0.0
categorical__industry_description_alcoholismcounselingexceptmedicaltreatmentnonresidential,0.0
categorical__industry_description_alcoholindustrialmerchantwholesalers,0.0
categorical__industry_description_alcoholicbeverageswinedistilledspiritsmerchantwholesalers,0.0
categorical__industry_description_alcoholicbeveragesexceptdistilledspiritswinemerchantwholesalers,0.0
categorical__industry_description_alcoholicbeveragesexceptdistilledspiritswinemerchantwho,0.0
categorical__industry_description_berriescannedmanufacturing,0.0
categorical__industry_description_bentoniteminingbeneficiating,0.0
categorical__industry_description_beveragesfruitvegetabledrinkscocktailsadesmanufacturing,0.0
categorical__industry_description_beveragesdietarydairynondairybased,0.0
categorical__industry_description_beveragesbeeralemaltliquorsmanufacturing,0.0
categorical__industry_description_beveragepackagingmachinery,0.0
categorical__industry_description_beverageflavoringsexceptcoffeebasedmanufacturing,0.0
categorical__industry_description_beverageegcoffeejuicesoftdrinkbarsnonalcoholicfixedlocation,0.0
categorical__industry_description_beveragedistributor,0.0
categorical__industry_description_beverageconcentratesmerchantwholesalers,0.0
categorical__industry_description_beveragebottlingmachinerymerchantwholesalers,0.0
categorical__industry_description_beveragebasesmerchantwholesalers,0.0
categorical__industry_description_beveragebasesmanufacturing,0.0
categorical__industry_description_betarayirradiationequipmentmanufacturing,0.0
categorical__industry_description_berylliumoxidemanufacturing,0.0
categorical__industry_description_berryexceptstrawberryfarming,0.0
categorical__industry_description_berriesfreshmerchantwholesalers,0.0
categorical__industry_description_alfalfapreparedfeedanimals,0.0
categorical__industry_description_billboardsmanufacturing,0.0
categorical__industry_description_billboarderection,0.0
categorical__industry_description_bicyclespartsmanufacturing,0.0
categorical__industry_description_bicyclesexceptmotorizedmerchantwholesalers,0.0
categorical__industry_description_bicyclerepairmaintenanceshopsretailingnewbicyc,0.0
categorical__industry_description_bicyclemotorizedmerchantwholesalers,0.0
categorical__industry_description_bicycleexceptmotorizedshops,0.0
categorical__industry_description_bibsapronswaterproofegplasticsrubbersimilarmaterialscutsewapparelcontractors,0.0
categorical__industry_description_beveragetobaccoproductmanufacturing,0.0
categorical__industry_description_beverageswinesbrandiesmanufacturing,0.0
categorical__industry_description_beverageswinedistilledspiritsmerchantwholesalers,0.0
categorical__industry_description_beveragesnaturallycarbonatedbottledwatermanufacturing,0.0
categorical__industry_description_beveragesmilkbasedexceptdietarymanufacturing,0.0
categorical__industry_description_beveragesliquorsexceptbrandiesmanufacturing,0.0
categorical__industry_description_biologicproductmanufacturing,0.0
categorical__industry_description_biologicalproductexceptdiagnosticmanufacturing,0.0
categorical__industry_description_biologicalexceptmedicalveterinarytestinglaboratoriesservices,0.0
categorical__industry_description_biodiesel,0.0
categorical__industry_description_binsstoragemerchantwholesalers,0.0
categorical__industry_description_binslightgaugemetalmanufacturing,0.0
categorical__industry_description_binsfabricatedmetalwork,0.0
categorical__industry_description_binsfabricatedmetalplateworkmanufacturing,0.0
categorical__industry_description_bingohalls,0.0
categorical__industry_description_bindingsnarrowwovenmanufacturing,0.0
categorical__industry_description_binderymachinerymanufacturing,0.0
categorical__industry_description_binderslooseleafmerchantwholesalers,0.0
categorical__industry_description_bindersboardmanufacturing,0.0
categorical__industry_description_billingservices,0.0
categorical__industry_description_billiardequipmentsuppliesmanufacturing,0.0
categorical__industry_description_billetssteelmadeironsteelmills,0.0
categorical__industry_description_birdfeedpreparedmanufacturing,0.0
categorical__industry_description_biotechnologyresearchdevelopmentlaboratoriesservicesveterinarysciences,0.0
categorical__industry_description_biotechnologyresearchdevelopmentlaboratoriesservicesphysicalsciences,0.0
categorical__industry_description_biotechnologyresearchdevelopmentlaboratoriesservicesmedicalsciences,0.0
categorical__industry_description_biotechnologyresearchdevelopmentlaboratoriesservicesfoodscience,0.0
categorical__industry_description_biotechnologyresearchdevelopmentlaboratoriesserviceschemicalsciences,0.0
categorical__industry_description_biotechnologyresearchdevelopmentlaboratoriesservicesbiology,0.0
categorical__industry_description_biotechnologyresearchdevelopmentlaboratoriesservicesbacteriology,0.0
categorical__industry_description_biotechnologyresearchdevelopmentlaboratoriesservicesagriculture,0.0
categorical__industry_description_biotechnologyresearchdevelopmentlaboratoriesservicebotany,0.0
categorical__industry_description_biotechnologycellculturemanufaturing,0.0
categorical__industry_description_biopharmard,0.0
categorical__industry_description_biomasselectricpowergeneration,0.0
categorical__industry_description_biologocalproductmanufactring,0.0
categorical__industry_description_blankbooksrefillsmanufacturing,0.0
categorical__industry_description_bladessawalltypesmanufacturing,0.0
categorical__industry_description_bladeskniferazormanufacturing,0.0
categorical__industry_description_bladesharpeningcommercialindustrialmachineryequipment,0.0
categorical__industry_description_bladesgradersscrapersbulldozerssnowplowsmanufacturing,0.0
categorical__industry_description_bladesegknifesawmerchantwholesalers,0.0
categorical__industry_description_blacktopworkresidentialcommercialdrivewayparkingarea,0.0
categorical__industry_description_blackplatemerchantwholesalers,0.0
categorical__industry_description_bitsrockdrillundergroundminingtypemanufacturing,0.0
categorical__industry_description_bitsrockdrilloilgasfieldtypemanufacturing,0.0
categorical__industry_description_bitsedgetoolwoodworkingmanufacturing,0.0
categorical__industry_description_bitsdrillmetalworkingmanufacturing,0.0
categorical__industry_description_bisonproduction,0.0
categorical__industry_description_birthcontrolpillsmanufacturing,0.0
categorical__industry_description_birdproofingservices,0.0
categorical__industry_description_birdproductionegcanarieslovebirdsparakeetsparrots,0.0
categorical__industry_description_bldgmgt,0.0
categorical__industry_description_blastingservicesnonmetallicmineralsminingexceptfuelscontractbasis,0.0
categorical__industry_description_blastingservicesmetalminingcontractbasis,0.0
categorical__industry_description_blastingconstructionsite,0.0
categorical__industry_description_blastingbuildingdemolition,0.0
categorical__industry_description_blastingaccessoriesegcapsfusesignitorssquibbsmanufacturing,0.0
categorical__industry_description_blastholedrillingexceptmining,0.0
categorical__industry_description_blastfurnaceslagprocessing,0.0
categorical__industry_description_blastfurnaceconstruction,0.0
categorical__industry_description_blankswoodegbowlingpinshandlestextilemachineryaccessoriesmanufacturing,0.0
categorical__industry_description_blanksophthalmiclensopticalglassmadepurchasedglass,0.0
categorical__industry_description_blanksophthalmiclensopticalglassmadeglassmakingplants,0.0
categorical__industry_description_blankscuttingtoolmanufacturing,0.0
categorical__industry_description_blanketsnonwovenfabricmanufacturing,0.0
categorical__industry_description_blanketsbedspreadsmadebroadwovenfabricmills,0.0
categorical__industry_description_blankcdsdvdsmerchantwholesalers,0.0
categorical__industry_description_blocksfireclaymanufacturing,0.0
categorical__industry_description_blocksconcretecindermanufacturing,0.0
categorical__industry_description_blocksasphaltpavingmadepurchasedasphalticmaterials,0.0
categorical__industry_description_blisterpackagingservices,0.0
categorical__industry_description_blindsegminivenetianverticalallmaterialsmanufacturing,0.0
categorical__industry_description_blendingdistilledbeveragesexceptbrandy,0.0
categorical__industry_description_blendinganimalfeed,0.0
categorical__industry_description_blendershouseholdtypeelectricmanufacturing,0.0
categorical__industry_description_blendedflourmadeflourmills,0.0
categorical__industry_description_bleachingtextileproductsapparelfabrics,0.0
categorical__industry_description_bleachingmachinerytextilesmanufacturing,0.0
categorical__industry_description_bleachesmerchantwholesalers,0.0
categorical__industry_description_bleachesformulatedhouseholdusemanufacturing,0.0
categorical__industry_description_bleacherseatingmanufacturing,0.0
categorical__industry_description_blowersindustrialmerchantwholesalers,0.0
categorical__industry_description_blowerfilterunitsmanufacturing,0.0
categorical__industry_description_blowerfancoolingdryheatinginstallation,0.0
categorical__industry_description_bloodtransfusionequipmentmanufacturing,0.0
categorical__industry_description_bloodpressurescreeningfacilities,0.0
categorical__industry_description_bloodpressureapparatusmanufacturing,0.0
categorical__industry_description_bloodorganbanks,0.0
categorical__industry_description_bloodfractionsmanufacturing,0.0
categorical__industry_description_blooddonorstations,0.0
categorical__industry_description_bloodderivativevitrodiagnosticsubstancesmanufacturing,0.0
categorical__industry_description_bloodderivativesmanufacturing,0.0
categorical__industry_description_bloodbanks,0.0
categorical__industry_description_bloodbanking,0.0
categorical__industry_description_bloodbank,0.0
categorical__industry_description_bloodanalysislaboratories,0.0
categorical__industry_description_boatingclubsmarinas,0.0
categorical__industry_description_boathaulingtrucklongdistance,0.0
categorical__industry_description_boatdealersnewused,0.0
categorical__industry_description_boatbuilding,0.0
categorical__industry_description_boardswoodresawingpurchasedlumber,0.0
categorical__industry_description_boardswoodmadelogsbolts,0.0
categorical__industry_description_boardssupervisorscountylocal,0.0
categorical__industry_description_boardparticlemanufacturing,0.0
categorical__industry_description_boardingschoolselementarysecondary,0.0
categorical__industry_description_boardbagassemanufacturing,0.0
categorical__industry_description_bluegascarburetedproductiondistribution,0.0
categorical__industry_description_blueberryfarming,0.0
categorical__industry_description_blowninsulationegcellulosevermiculiteinstallation,0.0
categorical__industry_description_blowmoldingmachineryplasticsmanufacturing,0.0
categorical__industry_description_blowmolding,0.0
categorical__industry_description_blowersleafmanufacturing,0.0
categorical__industry_description_bodybuildingstudiosphysicalfitness,0.0
categorical__industry_description_bodiesmotorvehiclemerchantwholesalers,0.0
categorical__industry_description_bobtailerslaundrydrycleaning,0.0
categorical__industry_description_bobbinstextilemachinerymanufacturing,0.0
categorical__industry_description_bobbinsfibermadepurchasedpaperboard,0.0
categorical__industry_description_boatyardseboatmanufacturingfacilities,0.0
categorical__industry_description_boattransportertrailerssingleunitmanufacturing,0.0
categorical__industry_description_boattransportertrailersmultiunitmanufacturing,0.0
categorical__industry_description_boatspleasureegcanoesmotorboatssailboatsmerchantwholesalers,0.0
categorical__industry_description_boatsinflatableplasticsexcepttoytypemanufacturing,0.0
categorical__industry_description_boatshipbuildingmotors,0.0
categorical__industry_description_boatsesuitableintendedpersonalusemanufacturing,0.0
categorical__industry_description_boatsectionsprefabricatedmetalmanufacturing,0.0
categorical__industry_description_boatpleasurerepairmaintenanceservicesretailingnewboats,0.0
categorical__industry_description_boatmanufacturing,0.0
categorical__industry_description_boatliftsmanufacturing,0.0
categorical__industry_description_bondedwarehousingfarmproductsexceptrefrigerated,0.0
categorical__industry_description_bondedwarehousingexceptfarmproductsgeneralmerchandiserefrigerated,0.0
categorical__industry_description_bondedfiberfabricsmanufacturing,0.0
categorical__industry_description_bombsmanufacturing,0.0
categorical__industry_description_boltnutscrewrivetwashermanufacturing,0.0
categorical__industry_description_bolognamadepurchasedcarcasses,0.0
categorical__industry_description_boilertubeswroughtmadepurchasediron,0.0
categorical__industry_description_boilerspowermanufacturing,0.0
categorical__industry_description_boilersheatingmanufacturing,0.0
categorical__industry_description_boilersegheatinghotwaterpowersteammerchantwholesalers,0.0
categorical__industry_description_boilerpipeinsulationinstallation,0.0
categorical__industry_description_boilercouplingsdrainsplumbingheatingtypemanufacturing,0.0
categorical__industry_description_boilerchippingcleaningscaling,0.0
categorical__industry_description_boilercasingsmanufacturing,0.0
categorical__industry_description_bodyshopsautomotive,0.0
categorical__industry_description_bookkeepingservices,0.0
categorical__industry_description_bookkeepersoffices,0.0
categorical__industry_description_bookeghardbackpaperbacktapepublishersexceptexclusiveinternetpublishing,0.0
categorical__industry_description_bookclubsnotpublishingmailorder,0.0
categorical__industry_description_bookcaseswoodofficetypemanufacturing,0.0
categorical__industry_description_bookcaseswoodhouseholdtypemanufacturing,0.0
categorical__industry_description_bookcasesexceptwoodofficetypemanufacturing,0.0
categorical__industry_description_bookbindingshops,0.0
categorical__industry_description_bookbindingprinting,0.0
categorical__industry_description_bookbindingmachinesmanufacturing,0.0
categorical__industry_description_boneplatesscrewsmanufacturing,0.0
categorical__industry_description_bonedrillsmanufacturing,0.0
categorical__industry_description_bondpapermadepurchasedpaper,0.0
categorical__industry_description_bonderizingmetalmetalproductstrade,0.0
categorical__industry_description_bondedwarehousingrefrigerated,0.0
categorical__industry_description_bootsdresscasualmensmanufacturing,0.0
categorical__industry_description_bootmakingrepairingmachinerymanufacturing,0.0
categorical__industry_description_bootcampsdelinquentyouth,0.0
categorical__industry_description_boostersfeedervoltageeelectricaltransformersmanufacturing,0.0
categorical__industry_description_boosterpumpingstationrefinedpetroleumproductstransportation,0.0
categorical__industry_description_boosterpumpingstationcrudeoiltransportation,0.0
categorical__industry_description_bookssalesmanifoldprinting,0.0
categorical__industry_description_booksprintingpublishing,0.0
categorical__industry_description_booksprintingbindingpublishing,0.0
categorical__industry_description_booksperiodicalnewspapermerchantwholesalers,0.0
categorical__industry_description_booksmerchantwholesalers,0.0
categorical__industry_description_bookpublishing,0.0
categorical__industry_description_bookpublishersprintingcombined,0.0
categorical__industry_description_bookpublishers,0.0
categorical__industry_description_bookmakers,0.0
categorical__industry_description_bottlesexceptwastemerchantwholesalers,0.0
categorical__industry_description_bottlesebottlingcanningpackagingglassmanufacturing,0.0
categorical__industry_description_bottledwaterprovidersdirectselling,0.0
categorical__industry_description_bottledwatermanufacturing,0.0
categorical__industry_description_bottledwaterexceptwatertreatingmerchantwholesalers,0.0
categorical__industry_description_bottledgasdealersdirectselling,0.0
categorical__industry_description_bottlecapstopsmetalstamping,0.0
categorical__industry_description_bottlecapslidsplasticsmanufacturing,0.0
categorical__industry_description_botanicalgardens,0.0
categorical__industry_description_botanicaldrugsherbsmerchantwholesalers,0.0
categorical__industry_description_boroncompoundsnotspecifiedelsewhereprocessmanufacturing,0.0
categorical__industry_description_boringmachinesmetalworkingmanufacturing,0.0
categorical__industry_description_boringdrillingmillingmachinecombinationsmetalworkingmanufacturing,0.0
categorical__industry_description_boringbuildingconstruction,0.0
categorical__industry_description_bootsrubberrubbersoledfabricuppermanufacturing,0.0
categorical__industry_description_bootseghikingwesternworkmerchantwholesalers,0.0
categorical__industry_description_boxedmeatsproducedslaughteringplants,0.0
categorical__industry_description_boxedmeatproducedpurchasedcarcasses,0.0
categorical__industry_description_boxedbeefproducedslaughteringplants,0.0
categorical__industry_description_boxedbeefmadepurchasedcarcasses,0.0
categorical__industry_description_bowsarcherymanufacturing,0.0
categorical__industry_description_bowlingequipmentsupplystores,0.0
categorical__industry_description_bowlingalleys,0.0
categorical__industry_description_bouldercrushedbrokenminingbeneficiating,0.0
categorical__industry_description_boudoirlampfixturesmanufacturing,0.0
categorical__industry_description_bottlingmachineryequipmentmerchantwholesalers,0.0
categorical__industry_description_bottlingmachineryegcappingfillinglabelingsterilizingwashingmanufacturing,0.0
categorical__industry_description_bottlewasherspackagingmachinerymanufacturing,0.0
categorical__industry_description_bottlesvacuumlightgaugemetalmanufacturing,0.0
categorical__industry_description_braceletspreciousmetalmanufacturing,0.0
categorical__industry_description_boysenberryfarming,0.0
categorical__industry_description_boxspringsassembledmadepurchasedspring,0.0
categorical__industry_description_boxspringframesmanufacturing,0.0
categorical__industry_description_boxshookmanufacturing,0.0
categorical__industry_description_boxlunchessaleoffpremisesmanufacturing,0.0
categorical__industry_description_boxeswoodmanufacturing,0.0
categorical__industry_description_boxestruckegcargodumputilityvanassembledpurchasedchassis,0.0
categorical__industry_description_boxesshippinglaminatedpaperpaperboardmadepurchasedpaperboard,0.0
categorical__industry_description_boxessetupenotshippedflatmadepurchasedpaperboard,0.0
categorical__industry_description_boxessanitaryfoodexceptfoldingmadepurchasedpaperpaperboard,0.0
categorical__industry_description_boxespaperboarddisposableplasticsmerchantwholesalers,0.0
categorical__industry_description_boxeslightgaugemetalmanufacturing,0.0
categorical__industry_description_boxesfoldingexceptcorrugatedmadepurchasedpaperboard,0.0
categorical__industry_description_boxeselectricalwiringegjunctionoutletswitchmanufacturing,0.0
categorical__industry_description_brazingehardeningmetalsmetalproductstrade,0.0
categorical__industry_description_brassproductsrollingdrawingextrudingmadepurchasedcopperintegratedsecondarysmeltingrollingdrawingextrudingplants,0.0
categorical__industry_description_brassmanufacturing,0.0
categorical__industry_description_brassfoundriesexceptdiecasting,0.0
categorical__industry_description_brassdiecastingsunfinishedmanufacturing,0.0
categorical__industry_description_brakespartsrailroadrollingstockmanufacturing,0.0
categorical__industry_description_brakepadsshoesautomotivetruckbusmanufacturing,0.0
categorical__industry_description_brakehoseassembliesmanufacturing,0.0
categorical__industry_description_brakefluidsyntheticmanufacturing,0.0
categorical__industry_description_brakedrumsautomotivetruckbusmanufacturing,0.0
categorical__industry_description_brakediscsrotorautomotivetruckbusmanufacturing,0.0
categorical__industry_description_brakecaliperassembliesautomotivetruckbusmanufacturing,0.0
categorical__industry_description_bracketsmadepurchasedwire,0.0
categorical__industry_description_bracketsebuildershardwaretypemetalmanufacturing,0.0
categorical__industry_description_brickpaveregdrivewayspatiossidewalksinstallation,0.0
categorical__industry_description_bricklayingcontractors,0.0
categorical__industry_description_brickdrivewaycontractors,0.0
categorical__industry_description_breweryretail,0.0
categorical__industry_description_brewery,0.0
categorical__industry_description_brewersdistillersflakesgritscornmanufacturing,0.0
categorical__industry_description_breweries,0.0
categorical__industry_description_breedingpetsegbirdscatsdogs,0.0
categorical__industry_description_breedinganimalservices,0.0
categorical__industry_description_breathingairproductiondeliverygasdetectionsafetyservices,0.0
categorical__industry_description_breakwaterconstruction,0.0
categorical__industry_description_breakfastcerealsmanufacturing,0.0
categorical__industry_description_breakfastcerealmanufacturing,0.0
categorical__industry_description_breakfastbarsnonchocolatecoveredmanufacturing,0.0
categorical__industry_description_breadcrumbsnotmadebakeries,0.0
categorical__industry_description_broadcastequipmentincludingstudioradiotelevisionmanufacturing,0.0
categorical__industry_description_briningfruitsvegetables,0.0
categorical__industry_description_bridgetunnelhighwayoperations,0.0
categorical__industry_description_bridgetrestlepartswoodtreating,0.0
categorical__industry_description_bridgesectionsprefabricatedmetalmanufacturing,0.0
categorical__industry_description_bridgegateliftingmachinerymanufacturing,0.0
categorical__industry_description_bridgedeckingconstruction,0.0
categorical__industry_description_brickveneerinstallation,0.0
categorical__industry_description_brickstonerelatedconstructionmaterialmerchantwholesalers,0.0
categorical__industry_description_bricksnonclayrefractorymanufacturing,0.0
categorical__industry_description_bricksglassmadepurchasedglass,0.0
categorical__industry_description_bricksglassmadeglassmakingplants,0.0
categorical__industry_description_bricksexceptrefractorymerchantwholesalers,0.0
categorical__industry_description_bricksecommonfaceglazedhollowvitrifiedclaymanufacturing,0.0
categorical__industry_description_bricksconcretemanufacturing,0.0
categorical__industry_description_bricksclayrefractorymanufacturing,0.0
categorical__industry_description_bronzefoundriesexceptdiecasting,0.0
categorical__industry_description_bronchoscopesexceptelectromedicalmanufacturing,0.0
categorical__industry_description_bronchoscopeselectromedicalmanufacturing,0.0
categorical__industry_description_brominemanufacturing,0.0
categorical__industry_description_brokersofficesinsurance,0.0
categorical__industry_description_brokeragessecurities,0.0
categorical__industry_description_broilerchickenproduction,0.0
categorical__industry_description_broccolifarmingfieldbeddingplantseedproduction,0.0
categorical__industry_description_broadwovenfabricmills,0.0
categorical__industry_description_broadwaytheaters,0.0
categorical__industry_description_broadcastingstudioradiostation,0.0
categorical__industry_description_broadcastingstationstelevision,0.0
categorical__industry_description_broadcastingnetworkstelevision,0.0
categorical__industry_description_broadcastingnetworksradio,0.0
categorical__industry_description_broadcastingequipmentmerchantwholesalers,0.0
categorical__industry_description_bucklesbucklepartsincludingshoemanufacturing,0.0
categorical__industry_description_bucketsexcavatingegclamshellconcretedragscraperdraglineshovelmanufacturing,0.0
categorical__industry_description_bucketselevatorconveyormanufacturing,0.0
categorical__industry_description_bubblepackagingmaterialsplasticsmanufacturing,0.0
categorical__industry_description_brusselsproutfarmingfieldbeddingplantseedproduction,0.0
categorical__industry_description_brushplatescarbongraphitemanufacturing,0.0
categorical__industry_description_brushhaulinglocal,0.0
categorical__industry_description_brushesrubbermanufacturing,0.0
categorical__industry_description_brushespaintexceptartistsmanufacturing,0.0
categorical__industry_description_brusheshouseholdtypeindustrialmanufacturing,0.0
categorical__industry_description_brushesbrushstockcontactselectriccarbongraphitemanufacturing,0.0
categorical__industry_description_brushblockscarbonmoldedgraphitemanufacturing,0.0
categorical__industry_description_brownsugarmanufacturing,0.0
categorical__industry_description_brownsugarmadebeetsugar,0.0
categorical__industry_description_broomshandmachinemanufacturing,0.0
categorical__industry_description_bronzeprintinginksmanufacturing,0.0
categorical__industry_description_buildingcleaning,0.0
categorical__industry_description_buildingboardegfiberflakeparticlemerchantwholesalers,0.0
categorical__industry_description_buildingautomationsysteminstallationcontractors,0.0
categorical__industry_description_buildingarchitecturaldesignservices,0.0
categorical__industry_description_buildingapartmentrentalleasing,0.0
categorical__industry_description_buildershardwaremetalmanufacturing,0.0
categorical__industry_description_buffingpolishingwheelsabrasivenonabrasivemanufacturing,0.0
categorical__industry_description_buffingpolishingmachinesmetalworkingmanufacturing,0.0
categorical__industry_description_buffingmetalsmetalproductstrade,0.0
categorical__industry_description_buffingmachineshandheldpowerdrivenmanufacturing,0.0
categorical__industry_description_buffeteatingplaces,0.0
categorical__industry_description_budgetfinance,0.0
categorical__industry_description_budgetagenciesgovernment,0.0
categorical__industry_description_buildingpanelscorrugatedflatplasticsmanufacturing,0.0
categorical__industry_description_buildingoilgaswellfoundationscontractbasis,0.0
categorical__industry_description_buildingnonresidentialexceptminiwarehouserentalleasing,0.0
categorical__industry_description_buildingmaterialsuppliesdealers,0.0
categorical__industry_description_buildingmaterialsfiberglassexceptinsulationroofingsidingmerchantwholesalers,0.0
categorical__industry_description_buildinginsulationcontractors,0.0
categorical__industry_description_buildinginspectionservices,0.0
categorical__industry_description_buildingframingexceptstructuralsteel,0.0
categorical__industry_description_buildingfixturefittingexceptmechanicalequipmentinstallation,0.0
categorical__industry_description_buildingfireproofingcontractors,0.0
categorical__industry_description_buildingexteriorcleaningservicesexceptsandblastingwindowcleaning,0.0
categorical__industry_description_buildingexteriorcleaningservicesexceptsandblastingwindow,0.0
categorical__industry_description_buildingerectingrepairingdismantlingoilgasfieldrigsderrickscontractbasis,0.0
categorical__industry_description_buildingconstruction,0.0
categorical__industry_description_bulkheadwallembarkmentconstruction,0.0
categorical__industry_description_bulkgasolinestations,0.0
categorical__industry_description_bulkfuelstoragefacility,0.0
categorical__industry_description_bulbselectriclightcompletemanufacturing,0.0
categorical__industry_description_buildtargets,0.0
categorical__industry_description_buildingsprefabricatedwoodmerchantwholesalers,0.0
categorical__industry_description_buildingsprefabricatedwoodmanufacturing,0.0
categorical__industry_description_buildingsprefabricatednonwoodmerchantwholesalers,0.0
categorical__industry_description_buildingsoperationcontractors,0.0
categorical__industry_description_buildingsmobilecommercialusemanufacturing,0.0
categorical__industry_description_buildingservicesmonitoringcontrolsautomaticmanufacturing,0.0
categorical__industry_description_buildingservices,0.0
categorical__industry_description_buildingresidentialrentalleasing,0.0
categorical__industry_description_buildingresidentialadditionalterationrenovation,0.0
categorical__industry_description_busbarstructuresswitchgeartypemanufacturing,0.0
categorical__industry_description_busbarselectricalconductorsexceptswitchgeartypemanufacturing,0.0
categorical__industry_description_burnersheatingmanufacturing,0.0
categorical__industry_description_burnersfueloildistillateoilmerchantwholesalers,0.0
categorical__industry_description_burlingmendingfabrics,0.0
categorical__industry_description_burialvaultsstonemanufacturing,0.0
categorical__industry_description_burialvaultsconcreteprecastterrazzomanufacturing,0.0
categorical__industry_description_burialcasketscasesmanufacturing,0.0
categorical__industry_description_burglaralarmsystemsequipmentmanufacturing,0.0
categorical__industry_description_bunkhouseconstruction,0.0
categorical__industry_description_bulkstationspetroleum,0.0
categorical__industry_description_bulkmailtrucktransportationcontractlocal,0.0
categorical__industry_description_businessengineeringservices,0.0
categorical__industry_description_businessdirectoriesscreenprintingpublishing,0.0
categorical__industry_description_businessdevelopmentadministrative,0.0
categorical__industry_description_businessconsumerretailsalesinternetsites,0.0
categorical__industry_description_businessbusinesselectronicmarketsnondurablegoodswholesaletrade,0.0
categorical__industry_description_businessbusinesselectronicmarketsdurablegoodswholesaletrade,0.0
categorical__industry_description_businessbusinesselectronicmarketsdurablegoodswholesale,0.0
categorical__industry_description_businessbrokersexceptrealestatebrokers,0.0
categorical__industry_description_businessbillingothersupportserviceshospitalownedmanagedphysicianpractices,0.0
categorical__industry_description_businessassociations,0.0
categorical__industry_description_bushingsplasticsmanufacturing,0.0
categorical__industry_description_busesscenicsightseeingoperation,0.0
categorical__industry_description_buscoallotheremployees,0.0
categorical__industry_description_busbodiesmanufacturing,0.0
categorical__industry_description_busbodiesassemblingpurchasedchassis,0.0
categorical__industry_description_busothermotorvehicletransitsystems,0.0
categorical__industry_description_busmerchantwholesalers,0.0
categorical__industry_description_buslineoperationintercity,0.0
categorical__industry_description_buslinelocalexceptmixedmode,0.0
categorical__industry_description_businessservices,0.0
categorical__industry_description_businessservicecentersexceptprivatemailcentersprovidingrangeofficesupportservicesexceptprinting,0.0
categorical__industry_description_businessresearchdevelopmentservices,0.0
categorical__industry_description_businessprintforms,0.0
categorical__industry_description_businessoffice,0.0
categorical__industry_description_businessmanagementservices,0.0
categorical__industry_description_businessmanagementconsultingservices,0.0
categorical__industry_description_businessmachinesequipmentexceptcomputersmerchantwholesalers,0.0
categorical__industry_description_businessformsmanifoldprinting,0.0
categorical__industry_description_businessformscommercialprintingexceptscreenpublishing,0.0
categorical__industry_description_businessforms,0.0
categorical__industry_description_butylrubbermanufacturing,0.0
categorical__industry_description_butylenemaderefinedpetroleumliquidhydrocarbons,0.0
categorical__industry_description_butyleneebutenemadepetroleumrefineries,0.0
categorical__industry_description_buttonholeeyeletmachinerymanufacturing,0.0
categorical__industry_description_buttoncellsprimarybatteriesmanufacturing,0.0
categorical__industry_description_buttermanufacturing,0.0
categorical__industry_description_butterflyvalvesindustrialtypemanufacturing,0.0
categorical__industry_description_buttercreamerywheymanufacturing,0.0
categorical__industry_description_butchersknivesmanufacturing,0.0
categorical__industry_description_butchershops,0.0
categorical__industry_description_butadienerubberepolybutadienemanufacturing,0.0
categorical__industry_description_butadienemaderefinedpetroleumliquidhydrocarbons,0.0
categorical__industry_description_bustransitsystemsexceptmixedmode,0.0
categorical__industry_description_busterminaloperationindependent,0.0
categorical__industry_description_busrentalleasing,0.0
categorical__industry_description_cabinshousekeeping,0.0
categorical__industry_description_cabinetworksnopowerwoodworkingmachinery,0.0
categorical__industry_description_cabinetswoodofficetypefreestandingmanufacturing,0.0
categorical__industry_description_cabinetswoodhouseholdtypefreestandingmanufacturing,0.0
categorical__industry_description_cabinetswoodbuiltconstructedsite,0.0
categorical__industry_description_cabinetstoreskitchenexceptcustominstalled,0.0
categorical__industry_description_cabinetsmetalhouseholdtypefreestandingmanufacturing,0.0
categorical__industry_description_cabinetskitchenfreestandingmerchantwholesalers,0.0
categorical__industry_description_cabinetskitchenfreestandingmerchantwholesal,0.0
categorical__industry_description_cabinetskitchenbuiltmerchantwholesalers,0.0
categorical__industry_description_cabinetsehousingswoodegsewingmachinesstereotelevisionmanufacturing,0.0
categorical__industry_description_cabinetryworkperformedconstructionsite,0.0
categorical__industry_description_cabinconstructiongeneralcontractors,0.0
categorical__industry_description_cabetaxiservices,0.0
categorical__industry_description_cabchassislighttrucksvansmanufacturing,0.0
categorical__industry_description_alcoholicbeveragesexceptbrandydistilling,0.0
categorical__industry_description_alcoholicbeveragesbrandydistilling,0.0
categorical__industry_description_alcoholicbeveragedrinkingplaces,0.0
categorical__industry_description_albumsphotomerchantwholesalers,0.0
categorical__industry_description_alarmsystemsequipmentmanufacturing,0.0
categorical__industry_description_alarmsystemmonitoringservices,0.0
categorical__industry_description_alarmsystemcentralmonitoringequipmentmanufacturing,0.0
categorical__industry_description_airwasherseairscrubbersmanufacturing,0.0
categorical__industry_description_airsystembalancingtesting,0.0
categorical__industry_description_airshowmanagersfacilities,0.0
categorical__industry_description_airseparationdistribution,0.0
categorical__industry_description_airscrubbingsystemsmanufacturing,0.0
categorical__industry_description_airpurificationequipmentstationarymanufacturing,0.0
categorical__industry_description_cabsconstructionmachinerymanufacturing,0.0
categorical__industry_description_cabsagriculturalmachinerymanufacturing,0.0
categorical__industry_description_cabletvprovidersexceptnetworks,0.0
categorical__industry_description_cabletelevisiontransmissionreceivingequipmentmanufacturing,0.0
categorical__industry_description_cabletelevisionnetworks,0.0
categorical__industry_description_cabletelevisionhookupcontractors,0.0
categorical__industry_description_cabletelevisiondistributionservices,0.0
categorical__industry_description_cablesplicingexceptelectricalfiberoptic,0.0
categorical__industry_description_cablesplicingelectricalfiberoptic,0.0
categorical__industry_description_cableprogramdistributionoperators,0.0
categorical__industry_description_cableothersubscriptionprogramming,0.0
categorical__industry_description_cabledecodersmanufacturing,0.0
categorical__industry_description_cablecopperegarmoredbareinsulatedmadepurchasedcopperwiredrawingplants,0.0
categorical__industry_description_cablebroadcastingnetworks,0.0
categorical__industry_description_calciuminorganiccompoundsnotspecifiedelsewhereprocessmanufacturing,0.0
categorical__industry_description_calciumhydroxideehydratedlimemanufacturing,0.0
categorical__industry_description_calciumcarbidechloridehypochloritemanufacturing,0.0
categorical__industry_description_calciningpetroleumcokerefinedpetroleum,0.0
categorical__industry_description_calciminesmerchantwholesalers,0.0
categorical__industry_description_cakesbakingexceptfrozenmadecommercialbakeries,0.0
categorical__industry_description_cakeornamentsconfectionerymanufacturing,0.0
categorical__industry_description_cakefrozenmanufacturing,0.0
categorical__industry_description_cakefrostingmanufacturing,0.0
categorical__industry_description_caftansmensboyscutsewnpurchasedfabricexceptapparelcontractors,0.0
categorical__industry_description_cafeterias,0.0
categorical__industry_description_cafeteriafixturesmanufacturing,0.0
categorical__industry_description_caecomputeraidedengineeringsystemsintegrationdesignservices,0.0
categorical__industry_description_cadcomputeraideddesignsystemsintegrationdesignservices,0.0
categorical__industry_description_campingequipmentsuppliesmerchantwholesalers,0.0
categorical__industry_description_campgroundsnonprofitcgl,0.0
categorical__industry_description_campgrounds,0.0
categorical__industry_description_camperunitsslidepickuptrucksmanufacturing,0.0
categorical__industry_description_camperdealersrecreational,0.0
categorical__industry_description_camerastelevisionmanufacturing,0.0
categorical__industry_description_camerasexcepttelevisionvideomanufacturing,0.0
categorical__industry_description_cameragimbalsautopilots,0.0
categorical__industry_description_cameraequipmentsuppliesphotographicmerchantwholesalers,0.0
categorical__industry_description_callcenter,0.0
categorical__industry_description_calipersdividersmachinistsprecisiontoolsmanufacturing,0.0
categorical__industry_description_calibrationcertificationtestinglaboratoriesservices,0.0
categorical__industry_description_calfegfeederstockervealproduction,0.0
categorical__industry_description_calenderingtextileproductsapparelfabrics,0.0
categorical__industry_description_calenderingmachinerytextilesmanufacturing,0.0
categorical__industry_description_calciumorganiccompoundsnotspecifiedelsewhereprocessmanufacturing,0.0
categorical__industry_description_candystoreschocolatecandymadepremisesnotimmediateconsumption,0.0
categorical__industry_description_candymerchantwholesalers,0.0
categorical__industry_description_candymanufacturing,0.0
categorical__industry_description_candydistribution,0.0
categorical__industry_description_candychocolatemadecacaobeans,0.0
categorical__industry_description_candyboxmanufacturing,0.0
categorical__industry_description_candybarschocolateincludingchocolatecoveredmadecacaobeans,0.0
categorical__industry_description_candlesmanufacturing,0.0
categorical__industry_description_candiedfruitsfruitpeelmanufacturing,0.0
categorical__industry_description_cancertreatmenthospital,0.0
categorical__industry_description_cancerhospitals,0.0
categorical__industry_description_cancerdetectionprogramadministration,0.0
categorical__industry_description_canalmaintenanceservicesexceptdredging,0.0
categorical__industry_description_canalirrigation,0.0
categorical__industry_description_campsexceptdayinstructional,0.0
categorical__industry_description_campingtrailerschassismanufacturing,0.0
categorical__industry_description_cantaloupefarmingfieldbeddingplantseedproduction,0.0
categorical__industry_description_canssteellightgaugemetalmanufacturing,0.0
categorical__industry_description_canslightgaugemetalmanufacturing,0.0
categorical__industry_description_cansaluminumlightgaugemetalmanufacturing,0.0
categorical__industry_description_canopiessheetmetalexceptstampingsmanufacturing,0.0
categorical__industry_description_canolarapeseedoilcakemealmadecrushingmills,0.0
categorical__industry_description_canningpoultryexceptbabypetfood,0.0
categorical__industry_description_canningjamsjellies,0.0
categorical__industry_description_canneryconstruction,0.0
categorical__industry_description_cannednutsmanufacturing,0.0
categorical__industry_description_cannedfoodsegfishmeatseafoodsoupsmerchantwholesalers,0.0
categorical__industry_description_canmanufacturing,0.0
categorical__industry_description_canlidsendslightgaugemetalmanufacturing,0.0
categorical__industry_description_canesugarmanufacturing,0.0
categorical__industry_description_candystoresnonchocolatecandymadepremisesnotimmediateconsumption,0.0
categorical__industry_description_carbidesegboroncalciumsilicontungstenmanufacturing,0.0
categorical__industry_description_capstopsbottlemetalstamping,0.0
categorical__industry_description_capspickuptrucksmanufacturing,0.0
categorical__industry_description_capsgownsacademiccutsewapparelcontractors,0.0
categorical__industry_description_capsexceptfurleathercutsewnpurchasedfabricexceptapparelcontractors,0.0
categorical__industry_description_capseapparelaccessorycutsewnpurchasedfabricexceptfurleatherapparelcontractors,0.0
categorical__industry_description_capseapparelaccessorycutsewapparelcontractors,0.0
categorical__industry_description_capsblastingdetonatingmanufacturing,0.0
categorical__industry_description_caprolactammanufacturing,0.0
categorical__industry_description_cappingsealingliddingpackagingmachinerymanufacturing,0.0
categorical__industry_description_capacitorsexceptelectronicfixedvariablemanufacturing,0.0
categorical__industry_description_capacitorselectronicfixedvariablemanufacturing,0.0
categorical__industry_description_canvassersdoordoorheadquartersretailsalemerchandisedirectselling,0.0
categorical__industry_description_canvasproductsmadepurchasedcanvascanvassubstitutes,0.0
categorical__industry_description_canvasbagsmanufacturing,0.0
categorical__industry_description_cantsresawedlumbermanufacturing,0.0
categorical__industry_description_cardboardlaminatedsurfacecoatedmadepurchasedpaperboard,0.0
categorical__industry_description_carburetorsalltypesmanufacturing,0.0
categorical__industry_description_carbonspecialtiesmechanicaluseexceptgasketsmanufacturing,0.0
categorical__industry_description_carbonspecialtieselectricalusemanufacturing,0.0
categorical__industry_description_carbonspecialtiesaerospaceuseexceptgasketsmanufacturing,0.0
categorical__industry_description_carbonselectricmanufacturing,0.0
categorical__industry_description_carbonorganiccompoundsnotspecifiedelsewhereprocessmanufacturing,0.0
categorical__industry_description_carboninorganiccompoundsmanufacturing,0.0
categorical__industry_description_carbonelectrodescontactselectricmanufacturing,0.0
categorical__industry_description_carbondisulfidemanufacturing,0.0
categorical__industry_description_carbonblackmanufacturing,0.0
categorical__industry_description_carbonatedsoftdrinksmanufacturing,0.0
categorical__industry_description_carbonatedsodamanufacturing,0.0
categorical__industry_description_carbonactivatedmanufacturing,0.0
categorical__industry_description_carbohydrateplasticsmanufacturing,0.0
categorical__industry_description_carbodieskitmanufacturing,0.0
categorical__industry_description_carnivalrideconcessionoperatorsesupplyingservicingothersfacilities,0.0
categorical__industry_description_carnivalamusementparkridesmanufacturing,0.0
categorical__industry_description_carleasing,0.0
categorical__industry_description_cargoshipbuilding,0.0
categorical__industry_description_cargocarriersairscheduled,0.0
categorical__industry_description_cardsegbusinessgreetingplayingpostcardstradingscreenprintingpublishing,0.0
categorical__industry_description_cardsegbusinessgreetingplayingpostcardstradingcommercialprintingexceptscreenpublishing,0.0
categorical__industry_description_cardsdiecutexceptofficesupplymadepurchasedpaperpaperboard,0.0
categorical__industry_description_cardiologistsofficesegcentersclinics,0.0
categorical__industry_description_cardiographsmanufacturing,0.0
categorical__industry_description_cardingtextilefibers,0.0
categorical__industry_description_cardingmachinerytextilesmanufacturing,0.0
categorical__industry_description_cardiacpreparationsmanufacturing,0.0
categorical__industry_description_cardedyarnmanufacturing,0.0
categorical__industry_description_cardednonwovenfabricsmanufacturing,0.0
categorical__industry_description_carportsprefabricatedmetalmanufacturing,0.0
categorical__industry_description_carpetstores,0.0
categorical__industry_description_carpetrugyarnspinning,0.0
categorical__industry_description_carpetrugupholsterycleaningoutsidede,0.0
categorical__industry_description_carpetrugresidentialrental,0.0
categorical__industry_description_carpetmerchantwholesalers,0.0
categorical__industry_description_carpetinstallationonly,0.0
categorical__industry_description_carpetfloorcleaningequipmentelectriccommercialtypemanufacturing,0.0
categorical__industry_description_carpetcleaningservices,0.0
categorical__industry_description_carpetcleaningcustomerspremises,0.0
categorical__industry_description_carpentryworkexceptframing,0.0
categorical__industry_description_carpentrynoc,0.0
categorical__industry_description_carpentrydetached12familydwellings,0.0
categorical__industry_description_carpentrycabinetstrim,0.0
categorical__industry_description_carpentersexceptframing,0.0
categorical__industry_description_carouselconveyorsegluggagemanufacturing,0.0
categorical__industry_description_cartridgeepowderhandheldpowerdriventoolsmanufacturing,0.0
categorical__industry_description_cartridgecasesammunitione30mmless118inchlessmanufacturing,0.0
categorical__industry_description_cartonspaperpaperboardmerchantwholesalers,0.0
categorical__industry_description_cartonsfoldingexceptmilkmadepurchasedpaperboard,0.0
categorical__industry_description_cartonseggmoldedpulpmanufacturing,0.0
categorical__industry_description_carstereosmanufacturing,0.0
categorical__industry_description_carsminingmanufacturing,0.0
categorical__industry_description_carselectrichighwayuseassemblingchassisownmanufacture,0.0
categorical__industry_description_carseatsinfantexceptmetalmanufacturing,0.0
categorical__industry_description_carsealsmetalmanufacturing,0.0
categorical__industry_description_carryoutrestaurants,0.0
categorical__industry_description_carrotscutpeeledslicedfreshmanufacturing,0.0
categorical__industry_description_carrierequipmenteanalogdigitaltelephonemanufacturing,0.0
categorical__industry_description_carrepairshopsgeneral,0.0
categorical__industry_description_castablerefractoriesclaymanufacturing,0.0
categorical__industry_description_cassettesprerecordedaudiovideomerchantwholesalers,0.0
categorical__industry_description_casketsburialmanufacturing,0.0
categorical__industry_description_casinogamingestablishment,0.0
categorical__industry_description_casingssheetmetalexceptstampingsmanufacturing,0.0
categorical__industry_description_casingssausagenonrigidplasticsmanufacturing,0.0
categorical__industry_description_casesjewelrymetalmanufacturing,0.0
categorical__industry_description_casementsmetalmanufacturing,0.0
categorical__industry_description_carwheelsrolledsteelmadeironsteelmills,0.0
categorical__industry_description_carwashingmachinerymanufacturing,0.0
categorical__industry_description_cartslawngardentypemanufacturing,0.0
categorical__industry_description_catalyticconvertersengineexhaustautomotivetruckbusmanufacturing,0.0
categorical__industry_description_catalogshowroomsgeneralmerchandiseexceptcatalogmailorder,0.0
categorical__industry_description_catalogeordertakingofficesmailorderhouses,0.0
categorical__industry_description_casualshoeswomensmanufacturing,0.0
categorical__industry_description_caststoneconcreteexceptstructuralmanufacturing,0.0
categorical__industry_description_caststeelrailroadcarwheelsunfinishedmanufacturing,0.0
categorical__industry_description_castoroilpomacemadecrushingmills,0.0
categorical__industry_description_castironrailroadcarwheelsmanufacturing,0.0
categorical__industry_description_castironpipepipefittingsmanufacturing,0.0
categorical__industry_description_castironfoundries,0.0
categorical__industry_description_castironbrakeshoesrailroadmanufacturing,0.0
categorical__industry_description_castingsunfinishedironegductilegraymalleablesemisteelmanufacturing,0.0
categorical__industry_description_castingssteelexceptinvestmentunfinishedmanufacturing,0.0
categorical__industry_description_castingsexceptdiecastingsunfinishedaluminummanufacturing,0.0
categorical__industry_description_castersindustrialmetalmanufacturing,0.0
categorical__industry_description_castablerefractoriesnonclaymanufacturing,0.0
categorical__industry_description_caulkingcompoundsexceptgypsumbasemanufacturing,0.0
categorical__industry_description_cauliflowerfarmingfieldbeddingplantseedproduction,0.0
categorical__industry_description_cattlemerchantwholesalers,0.0
categorical__industry_description_cattlefeedssupplementsconcentratespremixesmanufacturing,0.0
categorical__industry_description_cattlefeedlotsexceptstockyardstransportation,0.0
categorical__industry_description_cattlefeedingwateringequipmentmanufacturing,0.0
categorical__industry_description_cattlefarmingranching,0.0
categorical__industry_description_catlittermanufacturer,0.0
categorical__industry_description_cathodicprotectioninstallation,0.0
categorical__industry_description_cathodicprotectionequipmentmanufacturing,0.0
categorical__industry_description_cathetersmanufacturing,0.0
categorical__industry_description_catfoodmanufacturing,0.0
categorical__industry_description_catfishproductionfarmraising,0.0
categorical__industry_description_cateringservicessocial,0.0
categorical__industry_description_catchbasincleaningservices,0.0
categorical__industry_description_cellulartelephonesmerchantwholesalers,0.0
categorical__industry_description_cellulartelephoneservices,0.0
categorical__industry_description_cellophanefilmsheetmanufacturing,0.0
categorical__industry_description_ceilingmetalinstallation,0.0
categorical__industry_description_ceilinglumbermadelogsbolts,0.0
categorical__industry_description_ceilinglightingfixturesresidentialmanufacturing,0.0
categorical__industry_description_ceilinglightingfixturescommercialindustrialinstitutionalmanufacturing,0.0
categorical__industry_description_ceilingbeamwoodinstallation,0.0
categorical__industry_description_cedaroilmanufacturing,0.0
categorical__industry_description_cavernsenaturalwondertouristattractions,0.0
categorical__industry_description_causticsodamerchantwholesalers,0.0
categorical__industry_description_causewayconstruction,0.0
categorical__industry_description_causelossinvestigatorsinsurance,0.0
categorical__industry_description_caulkinggunsnonpoweredmanufacturing,0.0
categorical__industry_description_caulkingewaterproofingcontractors,0.0
categorical__industry_description_centersseniorcitizens,0.0
categorical__industry_description_cemeteryplotcareservices,0.0
categorical__industry_description_cemeteries,0.0
categorical__industry_description_cementsasphaltroofingmadepurchasedasphalticmaterials,0.0
categorical__industry_description_cementrubbermanufacturing,0.0
categorical__industry_description_cementplantconstruction,0.0
categorical__industry_description_cementmerchantwholesalers,0.0
categorical__industry_description_cementconcreteproductmanufacturing,0.0
categorical__industry_description_cementclayrefractorymanufacturing,0.0
categorical__industry_description_cementblocklaying,0.0
categorical__industry_description_cellulosicstaplefibersmanufacturing,0.0
categorical__industry_description_cellulosicplasticsfilmunlaminatedsheetexceptpackagingmanufacturing,0.0
categorical__industry_description_cellulosicfibersfilamentsmanufacturing,0.0
categorical__industry_description_cellulosexanthateviscosemanufacturing,0.0
categorical__industry_description_cellulosepropionateresinsmanufacturing,0.0
categorical__industry_description_ceramictileretailwarehouse,0.0
categorical__industry_description_ceramictilemanufacturer,0.0
categorical__industry_description_ceramictileinstallation,0.0
categorical__industry_description_ceramickilnsfurnacesmanufacturing,0.0
categorical__industry_description_ceramicfibermanufacturing,0.0
categorical__industry_description_ceramicconstructionmaterialsexceptrefractorymerchantwholesalers,0.0
categorical__industry_description_centrifugesindustriallaboratorytypemanufacturing,0.0
categorical__industry_description_centrifugalpumpsmanufacturing,0.0
categorical__industry_description_centralofficeswitchingequipmenttelephonemanufacturing,0.0
categorical__industry_description_centralizedadminoffices,0.0
categorical__industry_description_centralheatingequipmentwarmairmerchantwholesalers,0.0
categorical__industry_description_centralheatingequipmentpipinginstallation,0.0
categorical__industry_description_centralcoolingequipmentpipinginstallation,0.0
categorical__industry_description_centralairconditioningequipmentinstallation,0.0
categorical__industry_description_chairsbarberbeautyehydraulicmanufacturing,0.0
categorical__industry_description_chairglidesmanufacturing,0.0
categorical__industry_description_chaircouchspringsassembledmanufacturing,0.0
categorical__industry_description_chainweldedmadepurchasedwire,0.0
categorical__industry_description_chainspowertransmissionmanufacturing,0.0
categorical__industry_description_chainmadepurchasedwire,0.0
categorical__industry_description_chainlinkfencingironsteelmadewiredrawingplants,0.0
categorical__industry_description_chainlinkfencingfencegatesmadepurchasedwire,0.0
categorical__industry_description_chainlinkfencemanufacturing,0.0
categorical__industry_description_chainlinkfenceinstallation,0.0
categorical__industry_description_chainhoistsmanufacturing,0.0
categorical__industry_description_chainfittingsmanufacturing,0.0
categorical__industry_description_certificationschoolsteachers,0.0
categorical__industry_description_cerealproductsmerchantwholesalers,0.0
categorical__industry_description_cerealgrainflourmanufacturing,0.0
categorical__industry_description_ceramictilestores,0.0
categorical__industry_description_chassislighttruckutilitymanufacturing,0.0
categorical__industry_description_chassisheavytruckcabsmanufacturing,0.0
categorical__industry_description_chassisautomobilemanufacturing,0.0
categorical__industry_description_charterbusservicesexceptscenicsightseeing,0.0
categorical__industry_description_charterbusindustry,0.0
categorical__industry_description_charleysconcrete,0.0
categorical__industry_description_charcoalbriquetteswoodmanufacturing,0.0
categorical__industry_description_charcoalbriquettemfg,0.0
categorical__industry_description_charcoalactivatedmanufacturing,0.0
categorical__industry_description_channelconstruction,0.0
categorical__industry_description_chairsupholsteredhouseholdtypeexceptdiningroomkitchenmanufacturing,0.0
categorical__industry_description_chairsportablefoldingauditoriumtypemanufacturing,0.0
categorical__industry_description_chairsexceptwoodofficetypemanufacturing,0.0
categorical__industry_description_chairsexceptupholsteredwoodhouseholdtypemanufacturing,0.0
categorical__industry_description_chairseatsfurnituremanufacturing,0.0
categorical__industry_description_chairsdentistsmanufacturing,0.0
categorical__industry_description_chemicaladditivesegconcretefoodfueloilmerchantwholesalers,0.0
categorical__industry_description_chemical,0.0
categorical__industry_description_cheesespreadsmanufacturing,0.0
categorical__industry_description_cheeseproductsimitationsubstitutemanufacturing,0.0
categorical__industry_description_cheeseprocessingmachinerymanufacturing,0.0
categorical__industry_description_cheesemerchantwholesalers,0.0
categorical__industry_description_cheesemanufacturing,0.0
categorical__industry_description_cheesecurlspuffsmanufacturing,0.0
categorical__industry_description_cheesecottagemanufacturing,0.0
categorical__industry_description_cheeseanalogsmanufacturing,0.0
categorical__industry_description_checkvalvesindustrialtypemanufacturing,0.0
categorical__industry_description_checkvalidationservices,0.0
categorical__industry_description_checkroomservices,0.0
categorical__industry_description_checkbooksrefillsprinting,0.0
categorical__industry_description_chassismotorvehiclemerchantwholesalers,0.0
categorical__industry_description_chemicalsagriculturalmerchantwholesalers,0.0
categorical__industry_description_chemicalresearchdevelopmentlaboratoriesservicesexceptbiotechnologyresearchdevelopment,0.0
categorical__industry_description_chemicalresearch,0.0
categorical__industry_description_chemicalproducts,0.0
categorical__industry_description_chemicalprocessingmachineryequipmentmanufacturing,0.0
categorical__industry_description_chemicalplant,0.0
categorical__industry_description_chemicalmillingmachinesmetalworkingmanufacturing,0.0
categorical__industry_description_chemicalmillingjobshops,0.0
categorical__industry_description_chemicalmanufacturing,0.0
categorical__industry_description_chemicalmanufacturer,0.0
categorical__industry_description_chemicalindustriesmachineryequipmentmerchantwholesalers,0.0
categorical__industry_description_chemicalgasesmerchantwholesalers,0.0
categorical__industry_description_chemicalfinishingegfiremildewwaterresistancefabrics,0.0
categorical__industry_description_chemicalexceptpetrochemicalprocesstypeplantconstruction,0.0
categorical__industry_description_chemicalblendingmixingnocalloperations,0.0
categorical__industry_description_chemicalalliedproductmerchantwholesalers,0.0
categorical__industry_description_chickenfeedersmanufacturing,0.0
categorical__industry_description_chickencoopsprefabricatedwoodmanufacturing,0.0
categorical__industry_description_chickenchickenproductsexceptcannedpackagedfrozenmerchantwholesalers,0.0
categorical__industry_description_chewingtobaccomerchantwholesalers,0.0
categorical__industry_description_chewingtobaccomanufacturing,0.0
categorical__industry_description_chewinggummanufacturing,0.0
categorical__industry_description_chestsmoneymetalmanufacturing,0.0
categorical__industry_description_cherryfarming,0.0
categorical__industry_description_chemicaltreatmentsoilcrops,0.0
categorical__industry_description_chemicaltransportationpackaging,0.0
categorical__industry_description_chemicaltoiletsplasticsmanufacturing,0.0
categorical__industry_description_chemicalsresearchdevelopment,0.0
categorical__industry_description_chemicalsmanufacturing,0.0
categorical__industry_description_chemicalsalliedproductsnotelsewhereclassified,0.0
categorical__industry_description_childrenshospitalspsychiatricsubstanceabuse,0.0
categorical__industry_description_childrenscampsexceptdayinstructional,0.0
categorical__industry_description_childguidanceagencies,0.0
categorical__industry_description_childgroupfosterhomes,0.0
categorical__industry_description_childdaycareservices,0.0
categorical__industry_description_childdaycarecenters,0.0
categorical__industry_description_childdaycarebeforeafterschoolseparateschools,0.0
categorical__industry_description_childcaredayhealthoutpatienttherapy,0.0
categorical__industry_description_childcaredayhealth,0.0
categorical__industry_description_childcare,0.0
categorical__industry_description_chickenproductionexceptegglaying,0.0
categorical__industry_description_chickenfeedspreparedmanufacturing,0.0
categorical__industry_description_chippersstationaryeglogmanufacturing,0.0
categorical__industry_description_chippersportablecommercialegbrushlimblogmanufacturing,0.0
categorical__industry_description_chippermillsexceptportable,0.0
categorical__industry_description_chipboardlaminatedsurfacecoatedmadepurchasedpaperboard,0.0
categorical__industry_description_chipboardepaperboardstockmanufacturing,0.0
categorical__industry_description_chinesenoodlesfriedmanufacturing,0.0
categorical__industry_description_chinawarestores,0.0
categorical__industry_description_chimneyconcreteconstruction,0.0
categorical__industry_description_chimneybrickblockstonecontractors,0.0
categorical__industry_description_chimespartsmusicalinstrumentsmanufacturing,0.0
categorical__industry_description_chilledwatersysteminstallation,0.0
categorical__industry_description_chilipepperpowdermanufacturing,0.0
categorical__industry_description_childyouthservices,0.0
categorical__industry_description_childwelfareservices,0.0
categorical__industry_description_childrenshospitalsspecialtyexceptpsychiatricsubstanceabuse,0.0
categorical__industry_description_christmastreegrowing,0.0
categorical__industry_description_christmastreeassembliesoilgasfieldtypemanufacturing,0.0
categorical__industry_description_chowdersseafoodmanufacturing,0.0
categorical__industry_description_chopsueyfrozenmanufacturing,0.0
categorical__industry_description_chokeselectroniccircuitrymanufacturing,0.0
categorical__industry_description_chocolateprocessingmachinerymanufacturing,0.0
categorical__industry_description_chocolateegcoatingsinstantliquorsyrupsmadecacaobeans,0.0
categorical__industry_description_chocolatecoveredcandybarsmadepurchasedchocolate,0.0
categorical__industry_description_chocolateconfectionerymadecacaobeans,0.0
categorical__industry_description_chocolatecoatinginstantliquorsyrupsmadepurchasedchocolate,0.0
categorical__industry_description_chloroprenerubbermanufacturing,0.0
categorical__industry_description_chloropicrinmanufacturing,0.0
categorical__industry_description_chlorinemanufacturing,0.0
categorical__industry_description_chlorinecompoundsnotspecifiedelsewhereprocessmanufacturing,0.0
categorical__industry_description_chiropractorsofficesegcentersclinics,0.0
categorical__industry_description_chipsegcornpotatomerchantwholesalers,0.0
categorical__industry_description_cigarettelighterflintsmanufacturing,0.0
categorical__industry_description_cigarettecasespreciousmetalmanufacturing,0.0
categorical__industry_description_cigarcigaretteholdersplasticsmanufacturing,0.0
categorical__industry_description_cidervinegarmanufacturing,0.0
categorical__industry_description_cidernonalcoholicmanufacturing,0.0
categorical__industry_description_cideralcoholicmanufacturing,0.0
categorical__industry_description_chutesfabricatedmetalplateworkmanufacturing,0.0
categorical__industry_description_churchfurnitureexceptconcretestonemanufacturing,0.0
categorical__industry_description_churches,0.0
categorical__industry_description_chucksemachinetoolaccessorymanufacturing,0.0
categorical__industry_description_chuckingmachinesautomaticmetalworkingmanufacturing,0.0
categorical__industry_description_chronicdiseasehospitals,0.0
categorical__industry_description_chromiumoxidemanufacturing,0.0
categorical__industry_description_chromatographsindustrialprocesstypemanufacturing,0.0
categorical__industry_description_chromatographicinstrumentslaboratorytypemanufacturing,0.0
categorical__industry_description_circuitbreakersswitchgearmfgsvc,0.0
categorical__industry_description_circuitbreakerspowermanufacturing,0.0
categorical__industry_description_circuitbreakersmerchantwholesalers,0.0
categorical__industry_description_circuitbreakersairmanufacturing,0.0
categorical__industry_description_circuitboardsprintedbaremanufacturing,0.0
categorical__industry_description_circuitboardsmerchantwholesalers,0.0
categorical__industry_description_circuitboardmakingmachinerymanufacturing,0.0
categorical__industry_description_cinemaconstruction,0.0
categorical__industry_description_cinderclinkerblockconcretemanufacturing,0.0
categorical__industry_description_cinderblockinstallation,0.0
categorical__industry_description_cigarstores,0.0
categorical__industry_description_cigarmanufacturing,0.0
categorical__industry_description_cigarettetowcellulosicfibermanufacturing,0.0
categorical__industry_description_cigarettesmanufacturing,0.0
categorical__industry_description_cigarettepapermadepurchasedpaper,0.0
categorical__industry_description_cigarettelightersexceptpreciousmetalmanufacturing,0.0
categorical__industry_description_cityplanningservices,0.0
categorical__industry_description_citymanagersoffice,0.0
categorical__industry_description_cityhall,0.0
categorical__industry_description_citycouncil,0.0
categorical__industry_description_citybusservicesexceptmixedmode,0.0
categorical__industry_description_citrusgrovecultivationservices,0.0
categorical__industry_description_citrusexceptorangegroves,0.0
categorical__industry_description_circusshowmovingaroundworldnotworkingpermanentlocationusa,0.0
categorical__industry_description_circuses,0.0
categorical__industry_description_circuscompanies,0.0
categorical__industry_description_circulareweftfabricsknitting,0.0
categorical__industry_description_circuitcourts,0.0
categorical__industry_description_cleaningcompoundspreparationsmerchantwholesalers,0.0
categorical__industry_description_cleaningcarpets,0.0
categorical__industry_description_cleaningbuildinginteriorsduringimmediatelyafterconstruction,0.0
categorical__industry_description_cleaningbuildingexteriorsexceptsandblastingwindowcleaning,0.0
categorical__industry_description_clayworkingtemperingmachinerymanufacturing,0.0
categorical__industry_description_clayrefractoriesegmortarbricktileblockmanufacturing,0.0
categorical__industry_description_claynaturalminingbeneficiating,0.0
categorical__industry_description_clayfireminingbeneficiating,0.0
categorical__industry_description_clayceramicrefractorymineralsminingbeneficiating,0.0
categorical__industry_description_claybuildingmaterialrefractoriesmanufacturing,0.0
categorical__industry_description_claybrickmanufacturing,0.0
categorical__industry_description_classicalmusicalgroups,0.0
categorical__industry_description_clampssurgicalmanufacturing,0.0
categorical__industry_description_claimsprocessingservicesinsurancethirdparty,0.0
categorical__industry_description_civilrightscommissions,0.0
categorical__industry_description_clerk,0.0
categorical__industry_description_clericaltelecommuteremployees,0.0
categorical__industry_description_clearinghousescommodityexchangesecuritiesexchange,0.0
categorical__industry_description_cleanroomapparelsupplyservices,0.0
categorical__industry_description_cleaningswimmingpools,0.0
categorical__industry_description_cleaningservicescarpetrug,0.0
categorical__industry_description_cleaningpoultryhouses,0.0
categorical__industry_description_cleaningoilgasfieldleasetankscontractbasis,0.0
categorical__industry_description_cleaningoffices,0.0
categorical__industry_description_cleaningnewbuildinginteriorsimmediatelyafterconstruction,0.0
categorical__industry_description_cleaningmachineryminingtypemanufacturing,0.0
categorical__industry_description_cleaninghomes,0.0
categorical__industry_description_cleaningequipmentultrasonicexceptdentalmedicalmanufacturing,0.0
categorical__industry_description_cleaningegpowersweepingwashingdrivewaysparkinglots,0.0
categorical__industry_description_cleaningdyeingplantsexceptrugcleaningplants,0.0
categorical__industry_description_cleaningdescalingmetalsmetalproductstrade,0.0
categorical__industry_description_clothespinsplasticsmanufacturing,0.0
categorical__industry_description_clotheshangersplasticsmanufacturing,0.0
categorical__industry_description_closuresmetalstamping,0.0
categorical__industry_description_closetorganizersysteminstallation,0.0
categorical__industry_description_closetorganizerstores,0.0
categorical__industry_description_closedsold,0.0
categorical__industry_description_closedcircuittelevisionequipmentmanufacturing,0.0
categorical__industry_description_closed,0.0
categorical__industry_description_clockshops,0.0
categorical__industry_description_clippingservicesnews,0.0
categorical__industry_description_clippersfingernailtoenailmanufacturing,0.0
categorical__industry_description_clinicscentershealthpractitionersmultiindustrydegrees,0.0
categorical__industry_description_clinicalpsychologistsofficesegcentersclinics,0.0
categorical__industry_description_clinicalpharmacistsofficesegcentersclinics,0.0
categorical__industry_description_coalchutessheetmetalexceptstampingsmanufacturing,0.0
categorical__industry_description_co2distribution,0.0
categorical__industry_description_cncmachining,0.0
categorical__industry_description_cncmachinesalesservice,0.0
categorical__industry_description_clothwovenwiremadepurchasedwire,0.0
categorical__industry_description_clothsdustingpolishingchemicallytreatedmanufacturing,0.0
categorical__industry_description_clothingwomenschildrensinfantsmerchantwholesalers,0.0
categorical__industry_description_clothingwaterproofcutsewnpurchasedfabricexceptapparelcontractors,0.0
categorical__industry_description_clothingstoreswomensgirls,0.0
categorical__industry_description_clothingstoresused,0.0
categorical__industry_description_clothingstoresfamily,0.0
categorical__industry_description_clothingrentalexceptindustriallaundererlinensupply,0.0
categorical__industry_description_clothingmensboysmerchantwholesalers,0.0
categorical__industry_description_clothingembroideryprinting,0.0
categorical__industry_description_clothingdesignservices,0.0
categorical__industry_description_clothingaccessorieswomenschildrensinfantsmerchantwholesalers,0.0
categorical__industry_description_coatsexceptfurleatherwaterproofmensboyscutsewnpurchasedfabricexceptapparelcontractors,0.0
categorical__industry_description_coatingsresearchdevelopment,0.0
categorical__industry_description_coatingsmanufacturing,0.0
categorical__industry_description_coatingsapplication,0.0
categorical__industry_description_coatingpurchasedpaperspackagingapplications,0.0
categorical__industry_description_coatingpurchasedpapersnonpackagingapplicationsexceptphotosensitivepaper,0.0
categorical__industry_description_coatingmetalsmetalproductstrade,0.0
categorical__industry_description_coatingmetalmetalproductsplasticstrade,0.0
categorical__industry_description_coatingcompoundstarmadepurchasedasphalticmaterials,0.0
categorical__industry_description_coathangersmadepurchasedwire,0.0
categorical__industry_description_coatedboardmadepaperboardmills,0.0
categorical__industry_description_coastalpassengertransportationdomesticports,0.0
categorical__industry_description_coaloreconveyorsmanufacturing,0.0
categorical__industry_description_coalminingsupportservicestunnelingblastingtrainingoverburdenremovalexceptsitepreparationrelatedconstructioncontractoractivities,0.0
categorical__industry_description_coalgasificationminesite,0.0
categorical__industry_description_coaldealersdirectselling,0.0
categorical__industry_description_coffeemakersurnscommercialtypemanufacturing,0.0
categorical__industry_description_coffeeinstantfreezedriedmanufacturing,0.0
categorical__industry_description_coffeefiltersmadepurchasedpaper,0.0
categorical__industry_description_coffeefarming,0.0
categorical__industry_description_coffeeextractsmanufacturing,0.0
categorical__industry_description_coffeebreakserviceprovidersdirectselling,0.0
categorical__industry_description_coffeeblendedmanufacturing,0.0
categorical__industry_description_codingdatingimprintingpackagingmachinerymanufacturing,0.0
categorical__industry_description_codfishing,0.0
categorical__industry_description_codeinederivativesebasicchemicalsmanufacturing,0.0
categorical__industry_description_codeenforcement,0.0
categorical__industry_description_cocksdrainplumbingmanufacturing,0.0
categorical__industry_description_cobaltcompoundsnotspecifiedelsewhereprocessmanufacturing,0.0
categorical__industry_description_coaxialmechanicalfacesealsmanufacturing,0.0
categorical__industry_description_coaxialconnectorsmanufacturing,0.0
categorical__industry_description_coattrimmingsfabriccutsewapparelcontractors,0.0
categorical__industry_description_coinoperatedlaundrydrycleaningrouteseconcessionoperators,0.0
categorical__industry_description_coinoperateddrycleanerslaundries,0.0
categorical__industry_description_coilwindingcuttingmachinerymetalworkingmanufacturing,0.0
categorical__industry_description_coilspipemadepurchasedmetalpipe,0.0
categorical__industry_description_coilsmotorsgeneratorsmanufacturing,0.0
categorical__industry_description_coilsignitioninternalcombustionenginesmanufacturing,0.0
categorical__industry_description_coiledspringsheavygaugemetalmanufacturing,0.0
categorical__industry_description_coiledspringsexceptclockwatchlightgaugemadepurchasedwirestripmanufacturing,0.0
categorical__industry_description_coilcoating,0.0
categorical__industry_description_cogenerationplantconstruction,0.0
categorical__industry_description_cofferdamconstruction,0.0
categorical__industry_description_coffeeteaepackagedstores,0.0
categorical__industry_description_coffeeshopspremisebrewing,0.0
categorical__industry_description_coffeeroasting,0.0
categorical__industry_description_coffeeroasterdistributor,0.0
categorical__industry_description_coffeemerchantwholesalers,0.0
categorical__industry_description_collectionagencies,0.0
categorical__industry_description_collectingdistributingagentslaundrydrycleaning,0.0
categorical__industry_description_collarsshaftpowertransmissionequipmentmanufacturing,0.0
categorical__industry_description_collardfarmingfieldbeddingplantseedproduction,0.0
categorical__industry_description_collagensausagecasingsmadepurchasedhides,0.0
categorical__industry_description_coleslawfreshmanufacturing,0.0
categorical__industry_description_coldstorageplantconstruction,0.0
categorical__industry_description_coldstoragelockerservices,0.0
categorical__industry_description_coldforgingsmadepurchasednonferrousmetalsunfinished,0.0
categorical__industry_description_coldforgingsmadepurchasedironsteelunfinished,0.0
categorical__industry_description_cokepetroleummadepetroleumrefineries,0.0
categorical__industry_description_cokeovenproductsegcokegasestarsmadecokeovenestablishments,0.0
categorical__industry_description_cokeovengasproductiondistribution,0.0
categorical__industry_description_coinoperatedvendingmachinesmanufacturing,0.0
categorical__industry_description_combinationutilityservices,0.0
categorical__industry_description_combinationutilityservice,0.0
categorical__industry_description_combinationlivestockfarmingexceptdairypoultry,0.0
categorical__industry_description_columnsfractionatingheavygaugemetalmanufacturing,0.0
categorical__industry_description_columnsarchitecturalornamentalplasterworkmanufacturing,0.0
categorical__industry_description_colorpigmentsorganicexceptanimalblackboneblackmanufacturing,0.0
categorical__industry_description_colorpigmentsinorganicexceptboneblackcarbonblacklampblackmanufacturing,0.0
categorical__industry_description_colonscopeselectromedicalmanufacturing,0.0
categorical__industry_description_colognesmerchantwholesalers,0.0
categorical__industry_description_colognesmanufacturing,0.0
categorical__industry_description_colletsemachinetoolaccessorymanufacturing,0.0
categorical__industry_description_collegesuniversityprofessionalschools,0.0
categorical__industry_description_collectorsitemsmailorderhouses,0.0
categorical__industry_description_collectorringsmotorsgeneratorsmanufacturing,0.0
categorical__industry_description_commercialconstruction,0.0
categorical__industry_description_commercialbuildingrentalleasing,0.0
categorical__industry_description_commercialbuildingremodeltenantimprovements,0.0
categorical__industry_description_commercialbuildinggeneralcontractor,0.0
categorical__industry_description_commercialbanking,0.0
categorical__industry_description_commercialartservices,0.0
categorical__industry_description_comfortersmadepurchasedfabrics,0.0
categorical__industry_description_combustorsnonhazardoussolidwaste,0.0
categorical__industry_description_combustorshazardouswaste,0.0
categorical__industry_description_combustionengineeringconsultingservices,0.0
categorical__industry_description_combsplasticsmanufacturing,0.0
categorical__industry_description_combsmetalmanufacturing,0.0
categorical__industry_description_combiningagricultural,0.0
categorical__industry_description_combingtextilefibers,0.0
categorical__industry_description_combineseharvesterthreshersmanufacturing,0.0
categorical__industry_description_airpurificationequipmentportablemanufacturing,0.0
categorical__industry_description_airpowergenerationspecialists,0.0
categorical__industry_description_airporttransitsystemsoperationmaintenance,0.0
categorical__industry_description_airporttransitsystemsmaintenance,0.0
categorical__industry_description_airportterminalconstruction,0.0
categorical__industry_description_airportshuttleservices,0.0
categorical__industry_description_airportsciviloperationmaintenance,0.0
categorical__industry_description_airportrunwaylinepaintingegstriping,0.0
categorical__industry_description_airportrunwaylightingcontractors,0.0
categorical__industry_description_airportrunwayconstruction,0.0
categorical__industry_description_airportrampworkers,0.0
categorical__industry_description_airportoperator,0.0
categorical__industry_description_airportlimousineserviceseshuttle,0.0
categorical__industry_description_airportlightingtransformersmanufacturing,0.0
categorical__industry_description_airportcargohandlingservices,0.0
categorical__industry_description_commercialinstitutionalbuildingconstructuoin,0.0
categorical__industry_description_commercialindustrialmachineryrepair,0.0
categorical__industry_description_commercialindustrialmachineryequipmentrepair,0.0
categorical__industry_description_commercialindustrialmachineryequipmentexceptautomotiveelectronicrepairmaintenance,0.0
categorical__industry_description_commercialindustrialmachineryequipmentexceptautomotive,0.0
categorical__industry_description_commercialindustrialmachineryequipment,0.0
categorical__industry_description_commercialindustrialmachinery,0.0
categorical__industry_description_commercialgravureprintingexceptbooks,0.0
categorical__industry_description_commercialfreezerinstallation,0.0
categorical__industry_description_commercialdrywallinstall,0.0
categorical__industry_description_commercialdigitalprintingexceptbooks,0.0
categorical__industry_description_commercialcookingequipmentmerchantwholesalers,0.0
categorical__industry_description_commercialrefrigerationhvacservicerepair,0.0
categorical__industry_description_commercialrefrigerationequipmentrepairmaintenanceservices,0.0
categorical__industry_description_commercialrealestatepropertymanagersoffices,0.0
categorical__industry_description_commercialrealestateagentsoffices,0.0
categorical__industry_description_commercialrealestateagencies,0.0
categorical__industry_description_commercialprintingnotelsewhereclassified,0.0
categorical__industry_description_commercialprinting,0.0
categorical__industry_description_commercialphotographyservices,0.0
categorical__industry_description_commerciallithographicoffsetprintingexceptbooks,0.0
categorical__industry_description_commerciallightingfixtureselectricmanufacturing,0.0
categorical__industry_description_commercialletterpressprintingexceptbooks,0.0
categorical__industry_description_commerciallaundry,0.0
categorical__industry_description_commercialkitchenfoodpreparationequipmentegmixersovensstovesinstallation,0.0
categorical__industry_description_commercialinstitutionalbuildings,0.0
categorical__industry_description_commericialprinting,0.0
categorical__industry_description_commericalprinting,0.0
categorical__industry_description_commericalconstruction,0.0
categorical__industry_description_commerialresidentialroofingexteriorenvelopeservices,0.0
categorical__industry_description_commercialwindgeneration,0.0
categorical__industry_description_commercialtypedoorinstallation,0.0
categorical__industry_description_commercialtileinstallation,0.0
categorical__industry_description_commercialstelevisionproduction,0.0
categorical__industry_description_commercialstationerysuppliesmerchantwholesalers,0.0
categorical__industry_description_commercialscreenprinting,0.0
categorical__industry_description_commercialroofingsheetmetalcontractor,0.0
categorical__industry_description_commercialroofing,0.0
categorical__industry_description_commercialresidentialroofing,0.0
categorical__industry_description_commercialrefrigerationsysteminstallation,0.0
categorical__industry_description_communicationsequipmentmobilemicrowavemanufacturing,0.0
categorical__industry_description_communicationsequipmentmerchantwholesalers,0.0
categorical__industry_description_communicationscommissions,0.0
categorical__industry_description_communicationscablingwithinbuildingsca,0.0
categorical__industry_description_communications,0.0
categorical__industry_description_communicationequipmentinstallation,0.0
categorical__industry_description_communicationdesignservicesvisual,0.0
categorical__industry_description_communicationantennaconstruction,0.0
categorical__industry_description_commonsandquarryingbeneficiating,0.0
categorical__industry_description_commonclayminingbeneficiating,0.0
categorical__industry_description_commodityinspectionservices,0.0
categorical__industry_description_commoditycontracttradingcompanies,0.0
categorical__industry_description_commoditycontractsdealing,0.0
categorical__industry_description_commoditycontractsbrokersoffices,0.0
categorical__industry_description_commoditycontractsbrokerages,0.0
categorical__industry_description_communityfoodservices,0.0
categorical__industry_description_communitycollegesofferingwidevarietyacademictechnicaltraining,0.0
categorical__industry_description_communitycolleges,0.0
categorical__industry_description_communitychests,0.0
categorical__industry_description_communitycentersexceptrecreationalonlyadult,0.0
categorical__industry_description_communitycarefacilitieselderly,0.0
categorical__industry_description_communityactionadvocacyorganizations,0.0
categorical__industry_description_communionwafermanufacturing,0.0
categorical__industry_description_communicationtowerconstruction,0.0
categorical__industry_description_communicationswirecablenonferrousmetalsexceptaluminumcoppermadepurchasednonferrousmetalsexceptaluminumcopperwiredrawingplants,0.0
categorical__industry_description_communicationswirecablenonferrousmadepurchasednonferrouswire,0.0
categorical__industry_description_communicationswirecablecoppermadepurchasedcopperwiredrawingplants,0.0
categorical__industry_description_communicationssignaltestingequipment,0.0
categorical__industry_description_compactspreciousmetalmanufacturing,0.0
categorical__industry_description_commutertransitsystemsmixedmodeegbuscommuterrailsubwaycombination,0.0
categorical__industry_description_commuterrailsystemsexceptmixedmode,0.0
categorical__industry_description_commuterbusoperationexceptmixedmode,0.0
categorical__industry_description_commuteraircarriersscheduled,0.0
categorical__industry_description_commutatorselectricmotormanufacturing,0.0
categorical__industry_description_communitytheaters,0.0
categorical__industry_description_communitysocialserviceprogramadministration,0.0
categorical__industry_description_communityservices,0.0
categorical__industry_description_communitymuseums,0.0
categorical__industry_description_communitymealssocialservices,0.0
categorical__industry_description_communityfoundations,0.0
categorical__industry_description_computercablesetsegmonitorprintermanufacturing,0.0
categorical__industry_description_computeraidedengineeringcaesystemsintegrationdesignservices,0.0
categorical__industry_description_compresssedgasmanufacturingdistribution,0.0
categorical__industry_description_compressorsmotorvehicleairconditioningmanufacturing,0.0
categorical__industry_description_compressorsexceptairconditioningrefrigerationmerchantwholesalers,0.0
categorical__industry_description_compressorscommercialindustrialheatingcoolingapplicationsnewremanufactured,0.0
categorical__industry_description_compressorsairconditioningmerchantwholesalers,0.0
categorical__industry_description_compressionmodifiedwoodmanufacturing,0.0
categorical__industry_description_compressedliquefiedindustrialgasmanufacturing,0.0
categorical__industry_description_compressedgasmanufacturingdistribution,0.0
categorical__industry_description_compressedgasesexceptlpgasmerchantwholesalers,0.0
categorical__industry_description_compostmanufacturing,0.0
categorical__industry_description_completefeedlivestockmanufacturing,0.0
categorical__industry_description_compassesgyroscopicmagneticexceptportablemanufacturing,0.0
categorical__industry_description_comparatorsopticalmanufacturing,0.0
categorical__industry_description_computerprogrammingservicescustom,0.0
categorical__industry_description_computerprogrammingdataprocessingothercomputerrelatedservicescustomcomputerprogrammingservicesdesignassemblyelectroniccontrolsystemscommercialmilitaryaircraftindustry,0.0
categorical__industry_description_computerprintertonercartridgesmanufacturing,0.0
categorical__industry_description_computerperipheralequipmentmerchantwholesalers,0.0
categorical__industry_description_computermatters,0.0
categorical__industry_description_computerinputpreparationservices,0.0
categorical__industry_description_computerinputoutputequipmentmanufacturing,0.0
categorical__industry_description_computerfurniturewoodhouseholdtypemanufacturing,0.0
categorical__industry_description_computerformsmanifoldcontinuousprinting,0.0
categorical__industry_description_computerfacilitiesmanagementservices,0.0
categorical__industry_description_computerequipmentrepairmaintenanceservicesretailingnewcomputers,0.0
categorical__industry_description_computerequipmentrepairmaintenanceservicesretai,0.0
categorical__industry_description_computerdisasterrecoveryservices,0.0
categorical__industry_description_computerdatastorageservices,0.0
categorical__industry_description_computercomputerperipheralequipmentsoftwaremerchantwholesalers,0.0
categorical__industry_description_computersystemsfacilitieseclientsfacilitiesmanagementoperationservices,0.0
categorical__industry_description_computersystemsdesignservices,0.0
categorical__industry_description_computersoftwaresupportservicescustom,0.0
categorical__industry_description_computersoftwarepublisherspackaged,0.0
categorical__industry_description_computersoftwareprogrammingservicescustom,0.0
categorical__industry_description_computersoftwarepackagedmerchantwholesalers,0.0
categorical__industry_description_computersoftwaremailorderhouses,0.0
categorical__industry_description_computersoftwareconsultingservicesconsultants,0.0
categorical__industry_description_computersoftwareanalysisdesignservicescustom,0.0
categorical__industry_description_computersmerchantwholesalers,0.0
categorical__industry_description_computersmanufacturing,0.0
categorical__industry_description_computerserversmanufacturing,0.0
categorical__industry_description_computerrepairmaintenanceservicesretailingnewcomputers,0.0
categorical__industry_description_computerrelatedservices,0.0
categorical__industry_description_computerrelatedhardwareresearchdevelopmentlaboratoriesservices,0.0
categorical__industry_description_computerprogramsoftwaredevelopmentcustom,0.0
categorical__industry_description_concreteblocklaying,0.0
categorical__industry_description_concreteadditivepreparationsegcuringhardeningmanufacturing,0.0
categorical__industry_description_concrete,0.0
categorical__industry_description_concessionoperatorsamusementdeviceexceptgamblingride,0.0
categorical__industry_description_concertorganizersfacilities,0.0
categorical__industry_description_concentratesfrozenfruitjuicemanufacturing,0.0
categorical__industry_description_concentratesflavoringexceptcoffeebasedmanufacturing,0.0
categorical__industry_description_concentratedmedicinalchemicalsuncompoundedmanufacturing,0.0
categorical__industry_description_conagracorporatehqoffice,0.0
categorical__industry_description_computerterminalsmanufacturing,0.0
categorical__industry_description_computertechnician,0.0
categorical__industry_description_computertechnicalsupport,0.0
categorical__industry_description_computersystemsintegratorservices,0.0
categorical__industry_description_concretepatioconstruction,0.0
categorical__industry_description_concretemixingmachineryportablemanufacturing,0.0
categorical__industry_description_concretemanufacturer,0.0
categorical__industry_description_concretefurnitureegbenchestablesmanufacturing,0.0
categorical__industry_description_concreteformssheetmetalexceptstampingsmanufacturing,0.0
categorical__industry_description_concreteformsreconditioningleasing,0.0
categorical__industry_description_concretefloorsurfacing,0.0
categorical__industry_description_concretefinishingmachinerymanufacturing,0.0
categorical__industry_description_concretefinishing,0.0
categorical__industry_description_concretedrymixturemanufacturing,0.0
categorical__industry_description_concretecuttingcoring,0.0
categorical__industry_description_concreteconstructionnoc,0.0
categorical__industry_description_concreteconstruction,0.0
categorical__industry_description_concretecoatingglazingsealing,0.0
categorical__industry_description_concretebuildingproductsmerchantwholesalers,0.0
categorical__industry_description_concretebreakingcuttingdemolition,0.0
categorical__industry_description_concretereinforcingbarrebarmadepurchasedsteelsteelrollingmills,0.0
categorical__industry_description_concretereinforcingbarrebarmadeironsteelmills,0.0
categorical__industry_description_concretereinforcementplacement,0.0
categorical__industry_description_concretepumpingeplacement,0.0
categorical__industry_description_concreteproductsformingmachinerymanufacturing,0.0
categorical__industry_description_concreteprocessingequipmentmerchantwholesalers,0.0
categorical__industry_description_concretepouring,0.0
categorical__industry_description_concretepouredfoundations,0.0
categorical__industry_description_concretepiles,0.0
categorical__industry_description_concretepavingresidentialcommercialdrivewayparkingarea,0.0
categorical__industry_description_concretepavingehighwayroadstreetpublicsidewalk,0.0
categorical__industry_description_conduitsfittingselectricalmanufacturing,0.0
categorical__industry_description_conduitsconcretemanufacturing,0.0
categorical__industry_description_conductorconnectorssolderlessconnectorssleevessolderinglugsmanufacturing,0.0
categorical__industry_description_condommanufacturing,0.0
categorical__industry_description_condominiumtimeshareexchangeservices,0.0
categorical__industry_description_condominiummultifamilyconstructiongeneralcontractors,0.0
categorical__industry_description_condominiummanagersofficesresidential,0.0
categorical__industry_description_condensingunitsairconditioningmerchantwholesalers,0.0
categorical__industry_description_condenserboxesmetalmanufacturing,0.0
categorical__industry_description_condensedevaporatedpowderedwheymanufacturing,0.0
categorical__industry_description_condensedevaporatedmilkmachinerymanufacturing,0.0
categorical__industry_description_concretetanksmanufacturing,0.0
categorical__industry_description_concreterepair,0.0
categorical__industry_description_concretereinforcingmeshmadepurchasedwire,0.0
categorical__industry_description_connectorsterminalselectricaldevicesmanufacturing,0.0
categorical__industry_description_connectorssolderlesswiringdevicesmanufacturing,0.0
categorical__industry_description_connectorselectronicmerchantwholesalers,0.0
categorical__industry_description_connectorselectronicegcoaxialcylindricalprintedcircuitrackpanelmanufacturing,0.0
categorical__industry_description_connectorselectriccordmanufacturing,0.0
categorical__industry_description_connectingrodsautomotivetruckgasolineenginemanufacturing,0.0
categorical__industry_description_congregatelivingfacilityca,0.0
categorical__industry_description_conferencecenternopromotioneventsrentalleasing,0.0
categorical__industry_description_confectionerystorespackagedretailingonly,0.0
categorical__industry_description_confectionerysnackshopsmadepremisescarryoutservices,0.0
categorical__industry_description_confectionerynonchocolatemanufacturing,0.0
categorical__industry_description_confectionerychocolatemadecacaobeans,0.0
categorical__industry_description_confectionerspowderedsugarmanufacturing,0.0
categorical__industry_description_conesicecreammanufacturing,0.0
categorical__industry_description_conduitweldedlockjointmadepurchasedironsteel,0.0
categorical__industry_description_constructionmachineryequipmentrentalleasingoperator,0.0
categorical__industry_description_constructionlathplaster,0.0
categorical__industry_description_constructionformrental,0.0
categorical__industry_description_constructionequipmentexceptcranerentaloperator,0.0
categorical__industry_description_constructionelevatoretemporaryuseduringconstructionerectiondismantling,0.0
categorical__industry_description_constructionbuildings,0.0
categorical__industry_description_constructionadhesivesexceptasphaltgypsumbasemanufacturing,0.0
categorical__industry_description_constructingprestresswirewoundtanks,0.0
categorical__industry_description_constractorsubcontractorspiplinenogasoil,0.0
categorical__industry_description_constantvelocityjointsautomotivetruckbusmanufacturing,0.0
categorical__industry_description_conservationreclamationagencies,0.0
categorical__industry_description_conservationareas,0.0
categorical__industry_description_conservationadvocacyorganizations,0.0
categorical__industry_description_constructionmanagementsinglefamilybuilding,0.0
categorical__industry_description_constructionmanagementsinglefamilyb,0.0
categorical__industry_description_constructionmanagementresidentialremodeling,0.0
categorical__industry_description_constructionmanagementoilrefinerypetrochemicalcomplex,0.0
categorical__industry_description_constructionmanagementmultifamilybuilding,0.0
categorical__industry_description_constructionmanagementmasstransit,0.0
categorical__industry_description_constructionmanagementmarinestructure,0.0
categorical__industry_description_constructionmanagementdam,0.0
categorical__industry_description_constructionmanagementcommercialinstitutionalbuildings,0.0
categorical__industry_description_constructionmanagement,0.0
categorical__industry_description_constructionmaintenance,0.0
categorical__industry_description_consumercreditcounselingservices,0.0
categorical__industry_description_consultingremediationcleaningunion,0.0
categorical__industry_description_consultingengineersprivatepractices,0.0
categorical__industry_description_constructiontypetractorsattachmentsmanufacturing,0.0
categorical__industry_description_constructionsurveyingservices,0.0
categorical__industry_description_constructionsitework,0.0
categorical__industry_description_constructionsandgraveldredging,0.0
categorical__industry_description_constructionsandgravelbeneficiatingeggrindingscreeningwashing,0.0
categorical__industry_description_constructionprojectmanager,0.0
categorical__industry_description_constructionmaterialselectricalmerchantwholesalers,0.0
categorical__industry_description_constructionmanager,0.0
categorical__industry_description_constructionmanagementwatersewagetreatmentplant,0.0
categorical__industry_description_constructionmanagementtunnel,0.0
categorical__industry_description_containerslightgaugemetalexceptcansmanufacturing,0.0
categorical__industry_description_containersindustrialmerchantwholesalers,0.0
categorical__industry_description_containershipbuilding,0.0
categorical__industry_description_containersfoilexceptbagsmanufacturing,0.0
categorical__industry_description_containersaircargolightgaugemetalmanufacturing,0.0
categorical__industry_description_containerboardstockmanufacturing,0.0
categorical__industry_description_contactselectricalexceptcarbongraphitemanufacturing,0.0
categorical__industry_description_contactselectricalcarbongraphitemanufacturing,0.0
categorical__industry_description_contactlensesmanufacturing,0.0
categorical__industry_description_consumptionmeterseggaswatermanufacturing,0.0
categorical__industry_description_consumertypeelectronicstoresegtelevisionscomputerscameras,0.0
categorical__industry_description_consumerpoducts,0.0
categorical__industry_description_consumerlending,0.0
categorical__industry_description_consumerelectronicsrepairmaintenanceservicesretailingnewconsumerelectronics,0.0
categorical__industry_description_consumerelectronicsrental,0.0
categorical__industry_description_consumerelectronicsmerchantwholesalers,0.0
categorical__industry_description_controllerscomptrollersofficesgovernment,0.0
categorical__industry_description_controlequipmentelectricmanufacturing,0.0
categorical__industry_description_controlcircuitrelaysindustrialmanufacturing,0.0
categorical__industry_description_controlcircuitdevicesmagnetsolidstatemanufacturing,0.0
categorical__industry_description_contractservicesexceptsitepreparationrelatedconstructioncontractoractivitiesoilgasfields,0.0
categorical__industry_description_contractpowdercoating,0.0
categorical__industry_description_contractpackagingwarehousedistribution,0.0
categorical__industry_description_contractmanufacturing,0.0
categorical__industry_description_contractlabor,0.0
categorical__industry_description_contractfoodservice,0.0
categorical__industry_description_continuingcareretirementcommunity,0.0
categorical__industry_description_continuingcarecommuniteyassistedlivingfacilityelderly,0.0
categorical__industry_description_contemporaryartmuseums,0.0
categorical__industry_description_contcareretirementcommunities,0.0
categorical__industry_description_containerswoodmanufacturing,0.0
categorical__industry_description_containerspackagingbottlingcanningglassmanufacturing,0.0
categorical__industry_description_conventioncenternopromotioneventsrentalleasing,0.0
categorical__industry_description_conventioncenter,0.0
categorical__industry_description_conveniencestorechain,0.0
categorical__industry_description_conveniencefoodgasolinestations,0.0
categorical__industry_description_convalescenthomeshospitalspsychiatricpatients,0.0
categorical__industry_description_convalescenthomeallemployees,0.0
categorical__industry_description_contructiontoolsdistributor,0.0
categorical__industry_description_controlvalvesindustrialtypemanufacturing,0.0
categorical__industry_description_controlvalvesfluidpowermanufacturing,0.0
categorical__industry_description_controltransformersmanufacturing,0.0
categorical__industry_description_controlsystemegenvironmentalhumiditytemperatureinstallation,0.0
categorical__industry_description_controlscontrolaccessoriesindustrialmanufacturing,0.0
categorical__industry_description_controlpanelselectricpowerdistributionmanufacturing,0.0
categorical__industry_description_controllersprocessvariablesegelectricelectronicmechanicalpneumaticoperationmanufacturing,0.0
categorical__industry_description_cookieshopspremisebakingcarryoutservice,0.0
categorical__industry_description_cookiesfilledmanufacturing,0.0
categorical__industry_description_cookiedeliverystore,0.0
categorical__industry_description_cookedmeatsmadepurchasedcarcasses,0.0
categorical__industry_description_conviecestore,0.0
categorical__industry_description_conveyorsysteminstallation,0.0
categorical__industry_description_conveyorsfarmtypemanufacturing,0.0
categorical__industry_description_conveyorconveyingequipmentmanufacturing,0.0
categorical__industry_description_conveyorbeltsrubbermanufacturing,0.0
categorical__industry_description_conveyingequipmentexceptfarmmerchantwholesalers,0.0
categorical__industry_description_convertingtextiles,0.0
categorical__industry_description_convertibletopsautomotivetruckbusmanufacturing,0.0
categorical__industry_description_convertedpaperpaperboardproductmanufact,0.0
categorical__industry_description_convertedpaperexceptstationeryofficesuppliesmerchantwholesalers,0.0
categorical__industry_description_copierrentalleasing,0.0
categorical__industry_description_cooperativeownersassociations,0.0
categorical__industry_description_cooperativehospitallaundrieselinensupplyservices,0.0
categorical__industry_description_cooperative,0.0
categorical__industry_description_cooperagestockegheadinghoopsstavesmanufacturing,0.0
categorical__industry_description_cooperagemanufacturing,0.0
categorical__industry_description_coolingtowersmanufacturing,0.0
categorical__industry_description_coolingtowerinstallation,0.0
categorical__industry_description_coolerswatermanufacturing,0.0
categorical__industry_description_coolersrefrigerationmanufacturing,0.0
categorical__industry_description_coolersicechestspolystyrenefoammanufacturing,0.0
categorical__industry_description_coolersicechestsplasticsexceptfoammanufacturing,0.0
categorical__industry_description_cookingutensilsfabricatedmetalmanufacturing,0.0
categorical__industry_description_cookingequipmentefryersmicrowaveovensovensrangescommercialtypemanufacturing,0.0
categorical__industry_description_cookingequipmentcommercialmerchantwholesalers,0.0
categorical__industry_description_cookiesmanufacturing,0.0
categorical__industry_description_coppersmeltingrefiningprimary,0.0
categorical__industry_description_coppersecondarysmeltingrefiningpurchasedmetalscrap,0.0
categorical__industry_description_copperroofinginstallation,0.0
categorical__industry_description_copperrollingdrawingextrudingalloying,0.0
categorical__industry_description_copperproductsmaderollingdrawingextrudingpurchasedcopper,0.0
categorical__industry_description_copperproductsmadedrawingpurchasedcopper,0.0
categorical__industry_description_copperpowderflakespastemadepurchasedcopper,0.0
categorical__industry_description_copperfoundriesexceptdiecasting,0.0
categorical__industry_description_copperforgingsmadepurchasedmetalsunfinished,0.0
categorical__industry_description_copperdiecastingsunfinishedmanufacturing,0.0
categorical__industry_description_copperdiecastingfoundries,0.0
categorical__industry_description_coppercopperbasedshapesegcakeingotslagwirebarmadepurchasedmetalscrap,0.0
categorical__industry_description_coppercompoundsnotspecifiedelsewhereprocessmanufacturing,0.0
categorical__industry_description_copperalloysmadeprimarycoppersmeltingrefiningmills,0.0
categorical__industry_description_copperalloysegbrassbronzemadepurchasedmetalscrap,0.0
categorical__industry_description_copperalloycastingsexceptdiecastingsunfinishedmanufacturing,0.0
categorical__industry_description_corniceswoodmanufacturing,0.0
categorical__industry_description_cornflourmanufacturing,0.0
categorical__industry_description_cornfarmingexceptsweetcornfieldseedproduction,0.0
categorical__industry_description_cornchipsrelatedcornsnacksmerchantwholesalers,0.0
categorical__industry_description_cornchipsrelatedcornsnacksmanufacturing,0.0
categorical__industry_description_cormsfarming,0.0
categorical__industry_description_coressandfoundrymanufacturing,0.0
categorical__industry_description_coreseallfibernonfiberendsanymaterialfibermadepurchasedpaperboard,0.0
categorical__industry_description_coredrillingtestboringconstruction,0.0
categorical__industry_description_cordsbraidsnarrowwovenmanufacturing,0.0
categorical__industry_description_cordreinforcingrubbertiresindustrialbeltingfuelcellsmanufacturing,0.0
categorical__industry_description_cordexceptwiremanufacturing,0.0
categorical__industry_description_cordconnectorselectricmanufacturing,0.0
categorical__industry_description_cordageexceptwiremanufacturing,0.0
categorical__industry_description_copyingmachinesmerchantwholesalers,0.0
categorical__industry_description_coppersulfatemanufacturing,0.0
categorical__industry_description_corporateoffice,0.0
categorical__industry_description_corporatemanagingoffices,0.0
categorical__industry_description_corporatelawoffices,0.0
categorical__industry_description_corporatehouseing,0.0
categorical__industry_description_corporatecentralizedadministrativeoffices,0.0
categorical__industry_description_corporatecarservices,0.0
categorical__industry_description_corporate,0.0
categorical__industry_description_corpoffice,0.0
categorical__industry_description_corp,0.0
categorical__industry_description_coronersoffices,0.0
categorical__industry_description_cornsyrupsmadepurchasedsweeteners,0.0
categorical__industry_description_cornsweetenersegdextrosefructoseglucosemadewetmillingcorn,0.0
categorical__industry_description_cornstarchmanufacturing,0.0
categorical__industry_description_cornmillinggrainstorage,0.0
categorical__industry_description_cornmillgrainelevator,0.0
categorical__industry_description_cornmealmadeflourmills,0.0
categorical__industry_description_corrugatedpapermadepurchasedpaperpaperboard,0.0
categorical__industry_description_corrugatedmetalroofinginstallation,0.0
categorical__industry_description_corrugatedmanufacturer,0.0
categorical__industry_description_corrugatedboxmanufacturer,0.0
categorical__industry_description_corrugatedassemblywarehouse,0.0
categorical__industry_description_corrosionprotectionundergroundpipelineoilstoragetank,0.0
categorical__industry_description_correctionalbootcamps,0.0
categorical__industry_description_corporatesubsidyregionalmanagementoffices,0.0
categorical__industry_description_corporatesubsidiaryregionalmanagingoffic,0.0
categorical__industry_description_corporateofficesupport,0.0
categorical__industry_description_corporateofficesga,0.0
categorical__industry_description_corporateofficecookiedeliverybusiness,0.0
categorical__industry_description_corporateofficebeveragedistribution,0.0
categorical__industry_description_cottonfarmingfieldseedproduction,0.0
categorical__industry_description_cottoncottonballsabsorbentmanufacturing,0.0
categorical__industry_description_cottonbalerspressesmanufacturing,0.0
categorical__industry_description_cottageshousekeeping,0.0
categorical__industry_description_cottageconstructiongeneralcontractors,0.0
categorical__industry_description_cottagecheesemanufacturing,0.0
categorical__industry_description_costumeseglodgemasqueradetheatricalcutsewnpurchasedfabricexceptapparelcontractors,0.0
categorical__industry_description_cosmeticsstores,0.0
categorical__industry_description_cosmeticsmerchantwholesalers,0.0
categorical__industry_description_cosmeticsales,0.0
categorical__industry_description_cosmeticcreamslotionsoilsmanufacturing,0.0
categorical__industry_description_corrugatingironsteelcoldrollingmillsmadepurchasedironsteel,0.0
categorical__industry_description_corrugatedsolidfiberboxmanufacturing,0.0
categorical__industry_description_corrugatedsolidfiberboxes,0.0
categorical__industry_description_corrugatedsolidfiberboardpadsmadepurchasedpaperpaperboard,0.0
categorical__industry_description_countersdisplaycasesrefrigeratedmanufacturing,0.0
categorical__industry_description_countermeasuresetsegactivecountermeasuresjammingequipmentmanufacturing,0.0
categorical__industry_description_counselingservices,0.0
categorical__industry_description_counselingcenter,0.0
categorical__industry_description_coulometricanalyzerslaboratorytypemanufacturing,0.0
categorical__industry_description_coughmedicinesmanufacturing,0.0
categorical__industry_description_couchspringsassembledmanufacturing,0.0
categorical__industry_description_couchesupholsteredmanufacturing,0.0
categorical__industry_description_cottonthreadmanufacturing,0.0
categorical__industry_description_cottonspunyarnsmadepurchasedfiber,0.0
categorical__industry_description_cottonseedoilmadepurchasedoils,0.0
categorical__industry_description_cottonseedoilcakemealmadecrushingmills,0.0
categorical__industry_description_cottonrawmerchantwholesalers,0.0
categorical__industry_description_cottonginningmachinerymanufacturing,0.0
categorical__industry_description_cottonfiberpaperstockmanufacturing,0.0
categorical__industry_description_couplingspipemadepurchasedmetalpipe,0.0
categorical__industry_description_couplingsmechanicalpowertransmissionmanufacturing,0.0
categorical__industry_description_couplingshosemetalexceptfluidpowermanufacturing,0.0
categorical__industry_description_countysupervisorsexecutivesoffices,0.0
categorical__industry_description_countydevelopmentagencies,0.0
categorical__industry_description_countyconservationprograms,0.0
categorical__industry_description_countryclubs,0.0
categorical__industry_description_countertyperegistersmanufacturing,0.0
categorical__industry_description_countertopswoodmanufacturing,0.0
categorical__industry_description_countertopsstonemanufacturing,0.0
categorical__industry_description_countertopsplasticsmanufacturing,0.0
categorical__industry_description_countertopsekitchenbathroomwoodplasticslaminatedwoodmanufacturing,0.0
categorical__industry_description_countertopresidentialtypeinstallation,0.0
categorical__industry_description_countertopcabinetmetalexceptresidentialtypeinstallation,0.0
categorical__industry_description_countersegelectricalelectronicmechanicaltotalizingmanufacturing,0.0
categorical__industry_description_airportbuildingconstruction,0.0
categorical__industry_description_airportadministration,0.0
categorical__industry_description_airport,0.0
categorical__industry_description_airpassengercarriersnonscheduled,0.0
categorical__industry_description_airmanagementsystemspropellersenginecontrolsflightcontrolcomputerspumpssapcehardwareoverhaulrepair,0.0
categorical__industry_description_airlocksfabricatedmetalplateworkmanufacturing,0.0
categorical__industry_description_airlinefoodservicescontractors,0.0
categorical__industry_description_airlaidnonwovenfabricsmanufacturing,0.0
categorical__industry_description_airgascompressormanufacturing,0.0
categorical__industry_description_airfreshnersmanufacturing,0.0
categorical__industry_description_airframeequipmentinstrumentsmanufacturing,0.0
categorical__industry_description_airflowcontrollersexceptvalvesairconditioningrefrigerationmanufacturing,0.0
categorical__industry_description_airfiltersautomotivetruckbusmanufacturing,0.0
categorical__industry_description_courierservice,0.0
categorical__industry_description_crankshaftgrindingmachinesmetalcuttingtypemanufacturing,0.0
categorical__industry_description_crankshaftforging,0.0
categorical__industry_description_crankshaftassembliesautomotivetruckgasolineenginemanufacturing,0.0
categorical__industry_description_cranesindustrialtruckmanufacturing,0.0
categorical__industry_description_cranesindustrialmerchantwholesalers,0.0
categorical__industry_description_cranesconstructiontypemanufacturing,0.0
categorical__industry_description_cranerentalleasingoperator,0.0
categorical__industry_description_craftsupplystoresexceptneedlecraft,0.0
categorical__industry_description_crackerseggrahamsodamanufacturing,0.0
categorical__industry_description_crabbing,0.0
categorical__industry_description_cowlssheetmetalexceptstampingsmanufacturing,0.0
categorical__industry_description_covniencestore,0.0
categorical__industry_description_coversegboatswimmingpooltruckmadepurchasedfabrics,0.0
categorical__industry_description_coversannealingfabricatedmetalplateworkmanufacturing,0.0
categorical__industry_description_courts,0.0
categorical__industry_description_crisisinterventioncenters,0.0
categorical__industry_description_criminaljusticestatisticscentersgovernment,0.0
categorical__industry_description_criminalinvestigationofficesgovernment,0.0
categorical__industry_description_cribbingeshoreprotectionconstruction,0.0
categorical__industry_description_crewsocksknittingknittingfinishing,0.0
categorical__industry_description_cresolsmadedistillationcoaltar,0.0
categorical__industry_description_crepepapermadepurchasedpaper,0.0
categorical__industry_description_creditcardprocessingservices,0.0
categorical__industry_description_creditagencies,0.0
categorical__industry_description_creamseparatorsfarmtypemanufacturing,0.0
categorical__industry_description_creammerchantwholesalers,0.0
categorical__industry_description_creammanufacturing,0.0
categorical__industry_description_creamerybuttermanufacturing,0.0
categorical__industry_description_creamdriedpowderedmanufacturing,0.0
categorical__industry_description_cratinggoodsshipping,0.0
categorical__industry_description_crudeoiltransmissionstorage,0.0
categorical__industry_description_crudeoiltransmission,0.0
categorical__industry_description_crudeoilterminals,0.0
categorical__industry_description_crudeoilrefining,0.0
categorical__industry_description_crudeoilpipelinetransportation,0.0
categorical__industry_description_crudeoilpetroleumpipelines,0.0
categorical__industry_description_crudeoilpetroleumbulkstationsterminals,0.0
categorical__industry_description_crudeoilmerchantwholesalersexceptbulkstationsterminals,0.0
categorical__industry_description_crudecornoilmanufacturing,0.0
categorical__industry_description_cruciblesfireclaymanufacturing,0.0
categorical__industry_description_crownsmetalegbottlecanstamping,0.0
categorical__industry_description_croutonsbreadcrumbsmadecommercialbakeries,0.0
categorical__industry_description_crosstiestreating,0.0
categorical__industry_description_cropspraying,0.0
categorical__industry_description_cropdusting,0.0
categorical__industry_description_cropdriersmanufacturing,0.0
categorical__industry_description_cryogenictanksheavygaugemetalmanufacturing,0.0
categorical__industry_description_crutcheswalkersmanufacturing,0.0
categorical__industry_description_crushrefine,0.0
categorical__industry_description_crushingpulverizingscreeningmachineryportablemanufacturing,0.0
categorical__industry_description_crushingmachinerystationarymanufacturing,0.0
categorical__industry_description_crushingmachineryportablemanufacturing,0.0
categorical__industry_description_crushedstonemerchantwholesalers,0.0
categorical__industry_description_crushedbrokenstoneminingquarrying,0.0
categorical__industry_description_crushedbrokenlimestoneminingquarrying,0.0
categorical__industry_description_cruisingtimber,0.0
categorical__industry_description_cruisecontrolmechanismselectronicautomotivetruckbusmanufacturing,0.0
categorical__industry_description_crudepetroleumrefineries,0.0
categorical__industry_description_crudepetroleumoilshale,0.0
categorical__industry_description_crudepetroleumoilsand,0.0
categorical__industry_description_crudeoiltransportationtrucking,0.0
categorical__industry_description_curbinggranitestonemanufacturing,0.0
categorical__industry_description_curbgutterconstructionresidentialcommercialdrivewayparkingareaconcrete,0.0
categorical__industry_description_cupspolystyrenefoammanufacturing,0.0
categorical__industry_description_cupsplasticsexceptfoammanufacturing,0.0
categorical__industry_description_cupspaperdisposableplasticsmerchantwholesalers,0.0
categorical__industry_description_culvertshighwayroadstreetconstruction,0.0
categorical__industry_description_culvertconcreteresidentialcommercialpavedarea,0.0
categorical__industry_description_culturemediamanufacturing,0.0
categorical__industry_description_culturedmarbleproductsexceptplumbingfixturesmanufacturing,0.0
categorical__industry_description_culturedmarbleplumbingfixturesmanufacturing,0.0
categorical__industry_description_cultivatorsfarmtypemanufacturing,0.0
categorical__industry_description_cultivationservices,0.0
categorical__industry_description_cultivatedfloristgreensgrowing,0.0
categorical__industry_description_cucumberfarmingexceptundercoverfieldbeddingplantseedproduction,0.0
categorical__industry_description_cs,0.0
categorical__industry_description_crystalscrystalassemblieselectronicmanufacturing,0.0
categorical__industry_description_curtainwallprecastconcreteinstallation,0.0
categorical__industry_description_curtainwallmetalmanufacturing,0.0
categorical__industry_description_curtainwallmetalinstallation,0.0
categorical__industry_description_curtainsdraperieswindowmadepurchasedfabrics,0.0
categorical__industry_description_curtainsdraperies,0.0
categorical__industry_description_curtaindraperyfixturesegpolesrodsrollersmanufacturing,0.0
categorical__industry_description_curryingleather,0.0
categorical__industry_description_currentmeasuringequipmentmanufacturing,0.0
categorical__industry_description_currentcarryingwiringdevicemanufacturing,0.0
categorical__industry_description_currencycountingmachinerymanufacturing,0.0
categorical__industry_description_curingfishseafood,0.0
categorical__industry_description_curedmeatsegbrineddriedsaltedmadepurchasedcarcasses,0.0
categorical__industry_description_curedfishmerchantwholesalers,0.0
categorical__industry_description_curdscheesemadecheeseplantmanufacturing,0.0
categorical__industry_description_curbsstreetguttershighwayroadstreetconstruction,0.0
categorical__industry_description_customfabricatingwelding,0.0
categorical__industry_description_customerservicemanagementconsultingservices,0.0
categorical__industry_description_customdesigninteriorsecoordinatedfurniturearchitecturalwoodworkfixturesmanufacturing,0.0
categorical__industry_description_customcompoundingresins,0.0
categorical__industry_description_customcompoundingblendingmixingpurchasedplasticresins,0.0
categorical__industry_description_custombuilderssalebuilderssinglefamilyhome,0.0
categorical__industry_description_custombuildersexceptsalesinglefamilyhome,0.0
categorical__industry_description_custombuildersexceptsalemultifamilybuildings,0.0
categorical__industry_description_customarchitecturalmillworkfixturesmanufacturingjobshopbasis,0.0
categorical__industry_description_custodialservices,0.0
categorical__industry_description_custodial,0.0
categorical__industry_description_custardfrozenmanufacturing,0.0
categorical__industry_description_cushionscarpetrugurethaneotherfoamplasticsexceptpolystrenemanufacturing,0.0
categorical__industry_description_cutstockmanufacturing,0.0
categorical__industry_description_cutsshapespolishesstone,0.0
categorical__industry_description_cutsewapparelcontractors,0.0
categorical__industry_description_cutoffmachinesmetalworkingmanufacturing,0.0
categorical__industry_description_cutlerynonpreciouspreciousplatedmetalmanufacturing,0.0
categorical__industry_description_customslaughtering,0.0
categorical__industry_description_customsconsultingservices,0.0
categorical__industry_description_customsbrokersfreightforwarding,0.0
categorical__industry_description_customsbrokers,0.0
categorical__industry_description_customsawmills,0.0
categorical__industry_description_customrollformingmetalproducts,0.0
categorical__industry_description_customplatemetalfabricator,0.0
categorical__industry_description_custompictureframeshops,0.0
categorical__industry_description_custommillinganimalfeed,0.0
categorical__industry_description_custominjectionmolderplastics,0.0
categorical__industry_description_customhomebuilderremodel,0.0
categorical__industry_description_cycliccrudesmadedistillationcoaltar,0.0
categorical__industry_description_cyclicaromatichydrocarbonsmaderefinedpetroleumliquidhydrocarbons,0.0
categorical__industry_description_cuttingtransportingtimber,0.0
categorical__industry_description_cuttingtoolmachinetoolaccessorymanufacturing,0.0
categorical__industry_description_cuttingpurchasedcarcassesexceptboxedmeatcutassemblylinebasismerchantwholesalers,0.0
categorical__industry_description_cuttingoilssyntheticmanufacturing,0.0
categorical__industry_description_cuttingnewrightsway,0.0
categorical__industry_description_cuttingmachinesmetalworkingmanufacturing,0.0
categorical__industry_description_cuttingengravingetchingpaintingpolishingpurchasedglass,0.0
categorical__industry_description_cuttingdiesexceptmetalcuttingmanufacturing,0.0
categorical__industry_description_cuttingdiesegpaperleathertextilemanufacturing,0.0
categorical__industry_description_cuttersmetalmillingmanufacturing,0.0
categorical__industry_description_cutstonestoneproductmfg,0.0
categorical__industry_description_cutstonestoneproductmanufacturing,0.0
categorical__industry_description_cutstoneproductsegblocksstatuarymanufacturing,0.0
categorical__industry_description_cutstockresawinglumberplaning,0.0
categorical__industry_description_dairyfarm,0.0
categorical__industry_description_dairydistribution,0.0
categorical__industry_description_dairycooperativeprocessing,0.0
categorical__industry_description_dairycooperativedistribution,0.0
categorical__industry_description_dairycattlefeedssupplementsconcentratespremixesmanufacturing,0.0
categorical__industry_description_dairy,0.0
categorical__industry_description_cytologyhistologyvitrodiagnosticsubstancesmanufacturing,0.0
categorical__industry_description_cymbalspartsmanufacturing,0.0
categorical__industry_description_cylindricalrollerbearingsmanufacturing,0.0
categorical__industry_description_cylinderspressureheavygaugemetalmanufacturing,0.0
categorical__industry_description_cylindersmasterbrakenewrebuiltmanufacturing,0.0
categorical__industry_description_cylindersfluidpowermanufacturing,0.0
categorical__industry_description_cylinders,0.0
categorical__industry_description_cylinderpipeprestressedconcretemanufacturing,0.0
categorical__industry_description_cylinderheadsautomotivetruckgasolineenginemanufacturing,0.0
categorical__industry_description_cylindergases,0.0
categorical__industry_description_datacommunicationsequipmentegbridgesgatewaysroutersmanufacturing,0.0
categorical__industry_description_databasescommercialprintingexceptscreenpublishing,0.0
categorical__industry_description_damperssheetmetalexceptstampingsmanufacturing,0.0
categorical__industry_description_damgatesmetalplatemanufacturing,0.0
categorical__industry_description_damconstruction,0.0
categorical__industry_description_dairyproductstores,0.0
categorical__industry_description_dairyproductsfrozenmerchantwholesalers,0.0
categorical__industry_description_dairyproductsexceptcanneddriedmerchantwholesalers,0.0
categorical__industry_description_dairyproductsdriedcannedmerchantwholesalers,0.0
categorical__industry_description_dairyproductexceptdriedcanned,0.0
categorical__industry_description_dairyplant,0.0
categorical__industry_description_dairyherdimprovementassociations,0.0
categorical__industry_description_dairyheiferreplacementproduction,0.0
categorical__industry_description_dairygoatfarming,0.0
categorical__industry_description_dairyfoodcanning,0.0
categorical__industry_description_dairyfarms,0.0
categorical__industry_description_decoratingconsultingservicesinterior,0.0
categorical__industry_description_decoratedglasswaremadepurchasedglass,0.0
categorical__industry_description_deckgrateexceptroofmetalinstallation,0.0
categorical__industry_description_decalcomaniaworkexceptchinaglass,0.0
categorical__industry_description_dealership,0.0
categorical__industry_description_dayspas,0.0
categorical__industry_description_daycarechildrenpmcemployees,0.0
categorical__industry_description_daycarecentersdisabledpersonselderlypersonsdiagnosedintellectualdevelopmentaldisabilities,0.0
categorical__industry_description_daycarecenterschildinfant,0.0
categorical__industry_description_daycarecentersadult,0.0
categorical__industry_description_davitsmanufacturing,0.0
categorical__industry_description_dataprocessingservicesexceptpayrollservicesfinancialtransactionprocessingservices,0.0
categorical__industry_description_dataentryservices,0.0
categorical__industry_description_delicatessenrestaurants,0.0
categorical__industry_description_deinkingplants,0.0
categorical__industry_description_deicingpreparationsmanufacturing,0.0
categorical__industry_description_dehydratingpotatoproducts,0.0
categorical__industry_description_dehydratingfruitsvegetables,0.0
categorical__industry_description_dehydratedmilkmanufacturing,0.0
categorical__industry_description_dehumidifiersexceptportableelectricmanufacturing,0.0
categorical__industry_description_degreasingpreparationsmachinerypartsmanufacturing,0.0
categorical__industry_description_defoamersantifoamingagentsmanufacturing,0.0
categorical__industry_description_deepseafreighttransportationforeignports,0.0
categorical__industry_description_deepfoundationconstruction,0.0
categorical__industry_description_decorativewoodmoldingsegbasechairrailcrownshoemanufacturing,0.0
categorical__industry_description_decorativesteelwroughtironworkinstallation,0.0
categorical__industry_description_decorativeglassmirrorinstallation,0.0
categorical__industry_description_decorativearealightingfixturesresidentialmanufacturing,0.0
categorical__industry_description_decorativearealightingfixturesexceptresidentialmanufacturing,0.0
categorical__industry_description_dentalequipmentrepairmaintenanceservices,0.0
categorical__industry_description_dentalequipmentinstrumentsmanufacturing,0.0
categorical__industry_description_dentalchairsmerchantwholesalers,0.0
categorical__industry_description_dentalchairsmanufacturing,0.0
categorical__industry_description_densitometerslaboratoryanalyticalmanufacturing,0.0
categorical__industry_description_densifiedwoodmanufacturing,0.0
categorical__industry_description_demountablecargocontainersmanufacturing,0.0
categorical__industry_description_demolitionstructures,0.0
categorical__industry_description_demolitioncontractor,0.0
categorical__industry_description_demolitionbuildingstructure,0.0
categorical__industry_description_deliverywarehouse,0.0
categorical__industry_description_deliveryserviceexceptpartinte,0.0
categorical__industry_description_deliveryservice,0.0
categorical__industry_description_delinquentyouthhalfwaygrouphomes,0.0
categorical__industry_description_delicatessensprimarilyretailingrangegroceryitemsmeats,0.0
categorical__industry_description_deodorantspersonalmanufacturing,0.0
categorical__industry_description_deodorantsexceptpersonalmanufacturing,0.0
categorical__industry_description_deodorantservicingrestrooms,0.0
categorical__industry_description_denturescustommadedentallaboratories,0.0
categorical__industry_description_denturematerialsmanufacturing,0.0
categorical__industry_description_dentistsofficesegcentersclinics,0.0
categorical__industry_description_dentifricesmanufacturing,0.0
categorical__industry_description_dentalservices,0.0
categorical__industry_description_dentallaboratoryequipmentmanufacturing,0.0
categorical__industry_description_dentalinsurancecarriersdirect,0.0
categorical__industry_description_dentalhygienistsofficesegcentersclinics,0.0
categorical__industry_description_dentalgluescementsmanufacturing,0.0
categorical__industry_description_dentalequipmentsuppliesmerchantwholesalers,0.0
categorical__industry_description_dentalequipmentsupplies,0.0
categorical__industry_description_dessertsdairymerchantwholesalers,0.0
categorical__industry_description_desktoppublishingservicesedocumentpreparationservice,0.0
categorical__industry_description_deskswoodofficetypemanufacturing,0.0
categorical__industry_description_desksexceptwoodofficetypemanufacturing,0.0
categorical__industry_description_desklampscommercialelectricmanufacturing,0.0
categorical__industry_description_designtestmanufactureaircraftwheelsbrakesaircraftbrakingsystems,0.0
categorical__industry_description_designmedicalpumps,0.0
categorical__industry_description_designmanufacturetestingpowertransmissionsystems,0.0
categorical__industry_description_designmanufactureminiturevalves,0.0
categorical__industry_description_desiccantsactivatedclaymanufacturing,0.0
categorical__industry_description_dermatologyoffice,0.0
categorical__industry_description_dermatologistsofficesegcentersclinics,0.0
categorical__industry_description_dermatologicalpreparationsmanufacturing,0.0
categorical__industry_description_depolishingmetalsmetalproductstrade,0.0
categorical__industry_description_departmentstoresdiscount,0.0
categorical__industry_description_developingproducingprototypesaircraftpartsexceptenginesauxiliaryequipment,0.0
categorical__industry_description_developingproducingprototypesaircraftenginesengineparts,0.0
categorical__industry_description_developingproducingprototypesaircraft,0.0
categorical__industry_description_developingequipmentfilmmanufacturing,0.0
categorical__industry_description_developerspreparedphotographicmanufacturing,0.0
categorical__industry_description_detoxificationhospitals,0.0
categorical__industry_description_detoxificationcentersclinicsexcepthospitalsoutpatient,0.0
categorical__industry_description_detonatorsexceptammunitionmanufacturing,0.0
categorical__industry_description_detonatorsammunitionemore30mmmore118inchmanufacturing,0.0
categorical__industry_description_detergentsmanufacturing,0.0
categorical__industry_description_detectorsscintillationmanufacturing,0.0
categorical__industry_description_detasselingcorn,0.0
categorical__industry_description_dessertsfrozenexceptbakerymanufacturing,0.0
categorical__industry_description_dessertsfrozenbakerymanufacturing,0.0
categorical__industry_description_diammoniumphosphatesmanufacturing,0.0
categorical__industry_description_dialysisequipmentelectromedicalmanufacturing,0.0
categorical__industry_description_dialysis,0.0
categorical__industry_description_dialindicatorsmachinistsprecisiontoolsmanufacturing,0.0
categorical__industry_description_diagnosticsubstancesvitromanufacturing,0.0
categorical__industry_description_diagnosticreagentsmerchantwholesalers,0.0
categorical__industry_description_diagnosticimagingequipmentrepairmaintenanceservices,0.0
categorical__industry_description_diagnosticequipmentmrimagneticresonanceimagingmanufacturing,0.0
categorical__industry_description_diagnosticequipmentmedicalmerchantwholesalers,0.0
categorical__industry_description_diagnosticequipmentelectromedicalmanufacturing,0.0
categorical__industry_description_dewateringcontractors,0.0
categorical__industry_description_developweaponcontrolsystems,0.0
categorical__industry_description_developmentassistanceprogramadministration,0.0
categorical__industry_description_developingproducingprototypescompleteguidedmissilesspacevehicles,0.0
categorical__industry_description_diesplasticsformingmanufacturing,0.0
categorical__industry_description_diesmetalworkingexceptthreadingmanufacturing,0.0
categorical__industry_description_diesetsmetalstampingpressesmanufacturing,0.0
categorical__industry_description_dieselsemidieselenginesmanufacturing,0.0
categorical__industry_description_diesdieholdersmetalcuttingformingexceptthreadingmanufacturing,0.0
categorical__industry_description_dielectricindustrialheatingequipmentmanufacturing,0.0
categorical__industry_description_diecutpaperproductsofficeusemadepurchasedpaperpaperboard,0.0
categorical__industry_description_diecutpaperproductsexceptofficeusemadepurchasedpaperpaperboard,0.0
categorical__industry_description_diecutpaperboard,0.0
categorical__industry_description_diecastingsnonferrousmetalsunfinishedmanufacturing,0.0
categorical__industry_description_diecastingsaluminumunfinishedmanufacturing,0.0
categorical__industry_description_diecastingdiesmanufacturing,0.0
categorical__industry_description_diecasting,0.0
categorical__industry_description_diathermyunitsmanufacturing,0.0
categorical__industry_description_diapersdisposablemadepurchasedpapertextilefiber,0.0
categorical__industry_description_diamonddiesmetalworkingmanufacturing,0.0
categorical__industry_description_dimensionstocksoftwoodmanufacturing,0.0
categorical__industry_description_dimensionstockhardwoodmanufacturing,0.0
categorical__industry_description_dimensionlumbersoftwoodresawingpurchasedlumber,0.0
categorical__industry_description_dimensionlumbersoftwoodmadelogsbolts,0.0
categorical__industry_description_dimensionlumberresawingpurchasedlumber,0.0
categorical__industry_description_dimensionlumbermadelogsbolts,0.0
categorical__industry_description_dimensionlumberhardwoodresawingpurchasedlumber,0.0
categorical__industry_description_diisocyanateresinsmanufacturing,0.0
categorical__industry_description_digitalprintingpressesmanufacturing,0.0
categorical__industry_description_digitalprintingegbillboardsotherlargeformatgraphicmaterialshighresolutionexceptbooks,0.0
categorical__industry_description_diggingfoundations,0.0
categorical__industry_description_digestivesystempreparationsmanufacturing,0.0
categorical__industry_description_differentialrearaxleassembliesautomotivetruckbusmanufacturing,0.0
categorical__industry_description_dietarydrinksdairynondairybasedmanufacturing,0.0
categorical__industry_description_diestapsemachinetoolaccessorymanufacturing,0.0
categorical__industry_description_diessteelrulemetalcuttingmanufacturing,0.0
categorical__industry_description_dipssourcreambasedmanufacturing,0.0
categorical__industry_description_dipsepesticidescattlesheepmanufacturing,0.0
categorical__industry_description_diodessolidstateeggermaniumsiliconmanufacturing,0.0
categorical__industry_description_dinnerwarepolystyrenefoammanufacturing,0.0
categorical__industry_description_dinnerwareplasticsexceptpolystyrenefoammanufacturing,0.0
categorical__industry_description_dinnertheatertheateropermore50totalpr,0.0
categorical__industry_description_dinnertheaters,0.0
categorical__industry_description_dinnershow,0.0
categorical__industry_description_dinnersfrozenseafoodmanufacturing,0.0
categorical__industry_description_dinnersfrozenexceptseafoodbasedmanufacturing,0.0
categorical__industry_description_diningroomfurniturewoodhouseholdtypemanufacturing,0.0
categorical__industry_description_dinersfullservice,0.0
categorical__industry_description_dimensionstoneminingquarrying,0.0
categorical__industry_description_dimensionstonedressingmanufacturing,0.0
categorical__industry_description_dimensionstonebuildingsmanufacturing,0.0
categorical__industry_description_dimensionstockwoodmanufacturing,0.0
categorical__industry_description_disasterreliefservices,0.0
categorical__industry_description_disabilitysupportgroups,0.0
categorical__industry_description_disabilityinsuranceunderwritingdirect,0.0
categorical__industry_description_dirtmovingconstruction,0.0
categorical__industry_description_directsellingmerchandisedoordoor,0.0
categorical__industry_description_directreductionironore,0.0
categorical__industry_description_directorymailinglistpublishersprintingcombined,0.0
categorical__industry_description_directorservicesfuneral,0.0
categorical__industry_description_directmailotherdirectdistributionadvertisingcampaignservices,0.0
categorical__industry_description_directmailersesellingownmerchandise,0.0
categorical__industry_description_directmailadvertisingservices,0.0
categorical__industry_description_directhealthmedicalinsurancecarriers,0.0
categorical__industry_description_directaccessstoragedevicesmanufacturing,0.0
categorical__industry_description_disposableplasticsproductsegboxescupscutlerydishessanitaryfoodcontainersmerchantwholesalers,0.0
categorical__industry_description_displaysegcounterfloorpointpurchasemanufacturing,0.0
categorical__industry_description_displayinstrumentsindustrialprocesscontroltypemanufacturing,0.0
categorical__industry_description_displaycasesrefrigeratedmanufacturing,0.0
categorical__industry_description_displaycasesfixturesexceptrefrigeratedmanufacturing,0.0
categorical__industry_description_displayadvertising,0.0
categorical__industry_description_dispersionspigmentmanufacturing,0.0
categorical__industry_description_dispersedyesmanufacturing,0.0
categorical__industry_description_dispensingmeasuringpumpseggasolinelubricantsmanufacturing,0.0
categorical__industry_description_dismantlinglargescalemachineryequipment,0.0
categorical__industry_description_diskdrivescomputermanufacturing,0.0
categorical__industry_description_disinfectantshouseholdtypeindustrialmanufacturing,0.0
categorical__industry_description_dishwashershouseholdtypemanufacturing,0.0
categorical__industry_description_dishwasherdetergentsmanufacturing,0.0
categorical__industry_description_dishespotterymanufacturing,0.0
categorical__industry_description_diseasecontrolcrops,0.0
categorical__industry_description_distributionlinegasoilconstruction,0.0
categorical__industry_description_distributionhomefinishedproducts,0.0
categorical__industry_description_distributionequipmentelectricalmerchantwholesalers,0.0
categorical__industry_description_distributioncutoutsmanufacturing,0.0
categorical__industry_description_distributioncooledair,0.0
categorical__industry_description_distributioncenteranimalfeed,0.0
categorical__industry_description_distributionassemblymotorvehiclepartsaccessories,0.0
categorical__industry_description_distributingcos,0.0
categorical__industry_description_distillingalcoholicbeveragesexceptbrandy,0.0
categorical__industry_description_distillerymachinerymerchantwholesalers,0.0
categorical__industry_description_distilleries,0.0
categorical__industry_description_distilledwatermanufacturing,0.0
categorical__industry_description_distilledalcoholicbeveragesmerchantwholesalers,0.0
categorical__industry_description_distillationovenscharcoalcokemanufacturing,0.0
categorical__industry_description_division,0.0
categorical__industry_description_divingservicescontractfeebasis,0.0
categorical__industry_description_divingequipmentstores,0.0
categorical__industry_description_districtregionaloffices,0.0
categorical__industry_description_districtattorneysoffices,0.0
categorical__industry_description_distributorwinemaltbeverages,0.0
categorical__industry_description_distributorsafetysupplies,0.0
categorical__industry_description_distributorindustrialsupplies,0.0
categorical__industry_description_distributorconstructionminingequipment,0.0
categorical__industry_description_distributionwarehouse,0.0
categorical__industry_description_distributiontransportation,0.0
categorical__industry_description_distributiontransformerselectricmanufacturing,0.0
categorical__industry_description_distributionoemcommercialkitchenrepairparts,0.0
categorical__industry_description_distributionmusicalinstrumentsaudiovisualcommercialaudioproducts,0.0
categorical__industry_description_distributionmanufacturedgas,0.0
categorical__industry_description_domesticrelations,0.0
categorical__industry_description_dolliesmanufacturing,0.0
categorical__industry_description_dollarstores,0.0
categorical__industry_description_dogracetracks,0.0
categorical__industry_description_dogfoodmanufacturing,0.0
categorical__industry_description_documentstoragewarehousing,0.0
categorical__industry_description_documentshreddingservices,0.0
categorical__industry_description_documentpreparationservices,0.0
categorical__industry_description_doctorspodiatrydpsofficesegcentersclinics,0.0
categorical__industry_description_doctorsosteopathydosexceptmentalhealthofficesegcentersclinics,0.0
categorical__industry_description_doctorsoptometryodsofficesegcentersclinics,0.0
categorical__industry_description_dockingundockingmarinevesselservices,0.0
categorical__industry_description_dmdsdoctorsdentalmedicineofficesegcentersclinics,0.0
categorical__industry_description_divisionofficepapermills,0.0
categorical__industry_description_divisionoffice,0.0
categorical__industry_description_doorstores,0.0
categorical__industry_description_doorssafevaultmetalmanufacturing,0.0
categorical__industry_description_doorsmetalmanufacturing,0.0
categorical__industry_description_doorshutterswoodmanufacturing,0.0
categorical__industry_description_doorsdoorframesmerchantwholesalers,0.0
categorical__industry_description_dooropeningclosingdevicesexceptelectricalmetalmanufacturing,0.0
categorical__industry_description_dooropeningclosingdeviceselectricalmanufacturing,0.0
categorical__industry_description_doormatsrubbermanufacturing,0.0
categorical__industry_description_doorlocksmetalmanufacturing,0.0
categorical__industry_description_doorjambswoodmanufacturing,0.0
categorical__industry_description_doorjambassembliesmetalmanufacturing,0.0
categorical__industry_description_doorframessashwoodcoveredwoodmanufacturing,0.0
categorical__industry_description_doorframessashmetalmanufacturing,0.0
categorical__industry_description_doorfoldinginstallation,0.0
categorical__industry_description_doorcommercialindustrialtypeinstallation,0.0
categorical__industry_description_donationdropoff,0.0
categorical__industry_description_downhillskiingfacilitiesaccommodations,0.0
categorical__industry_description_dowelswoodmanufacturing,0.0
categorical__industry_description_dowelpinsmetalmanufacturing,0.0
categorical__industry_description_doughsrefrigeratedfrozenmadepurchasedflour,0.0
categorical__industry_description_doughnutshopsfullservice,0.0
categorical__industry_description_doughnutsexceptfrozenmadecommercialbakeries,0.0
categorical__industry_description_doughmixingmachineryefoodmanufacturingtypemanufacturing,0.0
categorical__industry_description_dot,0.0
categorical__industry_description_dosdoctorsosteopathyexceptmentalhealthofficesegcentersclinics,0.0
categorical__industry_description_dormitoryconstruction,0.0
categorical__industry_description_dormitoriesoffcampus,0.0
categorical__industry_description_doorwindowprefabricatedinstallation,0.0
categorical__industry_description_doorunitsprehungwoodcoveredwoodmanufacturing,0.0
categorical__industry_description_doortrimwoodmoldingmanufacturing,0.0
categorical__industry_description_doorsunframedglassmadepurchasedglass,0.0
categorical__industry_description_dressingssurgicalmanufacturing,0.0
categorical__industry_description_dressingsmedicalmerchantwholesalers,0.0
categorical__industry_description_dredgingegcanalchannelditchwaterway,0.0
categorical__industry_description_drawingironsteelwirepurchasedironsteelfabricatingwireproducts,0.0
categorical__industry_description_drawingironsteelwirepurchasedironsteel,0.0
categorical__industry_description_draperiesmerchantwholesalers,0.0
categorical__industry_description_drainwasteventsysteminstallation,0.0
categorical__industry_description_drainingpumpingmetalminescontractbasis,0.0
categorical__industry_description_draincocksplumbingmanufacturing,0.0
categorical__industry_description_draincleaningservices,0.0
categorical__industry_description_drainageprojectconstruction,0.0
categorical__industry_description_drainagecanalditchconstruction,0.0
categorical__industry_description_dragsroadconstructionroadmaintenanceequipmentmanufacturing,0.0
categorical__industry_description_draftingservices,0.0
categorical__industry_description_dpsdoctorspodiatryofficesegcentersclinics,0.0
categorical__industry_description_downspoutssheetmetalexceptstampingsmanufacturing,0.0
categorical__industry_description_drillpresseswoodworkingtypemanufacturing,0.0
categorical__industry_description_drillingwaterwellsexceptwaterintakewellsoilgasfields,0.0
categorical__industry_description_drillingrigsoilgasfieldtypemanufacturing,0.0
categorical__industry_description_drillingoilgasfieldservicewellscontractbasis,0.0
categorical__industry_description_drillingmudsmerchantwholesalers,0.0
categorical__industry_description_drillingmudcompoundsconditionersadditivesexceptbentonitesmanufacturing,0.0
categorical__industry_description_drillingequipmentundergroundminingtypemanufacturing,0.0
categorical__industry_description_drillingequipmentoilgasfieldtypemanufacturing,0.0
categorical__industry_description_drillingdirectionaloilgasfieldwellscontractbasis,0.0
categorical__industry_description_drilledshaftedrilledbuildingfoundationsconstruction,0.0
categorical__industry_description_drilledpierebuildingfoundationscontractors,0.0
categorical__industry_description_drillbitsmetalworkingmanufacturing,0.0
categorical__industry_description_driedmeatsmadepurchasedcarcasses,0.0
categorical__industry_description_driedfoodsegfruitsmilkvegetablesmerchantwholesalers,0.0
categorical__industry_description_drieddehydratedfoodmanufacturing,0.0
categorical__industry_description_drugaddictionrehabilitationhospitals,0.0
categorical__industry_description_drugaddictionrehabilitationfacilitiesexceptlicensedhospitalsresidential,0.0
categorical__industry_description_drophammersmetalforgingshapingmanufacturing,0.0
categorical__industry_description_dropforgingsmadepurchasedironsteelunfinished,0.0
categorical__industry_description_dropceilinginstallation,0.0
categorical__industry_description_drivingservicesegautomobiletruckdelivery,0.0
categorical__industry_description_drivewaycleaningegpowersweepingwashingservices,0.0
categorical__industry_description_driveshighspeedindustrialexcepthydrostaticmanufacturing,0.0
categorical__industry_description_driveshaftshalfshaftsautomotivetruckbusmanufacturing,0.0
categorical__industry_description_drivechainsbicyclemotorcyclemanufacturing,0.0
categorical__industry_description_drinkpowdermixesexceptchocolatecoffeemilkbasedteamanufacturing,0.0
categorical__industry_description_drinkpowderedmixescocoamadepurchasedcocoa,0.0
categorical__industry_description_drinkingplacesebarsloungestavernsalcoholic,0.0
categorical__industry_description_drinkchocolatemilkmanufacturing,0.0
categorical__industry_description_drillstandsmetalmanufacturing,0.0
categorical__industry_description_drillshandheldpowerdrivenexceptheavyconstructionminingtypemanufacturing,0.0
categorical__industry_description_drybulktruckingexceptgarbagecollectiongarbagehaulinglocal,0.0
categorical__industry_description_drybulkcarriertrucklongdistance,0.0
categorical__industry_description_dryblend,0.0
categorical__industry_description_drybeansmerchantwholesalers,0.0
categorical__industry_description_drybakerymixmanufacturing,0.0
categorical__industry_description_drumsplasticsecontainersmanufacturing,0.0
categorical__industry_description_drumsmusicalinstrumentspartsaccessoriesmanufacturing,0.0
categorical__industry_description_drumslightgaugemetalmanufacturing,0.0
categorical__industry_description_drumcradlesmanufacturing,0.0
categorical__industry_description_drugstores,0.0
categorical__industry_description_drugsproprietariessundries,0.0
categorical__industry_description_drugsmerchantwholesalers,0.0
categorical__industry_description_drugsdruggistssundriesmerchantwholesalers,0.0
categorical__industry_description_drugproprietariesmerchantwholesalers,0.0
categorical__industry_description_druggistssundriesmerchantwholesalers,0.0
categorical__industry_description_drugaddictiontreatmentcentersclinicsexcepthospitalsoutpatient,0.0
categorical__industry_description_drydocksfloatingeroutinerepairmaintenanceships,0.0
categorical__industry_description_drydockfloatingbuilding,0.0
categorical__industry_description_drycornmilling,0.0
categorical__industry_description_drycondensedevaporateddairyproducts,0.0
categorical__industry_description_drycondensedevaporateddairyproductmanufacturing,0.0
categorical__industry_description_drycleaningservicesexceptcoinoperated,0.0
categorical__industry_description_drycleaningservicescoinoperatedsimilarselfservice,0.0
categorical__industry_description_drycleaningpreparationsmanufacturing,0.0
categorical__industry_description_drycleaningplantsexceptrugcleaningplants,0.0
categorical__industry_description_drycleaninglaundrystoreretail,0.0
categorical__industry_description_drycleaningequipmentsuppliesmerchantwholesalers,0.0
categorical__industry_description_drycleaningequipmentmachinerymanufacturing,0.0
categorical__industry_description_drycleanersexceptcoinoperated,0.0
categorical__industry_description_drycleanerdropoffpickupsites,0.0
categorical__industry_description_drycellsprimaryegaaaaacd9vmanufacturing,0.0
categorical__industry_description_drycellprimarybatteriessinglemultiplecellmanufacturing,0.0
categorical__industry_description_drywallhanging,0.0
categorical__industry_description_drywallfinishingegsandingspacklingstipplingtapingtexturing,0.0
categorical__industry_description_drywalldistributor,0.0
categorical__industry_description_drywallacousticalceramicresilient,0.0
categorical__industry_description_drywall,0.0
categorical__industry_description_drypastamanufacturing,0.0
categorical__industry_description_drymixesmadepurchasedflour,0.0
categorical__industry_description_drymixconcretemanufacturing,0.0
categorical__industry_description_drymilkproductsmixturemanufacturing,0.0
categorical__industry_description_drymilkprocessingmachinerymanufacturing,0.0
categorical__industry_description_drymilkmanufacturing,0.0
categorical__industry_description_dryingkilnslumbermanufacturing,0.0
categorical__industry_description_dryiceesolidcarbondioxidemanufacturing,0.0
categorical__industry_description_dryerslaundryexcepthouseholdtypemanufacturing,0.0
categorical__industry_description_dryersclotheshouseholdtypegaselectricmanufacturing,0.0
categorical__industry_description_dumptrailermanufacturing,0.0
categorical__industry_description_dumpsnonhazardoussolidwasteegtrash,0.0
categorical__industry_description_dumpscompost,0.0
categorical__industry_description_dumpersminingcarmanufacturing,0.0
categorical__industry_description_duiepyleinc,0.0
categorical__industry_description_duderanches,0.0
categorical__industry_description_ductworkegcoolingdustcollectionexhaustheatingventilationinstallation,0.0
categorical__industry_description_ductssheetmetalmanufacturing,0.0
categorical__industry_description_ductinsulationinstallation,0.0
categorical__industry_description_ductingfabricatedmetalplateworkmanufacturing,0.0
categorical__industry_description_ductileironfoundries,0.0
categorical__industry_description_ductileironcastingsunfinishedmanufacturing,0.0
categorical__industry_description_ductcleaningservices,0.0
categorical__industry_description_ducksslaughteringdressing,0.0
categorical__industry_description_drywallsuppliesmerchantwholesalers,0.0
categorical__industry_description_drywallinsulationcontractors,0.0
categorical__industry_description_earthretentionsystemconstruction,0.0
categorical__industry_description_dynamometersmanufacturing,0.0
categorical__industry_description_dyessyntheticorganicmanufacturing,0.0
categorical__industry_description_dyesinorganicmanufacturing,0.0
categorical__industry_description_dyeingtextileproductsfabrics,0.0
categorical__industry_description_dwellingrentalleasing,0.0
categorical__industry_description_dustfumecollectingequipmentmanufacturing,0.0
categorical__industry_description_dustersfarmtypemanufacturing,0.0
categorical__industry_description_dustcollectionequipmentmerchantwholesalers,0.0
categorical__industry_description_durablegoodsagentsbrokerswholesaletrade,0.0
categorical__industry_description_duplicatinginksmanufacturing,0.0
categorical__industry_description_duplexreceptacleselectricalmanufacturing,0.0
categorical__industry_description_duplexesidesideconstructiongeneralcontractors,0.0
categorical__industry_description_duplexeoneunitaboveotherconstructiongeneralcontractors,0.0
categorical__industry_description_dumptruckingrubblebrushcollectiondisposal,0.0
categorical__industry_description_dumptruckingeggravelsandtopsoil,0.0
categorical__industry_description_educationaltestingevaluationservices,0.0
categorical__industry_description_educationalsupportservices,0.0
categorical__industry_description_educationalservices,0.0
categorical__industry_description_educationalbuildingconstruction,0.0
categorical__industry_description_educational,0.0
categorical__industry_description_education,0.0
categorical__industry_description_economizersepowerboileraccessorymanufacturing,0.0
categorical__industry_description_economicresearchdevelopmentservices,0.0
categorical__industry_description_economicdevelopmentagenciesgovernment,0.0
categorical__industry_description_ecclesiasticalstatuarystonemanufacturing,0.0
categorical__industry_description_ecclesiasticalstatuarypapermachemanufacturing,0.0
categorical__industry_description_eavessheetmetalexceptstampingsmanufacturing,0.0
categorical__industry_description_eastcoastdistributioncenter,0.0
categorical__industry_description_earthstationsexceptsatellitetelecommunicationcarriers,0.0
categorical__industry_description_earthstationcommunicationsequipmentmanufacturing,0.0
categorical__industry_description_earthretentionsystemsdeepfoundationsmarinestructures,0.0
categorical__industry_description_electricalapparatusequipmentwiring,0.0
categorical__industry_description_electionboards,0.0
categorical__industry_description_electdist,0.0
categorical__industry_description_elecpowergenwind,0.0
categorical__industry_description_elecdist,0.0
categorical__industry_description_elbowspipemetalexceptmadepurchasedpipemanufacturing,0.0
categorical__industry_description_elastomerssyntheticrubbermanufacturing,0.0
categorical__industry_description_elastomersexceptsyntheticrubbermanufacturing,0.0
categorical__industry_description_elasticfabricsnarrowwovenmanufacturing,0.0
categorical__industry_description_eggsprocessedmanufacturing,0.0
categorical__industry_description_eggsmerchantwholesalers,0.0
categorical__industry_description_eggschickentablehatchingproduction,0.0
categorical__industry_description_eggproductionchicken,0.0
categorical__industry_description_egghatcheriespoultry,0.0
categorical__industry_description_educationprogramadministration,0.0
categorical__industry_description_educationaltestingservices,0.0
categorical__industry_description_airfiltermanufacturing,0.0
categorical__industry_description_airfilterdistributer,0.0
categorical__industry_description_aircraftturbinesmanufacturing,0.0
categorical__industry_description_aircrafttiremanufacturing,0.0
categorical__industry_description_aircrafttiedownstrapassembliesexceptleathermanufacturing,0.0
categorical__industry_description_aircraftsubassembliespartsmanufacturing,0.0
categorical__industry_description_aircraftseatsmanufacturing,0.0
categorical__industry_description_aircraftrebuildingerestorationoriginaldesignspecifications,0.0
categorical__industry_description_aircraftpropellerspartsmanufacturing,0.0
categorical__industry_description_aircraftpartsauxiliaryequipmentmanufact,0.0
categorical__industry_description_aircraftpartsauxiliaryequipment,0.0
categorical__industry_description_aircraftoverhauling,0.0
categorical__industry_description_aircraftmerchantwholesalers,0.0
categorical__industry_description_aircraftmaintenancerepairservices,0.0
categorical__industry_description_electricalequipmentmanufacturer,0.0
categorical__industry_description_electricalequipmentapplianceinstallation,0.0
categorical__industry_description_electricalengineeringservices,0.0
categorical__industry_description_electricalelectronicmachineryequipmentsuppliesvehicularlightingequipmentassemblylightingassembliesmilitaryaircraft,0.0
categorical__industry_description_electricalcontractorsotherwiringinstallation,0.0
categorical__industry_description_electricalcontractorotherwiringinstallatio,0.0
categorical__industry_description_electricalcontractor,0.0
categorical__industry_description_electricalconstructorsotherwiringinstallation,0.0
categorical__industry_description_electricalapparatuswholesaler,0.0
categorical__industry_description_electricalapparatusequipmentwiringsuppliesconstructionmaterial,0.0
categorical__industry_description_electricbulkpowertransmissioncontrol,0.0
categorical__industry_description_electricblanketsmerchantwholesalers,0.0
categorical__industry_description_electricalwiringcontractors,0.0
categorical__industry_description_electricaltestinglaboratoriesservices,0.0
categorical__industry_description_electricalsupplystores,0.0
categorical__industry_description_electricalsuppliesceramicmanufacturing,0.0
categorical__industry_description_electricalsubcontractor,0.0
categorical__industry_description_electricalsignsmanufacturing,0.0
categorical__industry_description_electricalpowermeasuringequipmentmanufacturing,0.0
categorical__industry_description_electricalmeterreadingservicescontract,0.0
categorical__industry_description_electricalmeasuringinstrumentrepairmaintenanceservices,0.0
categorical__industry_description_electricallowvoltage,0.0
categorical__industry_description_electricalinsulatorsceramicmanufacturing,0.0
categorical__industry_description_electricalgeneratingtransmissionequipmentrepairmaintenanceservices,0.0
categorical__industry_description_electricpowerdistribution,0.0
categorical__industry_description_electricpowercontrolpaneloutletinstallation,0.0
categorical__industry_description_electricpowerbulktransmissioncontrol,0.0
categorical__industry_description_electricmusicalinstrumentsmanufacturing,0.0
categorical__industry_description_electricmotorswiringsupplieslightingfixturesmerchantwholesalers,0.0
categorical__industry_description_electricmotorrepairmaintenanceservicescommercialindustrial,0.0
categorical__industry_description_electriclightpowerplantexcepthydroelectricconstruction,0.0
categorical__industry_description_electriclightfixturesmerchantwholesalers,0.0
categorical__industry_description_electricitygeneratingplanthydroelectricconstruction,0.0
categorical__industry_description_electricitygeneratingplantexcepthydroelectricconstruction,0.0
categorical__industry_description_electricityelectricalsignaltestingequipmentmanufacturing,0.0
categorical__industry_description_electricityelectricalsignalmeasuringinstrumentsmanufacturing,0.0
categorical__industry_description_electrician,0.0
categorical__industry_description_electricelectroniccontrollersindustrialprocesstypemanufacturing,0.0
categorical__industry_description_electricdepartment,0.0
categorical__industry_description_electrodesusedindustrialprocessmeasurementmanufacturing,0.0
categorical__industry_description_electrodesthermalelectrolyticusescarbongraphitemanufacturing,0.0
categorical__industry_description_electrochemicalgeneratorsefuelcellsmanufacturing,0.0
categorical__industry_description_electricutility,0.0
categorical__industry_description_electricpowertransmissioncontroldistribution,0.0
categorical__industry_description_electricpowergernerationtransmissiondistribution,0.0
categorical__industry_description_electricpowergenerationwind,0.0
categorical__industry_description_electricpowergenerationgeothermal,0.0
categorical__industry_description_electricpowergenerationbiomass,0.0
categorical__industry_description_electronicguidancesystemsequipmentmanufacturing,0.0
categorical__industry_description_electronicflamedetectors,0.0
categorical__industry_description_electronicfinancialpaymentservices,0.0
categorical__industry_description_electronicdataprocessingservices,0.0
categorical__industry_description_electroniccontrolsysteminstallation,0.0
categorical__industry_description_electronicconnectormanufacturing,0.0
categorical__industry_description_electroniccommunicationverificationcontentservices,0.0
categorical__industry_description_electronicauctionsretail,0.0
categorical__industry_description_electronbeamweldingequipmentmanufacturing,0.0
categorical__industry_description_electrometallurgicalsteelmanufacturing,0.0
categorical__industry_description_electrometallurgicalferroalloymanufacturing,0.0
categorical__industry_description_electromedicaltherapyequipmentmanufacturing,0.0
categorical__industry_description_electromedicalequipmentmanufacturing,0.0
categorical__industry_description_electromedicalelectrotherapeuticapparatusmanufacturing,0.0
categorical__industry_description_electromedicaldiagnosticequipmentmanufacturing,0.0
categorical__industry_description_electrodesweldingmanufacturing,0.0
categorical__industry_description_electrostaticprecipitationequipmentmanufacturing,0.0
categorical__industry_description_electrostaticpaintingsitecontractors,0.0
categorical__industry_description_electroplatingplatingpolishinganodizingcoloring,0.0
categorical__industry_description_electroplatingmetalsformedproductstrade,0.0
categorical__industry_description_electroplatingmetalsformedproduct,0.0
categorical__industry_description_electroplatingmachineryequipmentmanufacturing,0.0
categorical__industry_description_electronmicroprobeslaboratorytypemanufacturing,0.0
categorical__industry_description_electronictubesegindustrialreceivingtransmittingmerchantwholesalers,0.0
categorical__industry_description_electronictestequipmenttestingelectricalcharacteristicsmanufacturing,0.0
categorical__industry_description_electronicsindustrialcontrolsdistributor,0.0
categorical__industry_description_electronicshoppingmailorderhousesmanufacturing,0.0
categorical__industry_description_electronicresearchdevelopmentlaboratoriesservices,0.0
categorical__industry_description_electronicprecisionequipmentrepairmaintenance,0.0
categorical__industry_description_electronicpartsegcondensersconnectorsswitchesmerchantwholesalers,0.0
categorical__industry_description_electronicmarketsdurablegoodsbusinessbusinesswholesaletrade,0.0
categorical__industry_description_electronicindustry,0.0
categorical__industry_description_emergencymedicalservice,0.0
categorical__industry_description_emdmanufacturingallotherbasicinorganicchemcialmanufacturing,0.0
categorical__industry_description_embankmentconstruction,0.0
categorical__industry_description_elkproduction,0.0
categorical__industry_description_elevatorspassengerfreightmanufacturing,0.0
categorical__industry_description_elevatormovingstairwaymanufacturing,0.0
categorical__industry_description_elevatorinstallation,0.0
categorical__industry_description_elevatorescalatorinstallationmodernizationmaintenanceservicerepair,0.0
categorical__industry_description_elevatedhighwayconstruction,0.0
categorical__industry_description_elementaryschools,0.0
categorical__industry_description_elementaryschool,0.0
categorical__industry_description_elementalanalyzersmanufacturing,0.0
categorical__industry_description_electrotypeplatepreparationservices,0.0
categorical__industry_description_electrotherapeuticapparatusmanufacturing,0.0
categorical__industry_description_employmentplacementagenciesservices,0.0
categorical__industry_description_employmentofficehospitaleducationnewhospitalstaff,0.0
categorical__industry_description_employmentmatters,0.0
categorical__industry_description_employmentcontractortemporarywarehousingstaff,0.0
categorical__industry_description_employmentagencies,0.0
categorical__industry_description_employeeplacementagencies,0.0
categorical__industry_description_employeeleasingservices,0.0
categorical__industry_description_employeedrugtestingservices,0.0
categorical__industry_description_employeebenefitplansthirdpartyadministrativeprocessingservices,0.0
categorical__industry_description_emergencysheltersvictimsdomesticinternationaldisastersconflicts,0.0
categorical__industry_description_emergencysheltersexceptvictimsdomesticinternationaldisastersconflicts,0.0
categorical__industry_description_emergencyroadservicesetowservice,0.0
categorical__industry_description_emergencyresponse911,0.0
categorical__industry_description_emergencyreliefservices,0.0
categorical__industry_description_emergencyplanningmanagementofficesgovernment,0.0
categorical__industry_description_engineeredwoodmemberexcepttrussmanufacturing,0.0
categorical__industry_description_engineeredpolymerproducts,0.0
categorical__industry_description_engineblockassembliesautomotivetruckgasolinemanufacturing,0.0
categorical__industry_description_engageddistributionoperations,0.0
categorical__industry_description_enforcementenvironmentalpollutioncontrolregulations,0.0
categorical__industry_description_energywirecablemadealuminumwiredrawingplants,0.0
categorical__industry_description_energystorage,0.0
categorical__industry_description_energyconsultingservices,0.0
categorical__industry_description_energyassistanceprograms,0.0
categorical__industry_description_energy,0.0
categorical__industry_description_enamelingmetalsmetalproductstrade,0.0
categorical__industry_description_enameledironmetalsanitarywaremfg,0.0
categorical__industry_description_emulsifiersesurfaceactiveagentsmanufacturing,0.0
categorical__industry_description_emptycontaineryard,0.0
categorical__industry_description_enginesdiesellocomotivemanufacturing,0.0
categorical__industry_description_enginerepairreplacementshopsautomotive,0.0
categorical__industry_description_enginerepairexceptautomotivesmallengine,0.0
categorical__industry_description_enginemanufacture,0.0
categorical__industry_description_engineersoffices,0.0
categorical__industry_description_engineeringstructureegoilstoragetankwatertowerpainting,0.0
categorical__industry_description_engineeringserviceslightassemblytesthardwaresomelightmachining,0.0
categorical__industry_description_engineeringserivces,0.0
categorical__industry_description_engineeringresearchdevelopmentlaboratoriesservices,0.0
categorical__industry_description_engineeringlaboratory,0.0
categorical__industry_description_engineeringdesignservices,0.0
categorical__industry_description_engineeringconsulting,0.0
categorical__industry_description_engineeringconstructionservices,0.0
categorical__industry_description_engineeringaccountingresearchmanagementrelatedissuesr,0.0
categorical__industry_description_environmentalengineeringservices,0.0
categorical__industry_description_envelopesemailingstationerymadeanymaterial,0.0
categorical__industry_description_envelopemanufacturing,0.0
categorical__industry_description_entertainmentlodging,0.0
categorical__industry_description_entertainment,0.0
categorical__industry_description_enterprisedevelopmentprogramadministration,0.0
categorical__industry_description_engravingmetalsmetalproductsexceptprintingplatestrade,0.0
categorical__industry_description_engravingmachinerymerchantwholesalers,0.0
categorical__industry_description_enginespartsexceptdieselautomotivetruckmanufacturing,0.0
categorical__industry_description_enginespartsautomotivenewmerchantwholesalers,0.0
categorical__industry_description_enginesnaturalgasmanufacturing,0.0
categorical__industry_description_enginesinternalcombustionexceptaircraftnondieselautomotivemanufacturing,0.0
categorical__industry_description_enginesinternalcombustionexceptaircraftautomotivemerchantwholesalers,0.0
categorical__industry_description_enginesenginepartsaircraftexceptcarburetorspistonspistonringsvalvesmanufacturing,0.0
categorical__industry_description_enginesdieselsemidieselmanufacturing,0.0
categorical__industry_description_equipmentrentalexceptcraneconstructionoperator,0.0
categorical__industry_description_equipment,0.0
categorical__industry_description_equineboarding,0.0
categorical__industry_description_equalemploymentopportunityoffices,0.0
categorical__industry_description_epoxyresinsmanufacturing,0.0
categorical__industry_description_epoxycoatingsmadepurchasedresins,0.0
categorical__industry_description_epoxyapplicationcontractors,0.0
categorical__industry_description_epoxyadhesivesmanufacturing,0.0
categorical__industry_description_epm,0.0
categorical__industry_description_enzymeproteinsebasicsyntheticchemicalspharmaceuticalusemanufacturing,0.0
categorical__industry_description_enzymeproteinsebasicsyntheticchemicalsexceptpharmaceuticalusemanufacturing,0.0
categorical__industry_description_enzymeisoenzymevitrodiagnosticsubstancesmanufacturing,0.0
categorical__industry_description_environmentaltestinglaboratoriesservices,0.0
categorical__industry_description_environmentalservices,0.0
categorical__industry_description_environmentalresearchdevelopmentlaboratoriesservicesexceptbiotechnologyresearchdevelopment,0.0
categorical__industry_description_environmentalprotectionprogramadministration,0.0
categorical__industry_description_ethylalcoholnonpotablemanufacturing,0.0
categorical__industry_description_ethylalcoholmanufacturing,0.0
categorical__industry_description_ethanolproduction,0.0
categorical__industry_description_ethanemaderefinedpetroleumliquidhydrocarbons,0.0
categorical__industry_description_etchingmetalsmetalproductsexceptprintingplatestrade,0.0
categorical__industry_description_etchingequipmentsemiconductormanufacturing,0.0
categorical__industry_description_etailers,0.0
categorical__industry_description_estersnotspecifiedelsewhereprocessmanufacturing,0.0
categorical__industry_description_escalatorinstallation,0.0
categorical__industry_description_erectiondismantlingpouredconcreteform,0.0
categorical__industry_description_equityrealestateinvestmenttrustsreitsprimarilyleasingresidentialbuildingsdwellings,0.0
categorical__industry_description_equityrealestateinvestmenttrustsreitsprimarilyleasingrealestateexceptresidentialbuildingsdwellingsnonresidentialbuildingsminiwarehousesselfstorageunits,0.0
categorical__industry_description_equityrealestateinvestmenttrustsreitsprimarilyleasingnonresidentialbuildingsexceptminiwarehouses,0.0
categorical__industry_description_equityrealestateinvestmenttrustsreitsprimarilyleasingminiwarehousesselfstorageunits,0.0
categorical__industry_description_equipmentrepairmaintenanceofficebuilding,0.0
categorical__industry_description_excelsioregpadswrappersmanufacturing,0.0
categorical__industry_description_excavatorsegpowershovelsmanufacturing,0.0
categorical__industry_description_excavationvacuumtruckservices,0.0
categorical__industry_description_excavation,0.0
categorical__industry_description_excavatingmudpitsslushpitscellarsoilgasfieldscontractbasis,0.0
categorical__industry_description_excavatingmachineryequipmentmerchantwholesalers,0.0
categorical__industry_description_excavatingearthmovinglandclearingminingexceptoverburdenremovalopenpitminesitesquarries,0.0
categorical__industry_description_evaporativecondenserseheattransferequipmentmanufacturing,0.0
categorical__industry_description_evaporatedmilkmanufacturing,0.0
categorical__industry_description_ethylenepropylenenonconjugateddieneepdmrubbermanufacturing,0.0
categorical__industry_description_ethyleneoxidemanufacturing,0.0
categorical__industry_description_ethylenemaderefinedpetroleumliquidhydrocarbons,0.0
categorical__industry_description_ethylcelluloseexceptresinsmanufacturing,0.0
categorical__industry_description_ethylbenzenemaderefinedpetroleumliquidhydrocarbons,0.0
categorical__industry_description_exhibitionhallnopromotioneventsrentalleasing,0.0
categorical__industry_description_exhausttailpipesautomotivetruckbusmanufacturing,0.0
categorical__industry_description_exhaustsystemspartsautomotivetruckbusmanufacturing,0.0
categorical__industry_description_exhaustfansindustrialcommercialtypemanufacturing,0.0
categorical__industry_description_exercisemachinesmanufacturing,0.0
categorical__industry_description_exerciseequipmentstores,0.0
categorical__industry_description_exercisecenters,0.0
categorical__industry_description_executiveoffices,0.0
categorical__industry_description_executiveofficerfederalstatelocal,0.0
categorical__industry_description_executivemanagementservices,0.0
categorical__industry_description_executivelegislativeofficecombinations,0.0
categorical__industry_description_executiveadministration,0.0
categorical__industry_description_execrcisemachinesmanufacturing,0.0
categorical__industry_description_exciterassembliesmotorgeneratormanufacturing,0.0
categorical__industry_description_exchangersheatmanufacturing,0.0
categorical__industry_description_extrudingmachineryplasticsrubbermanufacturing,0.0
categorical__industry_description_extrudedmoldedlathecutrubbergoodsmanufacturing,0.0
categorical__industry_description_extractsfoodexceptcoffeemeatmanufacturing,0.0
categorical__industry_description_extinguishersfiremerchantwholesalers,0.0
categorical__industry_description_exterminatingservices,0.0
categorical__industry_description_exterminatingpestcontrolservices,0.0
categorical__industry_description_exterminatingchemicalproductsegfungicidesinsecticidespesticidesmanufacturing,0.0
categorical__industry_description_exteriorinsulationfinishsysteminstallation,0.0
categorical__industry_description_extensioncordsmadepurchasedinsulatedwire,0.0
categorical__industry_description_extendedcarehospitalsexceptmentalsubstanceabuse,0.0
categorical__industry_description_expressdeliveryservicesexceptestablishmentsoperatingunderuniversalserviceobligation,0.0
categorical__industry_description_explosivesmanufacturing,0.0
categorical__industry_description_explosivesexceptammunitionfireworksmerchantwholesalers,0.0
categorical__industry_description_explorationservicesmetalexceptgeophysicalsurveyingmappingcontractbasis,0.0
categorical__industry_description_expansionjointsmetalmanufacturing,0.0
categorical__industry_description_exoticleathersmanufacturing,0.0
categorical__industry_description_f135enginemaintenance,0.0
categorical__industry_description_f119enginemodules,0.0
categorical__industry_description_f119,0.0
categorical__industry_description_eyesglassplasticsmanufacturing,0.0
categorical__industry_description_eyemakeupegeyeshadoweyebrowpencilmascaramanufacturing,0.0
categorical__industry_description_eyeletsmetalmanufacturing,0.0
categorical__industry_description_eyeglassframesefrontstemplesophthalmicmanufacturing,0.0
categorical__industry_description_eyeexamininginstrumentsapparatusmanufacturing,0.0
categorical__industry_description_eyeearpreparationsmanufacturing,0.0
categorical__industry_description_extrusioningotprimaryaluminummanufacturing,0.0
categorical__industry_description_extrusioningotmaderollingpurchasedaluminum,0.0
categorical__industry_description_extrusioningotaluminummadeintegratedsecondarysmeltingrollingmills,0.0
categorical__industry_description_extrusiondiesuseallmaterialsmanufacturing,0.0
categorical__industry_description_extrusiondiediecastmanufacturer,0.0
categorical__industry_description_extrusionbilletaluminummadeintegratedsecondarysmeltingrollingmills,0.0
categorical__industry_description_extrudingmachinesmetalworkingmanufacturing,0.0
categorical__industry_description_fabricshops,0.0
categorical__industry_description_fabricsexceptrugtirefabricsbroadwovenweaving,0.0
categorical__industry_description_fabricfinishing,0.0
categorical__industry_description_fabricationoilfieldequipment,0.0
categorical__industry_description_fabricationmetalcabinetcountertopsite,0.0
categorical__industry_description_fabricationassembly,0.0
categorical__industry_description_fabrication,0.0
categorical__industry_description_fabricatedstructuralwoodmembersexcepttrussesmanufacturing,0.0
categorical__industry_description_fabricatedstructuralsteel,0.0
categorical__industry_description_fabricatedstructmetalmanuf,0.0
categorical__industry_description_fabricatedrubberproductsmanufacturing,0.0
categorical__industry_description_fabricatedplateworkmanufacturing,0.0
categorical__industry_description_fabricatedpipepipefittingsmadepurchasedpipe,0.0
categorical__industry_description_fabricatedpipepipefittings,0.0
categorical__industry_description_fabricatedbarjoistsmanufacturing,0.0
categorical__industry_description_facilityservices,0.0
categorical__industry_description_facilitymanufactureshighgradesuperalloys,0.0
categorical__industry_description_facilitiessupportmanagementservice,0.0
categorical__industry_description_facilitiesmaintgroundsmaint,0.0
categorical__industry_description_facilitiesmaint,0.0
categorical__industry_description_facilitieseclientsfacilitiessupportservicescomputersystemsdataprocessing,0.0
categorical__industry_description_facilitieseclientsfacilitiesmanagementoperationservicescomputersystemsdataprocessing,0.0
categorical__industry_description_facilities,0.0
categorical__industry_description_fabricwallsystemnoiseinsulatinginstallation,0.0
categorical__industry_description_fabricstextileexceptburlapfeltmerchantwholesalers,0.0
categorical__industry_description_fabricsoftenersmanufacturing,0.0
categorical__industry_description_fabricsnonwovenmanufacturing,0.0
categorical__industry_description_fabricsknitmadewarpweftknitfabricmills,0.0
categorical__industry_description_fansexceptattichouseholdtypeelectricmanufacturing,0.0
categorical__industry_description_fanselectriccoolingautomotivetruckbusmanufacturing,0.0
categorical__industry_description_fanbeltsrubberplasticsmanufacturing,0.0
categorical__industry_description_familywelfareservices,0.0
categorical__industry_description_familysocialserviceagencies,0.0
categorical__industry_description_familyplanningcenters,0.0
categorical__industry_description_familyfuncenters,0.0
categorical__industry_description_familyclothingstores,0.0
categorical__industry_description_fairpromotersfacilities,0.0
categorical__industry_description_fairorganizersfacilitiesagricultural,0.0
categorical__industry_description_factoryconstruction,0.0
categorical__industry_description_facsimileequipmentstandalonemanufacturing,0.0
categorical__industry_description_farmmanagementservices,0.0
categorical__industry_description_farmmachineryequipmentmerchantwholesalers,0.0
categorical__industry_description_farmmachineryequipmentmanufacturing,0.0
categorical__industry_description_farmlaborcontractorscrewleaders,0.0
categorical__industry_description_farming,0.0
categorical__industry_description_farmgranges,0.0
categorical__industry_description_farmgardenmachineryequipment,0.0
categorical__industry_description_farmgardenmachinearyequipment,0.0
categorical__industry_description_farmequipmentrentalleasing,0.0
categorical__industry_description_farmequipmentmachinerymanufacturing,0.0
categorical__industry_description_farmdrainagetileinstallation,0.0
categorical__industry_description_farmdairy,0.0
categorical__industry_description_farmbuildingsprefabricatedmetalmanufacturing,0.0
categorical__industry_description_farmbuildingconstruction,0.0
categorical__industry_description_fansindustrialcommercialtypemanufacturing,0.0
categorical__industry_description_fatteningcattle,0.0
categorical__industry_description_fatsoilsrefiningblending,0.0
categorical__industry_description_fatsanimalrendering,0.0
categorical__industry_description_fatsanimalexceptpoultrysmallgameproducedslaughteringplants,0.0
categorical__industry_description_fastenersegglovehookeyeslidesnapmanufacturing,0.0
categorical__industry_description_farrowfinishoperations,0.0
categorical__industry_description_farmwagonsmanufacturing,0.0
categorical__industry_description_farmtractorsattachmentsmanufacturing,0.0
categorical__industry_description_farmsupplies,0.0
categorical__industry_description_farmstoragetanksheavygaugemetalmanufacturing,0.0
categorical__industry_description_farmproductwarehousingstoragerefrigerated,0.0
categorical__industry_description_farmproductwarehousingstorageexceptrefrigerated,0.0
categorical__industry_description_feedsexceptpetmerchantwholesalers,0.0
categorical__industry_description_feedprocessingequipmentfarmtypemanufacturing,0.0
categorical__industry_description_feedlotsexceptstockyardstransportationcattle,0.0
categorical__industry_description_feedlot,0.0
categorical__industry_description_feederpigfarming,0.0
categorical__industry_description_feedercalfproduction,0.0
categorical__industry_description_federalsavingsloanassociationssl,0.0
categorical__industry_description_federalpoliceservices,0.0
categorical__industry_description_federalhomeloanmortgagecorporationfhlmc,0.0
categorical__industry_description_federalcreditunions,0.0
categorical__industry_description_featuresyndicateseadvicecolumnscomicnews,0.0
categorical__industry_description_feathersmerchantwholesalers,0.0
categorical__industry_description_faucetsplumbingmanufacturing,0.0
categorical__industry_description_fattyacidsegmargaricoleicstearicmanufacturing,0.0
categorical__industry_description_fattyacidestersaminesmanufacturing,0.0
categorical__industry_description_fencingwoodmerchantwholesalers,0.0
categorical__industry_description_fencingwoodexceptroughpicketspolesrailsmanufacturing,0.0
categorical__industry_description_fencingfencingaccessorieswiremerchantwholesalers,0.0
categorical__industry_description_fencingfencegatesmadepurchasedwire,0.0
categorical__industry_description_fencingexceptwoodmerchantwholesalers,0.0
categorical__industry_description_fencingcontractorsexceptelectroniccontainmentfencingpets,0.0
categorical__industry_description_fencesgatesexceptwiremetalmanufacturing,0.0
categorical__industry_description_fenceinstallationexceptelectroniccontainmentfencingpets,0.0
categorical__industry_description_fencegates,0.0
categorical__industry_description_fenceerectionmetal,0.0
categorical__industry_description_feedyardsexceptstockyardstransportationcattle,0.0
categorical__industry_description_feedsupplementsdogcatmanufacturing,0.0
categorical__industry_description_feedsupplementsanimalexceptcatdogmanufacturing,0.0
categorical__industry_description_feedstoresexceptpet,0.0
categorical__industry_description_feedsprepareddogcatmanufacturing,0.0
categorical__industry_description_feedspreparedanimalsexceptcatdogmanufacturing,0.0
categorical__industry_description_fertilizersmixedmadeplantsnotmanufacturingfertilizermaterials,0.0
categorical__industry_description_fertilizermixingonlymanufacturing,0.0
categorical__industry_description_fertilizermfg,0.0
categorical__industry_description_fertilizermanufacturing,0.0
categorical__industry_description_fertilizerfertilizermaterialsmerchantwholesalers,0.0
categorical__industry_description_fertilizercropprotectionsales,0.0
categorical__industry_description_fertilizerapplicationcrops,0.0
categorical__industry_description_ferrousmetalsmerchantwholesalers,0.0
categorical__industry_description_ferrousforgingsmadepurchasedironsteelunfinished,0.0
categorical__industry_description_ferrosiliconmanufacturing,0.0
categorical__industry_description_ferroalloysmanufacturing,0.0
categorical__industry_description_ferricchloridemanufacturing,0.0
categorical__industry_description_fermentiontanksheavygaugemetaltanksmanufacturing,0.0
categorical__industry_description_fermentedmaltbeveragesmerchantwholesalers,0.0
categorical__industry_description_fermentationequipmentchemicalmanufacturing,0.0
categorical__industry_description_fenestrationproductmanufacturing,0.0
categorical__industry_description_fiberopticconnectorsmanufacturing,0.0
categorical__industry_description_fiberopticcabletransmissionlineconstruction,0.0
categorical__industry_description_fiberopticcablemadepurchasedfiberopticstrand,0.0
categorical__industry_description_fiberopticcableexcepttransmissionlinesinstallation,0.0
categorical__industry_description_fiberglassinsulationproductsmanufacturing,0.0
categorical__industry_description_fiberglassfabricsweaving,0.0
categorical__industry_description_fiberglassesnarrowwovenweaving,0.0
categorical__industry_description_fiberglassbuildingmaterialsexceptinsulationroofingsidingmerchantwholesalers,0.0
categorical__industry_description_fibercansdrumseallfibernonfiberendsanymaterialmadepurchasedpaperboard,0.0
categorical__industry_description_fiberboardmanufacturing,0.0
categorical__industry_description_fertilizingmachineryfarmtypemanufacturing,0.0
categorical__industry_description_fertilizinglawns,0.0
categorical__industry_description_fertilizerssewageoriginmanufacturing,0.0
categorical__industry_description_fertilizersnaturalorganicexceptcompostmanufacturing,0.0
categorical__industry_description_fertilizersmixedmadeplantsproducingphosphaticfertilizermaterials,0.0
categorical__industry_description_fillerswoodegdryliquidpastemanufacturing,0.0
categorical__industry_description_filingcabinetsexceptwoodofficetypemanufacturing,0.0
categorical__industry_description_filefoldersegaccordionexpandinghangingmanilamadepurchasedpaperpaperboard,0.0
categorical__industry_description_filberthullingshelling,0.0
categorical__industry_description_fifthwheelassembliesmanufacturing,0.0
categorical__industry_description_fieldstoneemasonryinstallation,0.0
categorical__industry_description_fieldsalesassociatesmedicaldevicemanufacturing,0.0
categorical__industry_description_fiduciaryagenciesexceptrealestate,0.0
categorical__industry_description_fiberyarnthreadmills,0.0
categorical__industry_description_fibertubesmadepurchasedpaperboard,0.0
categorical__industry_description_fibertextilerecoverytextilemillwasterags,0.0
categorical__industry_description_fibersglasstextilemadeglassmakingplants,0.0
categorical__industry_description_fibersfilamentsnoncellulosicmanufacturingtexturizing,0.0
categorical__industry_description_fiberscarbongraphitemanufacturing,0.0
categorical__industry_description_fiberoptics,0.0
categorical__industry_description_filterspapermadepurchasedpaper,0.0
categorical__industry_description_filtersfurnacemanufacturing,0.0
categorical__industry_description_filterselectroniccomponenttypemanufacturing,0.0
categorical__industry_description_filtersegairengineoilfuelautomotivetruckbusmanufacturing,0.0
categorical__industry_description_filtersairconditionermanufacturing,0.0
categorical__industry_description_filtermanufacturer,0.0
categorical__industry_description_filteringmediapotterymanufacturing,0.0
categorical__industry_description_filmstudiosproducingfilms,0.0
categorical__industry_description_filmsmotionpictureproduction,0.0
categorical__industry_description_filmsensitizedegcameramotionpicturexraymanufacturing,0.0
categorical__industry_description_filmplasticspackagingmanufacturing,0.0
categorical__industry_description_filmplasticsexceptpackagingmanufacturing,0.0
categorical__industry_description_filmdevelopingprintingexceptmotionpictureonehour,0.0
categorical__industry_description_filmdevelopingequipmentmanufacturing,0.0
categorical__industry_description_finishcarpentrycontractors,0.0
categorical__industry_description_finishcarpentry,0.0
categorical__industry_description_finfishproductionfarmraising,0.0
categorical__industry_description_finfishhatcheries,0.0
categorical__industry_description_finfishfishingegfloundersalmontrout,0.0
categorical__industry_description_finepaperbulkmerchantwholesalers,0.0
categorical__industry_description_finediningrestaurantsfullservice,0.0
categorical__industry_description_fineartsmuseums,0.0
categorical__industry_description_financialtransactionsprocessingreserveclearinghouseactivities,0.0
categorical__industry_description_financialtransactionsprocessingexceptcentralbank,0.0
categorical__industry_description_financialmanagementconsultingexceptinvestmentadviceservices,0.0
categorical__industry_description_financialmagazineperiodicalpublishersexclusivelyinternet,0.0
categorical__industry_description_financialholdingcompanies,0.0
categorical__industry_description_financialaccounting,0.0
categorical__industry_description_finances,0.0
categorical__industry_description_financecompanieseunsecuredcashloans,0.0
categorical__industry_description_fireextinguishersportablemanufacturing,0.0
categorical__industry_description_fireextinguishersalescombinedrentalservicemerchantwholesalers,0.0
categorical__industry_description_firedetectionsupressionsystems,0.0
categorical__industry_description_firedetectionalarmsystemsmanufacturing,0.0
categorical__industry_description_firedepartment,0.0
categorical__industry_description_firebrickclayrefractoriesmanufacturing,0.0
categorical__industry_description_firearmssportingmerchantwholesalers,0.0
categorical__industry_description_firearmssmallmanufacturing,0.0
categorical__industry_description_firealarmsystemelectricinstallationonly,0.0
categorical__industry_description_firealarmsalescombinedinstallationrepairmonitoringservices,0.0
categorical__industry_description_finishingschoolssecondary,0.0
categorical__industry_description_finishingmachinerytextilemanufacturing,0.0
categorical__industry_description_finishingleather,0.0
categorical__industry_description_finishingegdyeingrugscarpets,0.0
categorical__industry_description_finishingdrywallcontractors,0.0
categorical__industry_description_finishedgoodsdistributionfacility,0.0
categorical__industry_description_fireplacemasonryinstallation,0.0
categorical__industry_description_fireplaceinsertseheatdirectingmanufacturing,0.0
categorical__industry_description_fireplacefixturesequipmentmanufacturing,0.0
categorical__industry_description_firemarinecasualtyinsurance,0.0
categorical__industry_description_firehydrantvalvesmanufacturing,0.0
categorical__industry_description_firehydrantinstallation,0.0
categorical__industry_description_firehosetextilemadepurchasedmaterials,0.0
categorical__industry_description_firefloodrestorationmultifamilybuildinggeneralcontractors,0.0
categorical__industry_description_firefloodrestorationcommercialinstitutionalbuildings,0.0
categorical__industry_description_firefightingservicesexceptforestprivate,0.0
categorical__industry_description_firefightingforest,0.0
categorical__industry_description_firefightingexceptforestgovernmentvolunteerexceptprivate,0.0
categorical__industry_description_firefightingequipmentsuppliesmerchantwholesalers,0.0
categorical__industry_description_firefightingems,0.0
categorical__industry_description_firefightersdressuniformscutsewapparelcontractors,0.0
categorical__industry_description_fisheriesfinfish,0.0
categorical__industry_description_fishcuringdryingpicklingsaltingsmoking,0.0
categorical__industry_description_fishcannedmerchantwholesalers,0.0
categorical__industry_description_fireworksmerchantwholesalers,0.0
categorical__industry_description_firewoodfuelwoodcontainingfuelbindermanufacturing,0.0
categorical__industry_description_firewaterdamagerestoration,0.0
categorical__industry_description_firestopcontractors,0.0
categorical__industry_description_fireservices,0.0
categorical__industry_description_firerescueservice,0.0
categorical__industry_description_fireprotectiveservices,0.0
categorical__industry_description_fireprotection,0.0
categorical__industry_description_fireproofingbuildings,0.0
categorical__industry_description_firepreventionofficesgovernment,0.0
categorical__industry_description_firepreventionforest,0.0
categorical__industry_description_fireplacenaturalgasinstallation,0.0
categorical__industry_description_fitnesscenter,0.0
categorical__industry_description_fitness,0.0
categorical__industry_description_fishtropicalmerchantwholesalers,0.0
categorical__industry_description_fishseafoodmerchantwholesalers,0.0
categorical__industry_description_fishmealprocessing,0.0
categorical__industry_description_fishmarineanimaloilsprocessing,0.0
categorical__industry_description_fishmanufacturing,0.0
categorical__industry_description_fishliveroilsmedicinaluncompoundedmanufacturing,0.0
categorical__industry_description_fishingtoolsoilgasfieldscontractbasis,0.0
categorical__industry_description_fishingtackleequipmentexceptlinesnetsseinesmanufacturing,0.0
categorical__industry_description_fishingboatcommercialbuilding,0.0
categorical__industry_description_fishgameagencies,0.0
categorical__industry_description_fishfreezingegblocksfilletsreadyserveproducts,0.0
categorical__industry_description_fishfindersesonarmanufacturing,0.0
categorical__industry_description_fishexceptcannedpackagedfrozenmerchantwholesalers,0.0
categorical__industry_description_flagstonescutting,0.0
categorical__industry_description_flagstextileegbannersbuntingemblemspennantsmadepurchasedfabrics,0.0
categorical__industry_description_fixturesstoreexceptrefrigeratedmerchantwholesalers,0.0
categorical__industry_description_fixturesstoredisplaymanufacturing,0.0
categorical__industry_description_fixtureselectriclightingmerchantwholesalers,0.0
categorical__industry_description_fixerspreparedphotographicmanufacturing,0.0
categorical__industry_description_fixedbaseoperators,0.0
categorical__industry_description_fittingsvalvesplumbersmerchantwholesalers,0.0
categorical__industry_description_fittingsrigidplasticspipemanufacturing,0.0
categorical__industry_description_fittingmanufacturing,0.0
categorical__industry_description_fitnessrecreationalsportscenters,0.0
categorical__industry_description_fitnessrecreationalsports,0.0
categorical__industry_description_fitnessrecreational,0.0
categorical__industry_description_fitnessrecreation,0.0
categorical__industry_description_fitnessequipmentassembly,0.0
categorical__industry_description_flatspringsheavygaugemetalmanufacturing,0.0
categorical__industry_description_flatspringsexceptclockwatchlightgaugemadepurchasedwirestripmanufacturing,0.0
categorical__industry_description_flatsironsteelmadeironsteelmills,0.0
categorical__industry_description_flatglassmanufacturing,0.0
categorical__industry_description_flatewarpfabricsknitting,0.0
categorical__industry_description_flatbrightsteelstripmadecoldrollingmillsmadepurchasedsteel,0.0
categorical__industry_description_flatbedtruckinglongdistance,0.0
categorical__industry_description_flatbedtruckinglocal,0.0
categorical__industry_description_flatbedtrailerscommercialmanufacturing,0.0
categorical__industry_description_flatbedtrailerscommercialmanufactur,0.0
categorical__industry_description_flashlightsmanufacturing,0.0
categorical__industry_description_flaresmanufacturing,0.0
categorical__industry_description_flangesflangeunionspipemetalmanufacturing,0.0
categorical__industry_description_flakesaluminummadepurchasedaluminum,0.0
categorical__industry_description_flakeboardmanufacturing,0.0
categorical__industry_description_flexiblepackagingsheetmaterialsmadecoatinglaminatingpurchasedpaper,0.0
categorical__industry_description_flexiblepackagingmanufacturer,0.0
categorical__industry_description_flexiblemetalhosetubingmanufacturing,0.0
categorical__industry_description_fleshersleatherefleshsidesplitleathermanufacturing,0.0
categorical__industry_description_fleetmanagement,0.0
categorical__industry_description_fleetmaintenance,0.0
categorical__industry_description_fleetleasingpassengervehicle,0.0
categorical__industry_description_fleamarketspaceunderroofrentalleasing,0.0
categorical__industry_description_flaxseedfarmingfieldseedproduction,0.0
categorical__industry_description_flavoringpastespowderssyrupssoftdrinkmanufacturing,0.0
categorical__industry_description_flavoringmaterialsebasicsyntheticchemicalssuchcoumarinmanufacturing,0.0
categorical__industry_description_flavoringconcentratesexceptcoffeebasedmanufacturing,0.0
categorical__industry_description_flavorextractsexceptcoffeemanufacturing,0.0
categorical__industry_description_flavoredwatermanufacturing,0.0
categorical__industry_description_flavoredmilkdrinksmanufacturing,0.0
categorical__industry_description_floorcoveringsresilientmanufacturing,0.0
categorical__industry_description_floorbaseboardswoodmanufacturing,0.0
categorical__industry_description_floodlightselightingfixturesmanufacturing,0.0
categorical__industry_description_floodgatesmetalplatemanufacturing,0.0
categorical__industry_description_floodcontrolprojectconstruction,0.0
categorical__industry_description_floatingcasinosegamblingcruisesriverboatcasinos,0.0
categorical__industry_description_flitcheseveneerstockmadesawmills,0.0
categorical__industry_description_flintprocessingbeyondbeneficiation,0.0
categorical__industry_description_flighttrainingschools,0.0
categorical__industry_description_flightsimulationmachinerymanufacturing,0.0
categorical__industry_description_fliesartificialfishingmanufacturing,0.0
categorical__industry_description_flexographicprintingpressesmanufacturing,0.0
categorical__industry_description_flexographicprintingexceptbooksprintinggreygoods,0.0
categorical__industry_description_flexographicplatepreparationservices,0.0
categorical__industry_description_flexographicinksmanufacturing,0.0
categorical__industry_description_flexiblewiringboardsbaremanufacturing,0.0
categorical__industry_description_floortilesheetsinstallationonly,0.0
categorical__industry_description_floortileceramicmanufacturing,0.0
categorical__industry_description_floorsandingwashingpolishingmachinescommercialtypemanufacturing,0.0
categorical__industry_description_floorpostsadjustablemetalmanufacturing,0.0
categorical__industry_description_floorpolisheswaxesmanufacturing,0.0
categorical__industry_description_floormatsegbathdoorrubbermanufacturing,0.0
categorical__industry_description_floorlayingscrapingfinishingrefinishing,0.0
categorical__industry_description_flooringwoodmanufacturing,0.0
categorical__industry_description_flooringwoodblocktreating,0.0
categorical__industry_description_flooringopensteelegratingmanufacturing,0.0
categorical__industry_description_flooringdistributioninstallation,0.0
categorical__industry_description_flooringcontractors,0.0
categorical__industry_description_floorcoveringsvinylmanufacturing,0.0
categorical__industry_description_floorcoveringstoreswoodceramictileonly,0.0
categorical__industry_description_floorcoveringsrubbermanufacturing,0.0
categorical__industry_description_fluidpoweractuatorsmanufacturing,0.0
categorical__industry_description_fluidmilksubstitutesprocessing,0.0
categorical__industry_description_flowinstrumentsindustrialprocesstypemanufacturing,0.0
categorical__industry_description_flowersmerchantwholesalers,0.0
categorical__industry_description_flowergrowing,0.0
categorical__industry_description_flowactuatedelectricalswitchesmanufacturing,0.0
categorical__industry_description_flourwoodmanufacturing,0.0
categorical__industry_description_flourricemanufacturing,0.0
categorical__industry_description_flourmixespurchasedflour,0.0
categorical__industry_description_flourmixesmadeflourmills,0.0
categorical__industry_description_flourmixesfillingsicing,0.0
categorical__industry_description_flourmillscerealsgrainsexceptbreakfastcerealsrice,0.0
categorical__industry_description_floristssuppliesmerchantwholesalers,0.0
categorical__industry_description_floristsarticlesredearthenwaremanufacturing,0.0
categorical__industry_description_florists,0.0
categorical__industry_description_fluorocarbongasesmanufacturing,0.0
categorical__industry_description_fluorinatedhydrocarbongasesmanufacturing,0.0
categorical__industry_description_fluorescentlightingfixturescommercialinstitutionalindustrialelectricmanufacturing,0.0
categorical__industry_description_fluorescentlamptubeselectricmanufacturing,0.0
categorical__industry_description_fluidpowervalveshosefittingsmanufacturing,0.0
categorical__industry_description_fluidpowervalveshosefittingsman,0.0
categorical__industry_description_fluidpowervalveshosefitting,0.0
categorical__industry_description_fluidpowervalvehosefittingmfg,0.0
categorical__industry_description_fluidpowervalvehosefittingmanufacturer,0.0
categorical__industry_description_fluidpowertransmissionequipmentmerchantwholesalers,0.0
categorical__industry_description_fluidpowerpumpsmotors,0.0
categorical__industry_description_fluidpowerpumpsmanufacturing,0.0
categorical__industry_description_fluidpowermotorsmanufacturing,0.0
categorical__industry_description_fluidpowerhoseassembliesmanufacturing,0.0
categorical__industry_description_fluidpowercylinderactuatormanufacturing,0.0
categorical__industry_description_fluidpoweraircraftsubassembliesmanufacturing,0.0
categorical__industry_description_foldingboxesexceptcorrugatedmadepurchasedpaperboard,0.0
categorical__industry_description_foldingboxboardstockmanufacturing,0.0
categorical__industry_description_foldersfilemerchantwholesalers,0.0
categorical__industry_description_foilcontainersexceptbagsmanufacturing,0.0
categorical__industry_description_foilaluminummadeflatrollingpurchasedaluminum,0.0
categorical__industry_description_foamproducts,0.0
categorical__industry_description_foamplasticsresinsshapesmerchantwholesalers,0.0
categorical__industry_description_foamplasticsresinsshapesmerch,0.0
categorical__industry_description_foamplasticsproductsexceptpolystrenemanufacturing,0.0
categorical__industry_description_foaminsulationinstallation,0.0
categorical__industry_description_flytrapselectricalmanufacturing,0.0
categorical__industry_description_flyingfieldoperators,0.0
categorical__industry_description_fluxesegbrazinggalvanizingsolderingweldingmanufacturing,0.0
categorical__industry_description_flushvalvesplumbingmanufacturing,0.0
categorical__industry_description_fluororubbersmanufacturing,0.0
categorical__industry_description_fluoropolymerresinsmanufacturing,0.0
categorical__industry_description_fooddistributionprogramadministrationgovernment,0.0
categorical__industry_description_foodcropsgrownundercover,0.0
categorical__industry_description_foodcontainerssanitaryfoldingmadepurchasedpaperboard,0.0
categorical__industry_description_foodcontainerssanitaryexceptfoldingmadepurchasedpaperpaperboard,0.0
categorical__industry_description_foodcontainerspolystyrenefoammanufacturing,0.0
categorical__industry_description_foodcontainersmademoldedpulp,0.0
categorical__industry_description_foodcoloringnaturalmanufacturing,0.0
categorical__industry_description_foodchoppersgrindersmixersslicersefoodmanufacturingtypemanufacturing,0.0
categorical__industry_description_foodbanks,0.0
categorical__industry_description_foliagegrowing,0.0
categorical__industry_description_foldingpaperpaperboardcontainersexceptcorrugatedmadepurchasedpaperboard,0.0
categorical__industry_description_foldingpaperboardboxmanufcaturing,0.0
categorical__industry_description_foldingpaperboardboxmanufacturing,0.0
categorical__industry_description_foldingpaperboardboxes,0.0
categorical__industry_description_foodservice,0.0
categorical__industry_description_foodresearchdevelopmentlaboratoriesservicesexceptbiotechnologyresearchdevelopment,0.0
categorical__industry_description_foodproductmachinerymachinerymanufacturing,0.0
categorical__industry_description_foodprocessor,0.0
categorical__industry_description_foodprocessingplantconstruction,0.0
categorical__industry_description_foodprocessingmachineryequipmentmerchantwholesalers,0.0
categorical__industry_description_foodprocessing,0.0
categorical__industry_description_foodpkgmanufacture,0.0
categorical__industry_description_foodpackagingmachinerymanufacturing,0.0
categorical__industry_description_foodpackagingglassmanufacturing,0.0
categorical__industry_description_foodmanufacturing,0.0
categorical__industry_description_foodextractsexceptcoffeemeatmanufacturing,0.0
categorical__industry_description_foodehealthsupplementstores,0.0
categorical__industry_description_foodegroceriesstores,0.0
categorical__industry_description_fooddistributionwarehousing,0.0
categorical__industry_description_aircraftloadinghoistsmanufacturing,0.0
categorical__industry_description_aircraftlightingfixturesmanufacturing,0.0
categorical__industry_description_aircraftjanitorialservices,0.0
categorical__industry_description_aircraftinstrumentsupport,0.0
categorical__industry_description_aircraftinspectiongovernment,0.0
categorical__industry_description_aircrafthardwaremetalmanufacturing,0.0
categorical__industry_description_aircrafthangarrental,0.0
categorical__industry_description_aircraftflightinstrumentsexceptengineinstrumentsmanufacturing,0.0
categorical__industry_description_aircraftferryingservices,0.0
categorical__industry_description_aircraftequipmentsuppliesmerchantwholesalers,0.0
categorical__industry_description_aircraftenginespartsmerchantwholesalers,0.0
categorical__industry_description_aircraftenginerebuilding,0.0
categorical__industry_description_aircraftengineoverhauling,0.0
categorical__industry_description_aircraftengineinstrumentsmanufacturing,0.0
categorical__industry_description_aircraftengineenginepartsmanufacturing,0.0
categorical__industry_description_footballteamsprofessionalsemiprofessional,0.0
categorical__industry_description_footballequipmentsuppliesexceptfootwearuniformsmanufacturing,0.0
categorical__industry_description_footballclubsprofessionalsemiprofessional,0.0
categorical__industry_description_foodwarmingequipmentcommercialtypemanufacturing,0.0
categorical__industry_description_foodwarehousedistribution,0.0
categorical__industry_description_foodvendorcartswheelsmanufacturing,0.0
categorical__industry_description_foodtestinglaboratoriesservices,0.0
categorical__industry_description_foodsupportactivity,0.0
categorical__industry_description_foodstoragebagsplasticsfilmsinglewallmultiwallmanufacturing,0.0
categorical__industry_description_foodservicepackagingmanufacturingwarehousing,0.0
categorical__industry_description_foodserviceequipmentexceptrefrigeratedcommercialmerchantwholesalers,0.0
categorical__industry_description_foodservicecontractorsconcessionoperatoregconventionfacilitiesentertainmentfacilitiessportingfacilities,0.0
categorical__industry_description_foodservicecontractorscafeteria,0.0
categorical__industry_description_foodservicecontractorsairline,0.0
categorical__industry_description_foodservicecontractor,0.0
categorical__industry_description_forgingsmadepurchasedironsteelunfinished,0.0
categorical__industry_description_forgingsironsteelmadeironsteelmills,0.0
categorical__industry_description_forestryservices,0.0
categorical__industry_description_forestrymachineryequipmentmerchantwholesalers,0.0
categorical__industry_description_forestry,0.0
categorical__industry_description_forestproductstruckinglongdistance,0.0
categorical__industry_description_forestnurseriesreforestationgrowingtrees,0.0
categorical__industry_description_forestmanagementplanspreparation,0.0
categorical__industry_description_forest,0.0
categorical__industry_description_forensicpathologistsoffices,0.0
categorical__industry_description_forcepssurgicalmanufacturing,0.0
categorical__industry_description_footwearmensexceptorthopedicextensionmanufacturing,0.0
categorical__industry_description_footwearathleticmanufacturing,0.0
categorical__industry_description_footholdsrubberrubbersoledfabricuppermanufacturing,0.0
categorical__industry_description_foundationrepair,0.0
categorical__industry_description_foundationegbrickblockstonebuildingcontractors,0.0
categorical__industry_description_foundationdrillingcontractors,0.0
categorical__industry_description_foundationbuildingwoodcontractors,0.0
categorical__industry_description_fosterhomeplacementservices,0.0
categorical__industry_description_fostercareplacementagencies,0.0
categorical__industry_description_fossilfuelelectricgeneration,0.0
categorical__industry_description_formspouredconcreteerectingdismantling,0.0
categorical__industry_description_formspaperegbusinessofficesalesmerchantwholesalers,0.0
categorical__industry_description_formingmachinesexceptdrawingmetalworkingmanufacturing,0.0
categorical__industry_description_formingcontractor,0.0
categorical__industry_description_formaldehydemanufacturing,0.0
categorical__industry_description_forklifttrucksexceptlogmerchantwholesalers,0.0
categorical__industry_description_forkliftsmanufacturing,0.0
categorical__industry_description_fourseasonskiresortsaccommodations,0.0
categorical__industry_description_fourdriniermachinerymanufacturing,0.0
categorical__industry_description_fountainsrefrigerateddrinkingmanufacturing,0.0
categorical__industry_description_fountainsexceptdrinkingornamentalmetalmanufacturing,0.0
categorical__industry_description_foundryproductsmerchantwholesalers,0.0
categorical__industry_description_foundrypatternmaking,0.0
categorical__industry_description_foundrycoresmanufacturing,0.0
categorical__industry_description_foundrycoreoilwashwaxmanufacturing,0.0
categorical__industry_description_foundrycastingmoldsmanufacturing,0.0
categorical__industry_description_foundriessteelinvestment,0.0
categorical__industry_description_foundriessteelexceptinvestment,0.0
categorical__industry_description_foundriesironeductilegraymalleablesemisteel,0.0
categorical__industry_description_foundriesexceptdiecastingnonferrousmetalsexceptaluminum,0.0
categorical__industry_description_foundriesdiecastingnonferrousmetals,0.0
categorical__industry_description_foundriesdiecastingaluminum,0.0
categorical__industry_description_foundriesaluminumexceptdiecasting,0.0
categorical__industry_description_freestandingemergencymedicalcentersclinics,0.0
categorical__industry_description_freestandingemergencymedicalcenters,0.0
categorical__industry_description_freestandingemergencydepartment,0.0
categorical__industry_description_freestandingambulatorysurgicalcentersclinics,0.0
categorical__industry_description_fraternallifeinsuranceorganizations,0.0
categorical__industry_description_fraternalassociationslodgessocialcivic,0.0
categorical__industry_description_franchiseagreementsleasingsellinglicensingprovidingotherservices,0.0
categorical__industry_description_framingcontractors,0.0
categorical__industry_description_framingcontractor,0.0
categorical__industry_description_framespicturesmerchantwholesalers,0.0
categorical__industry_description_framesmirrorpictureallmaterialsmanufacturing,0.0
categorical__industry_description_framesdoorwindowwoodmanufacturing,0.0
categorical__industry_description_framesdoorwindowmetalmanufacturing,0.0
categorical__industry_description_framebodyalignmentequipmentmotorvehiclemanufacturing,0.0
categorical__industry_description_fractionatingnaturalgasliquids,0.0
categorical__industry_description_fractionalhorsepowerelectricmotorsmanufacturing,0.0
categorical__industry_description_freighttransportationdeepseadomesticports,0.0
categorical__industry_description_freighttransportationaircharterservices,0.0
categorical__industry_description_freightlogisticstransportation,0.0
categorical__industry_description_freightcarriersexceptaircouriersairscheduled,0.0
categorical__industry_description_freightcarloadingunloading,0.0
categorical__industry_description_freightcarcleaningservices,0.0
categorical__industry_description_freezingequipmentindustrialcommercialtypemanufacturing,0.0
categorical__industry_description_freezersgrills,0.0
categorical__industry_description_freezerschestuprighthouseholdtypemanufacturing,0.0
categorical__industry_description_freezercommercialrepairmaintenanceservices,0.0
categorical__industry_description_freezedriedfoodprocessingfruitsvegetables,0.0
categorical__industry_description_freestandingradiologyclinic,0.0
categorical__industry_description_freestandingphysicianoffices,0.0
categorical__industry_description_freestandingphysicianclinicoffice,0.0
categorical__industry_description_freestandingphysicianclinic,0.0
categorical__industry_description_frozencakemanufacturing,0.0
categorical__industry_description_frozenbreadbreadtyperollsmadecommercialbakeries,0.0
categorical__industry_description_frozenbakeryproducts,0.0
categorical__industry_description_fritmanufacturing,0.0
categorical__industry_description_frictiondevelopmentchassiscomponenttesting,0.0
categorical__industry_description_freshseafoodmerchantwholesalers,0.0
categorical__industry_description_freshpoultrymerchantwholesalers,0.0
categorical__industry_description_freshmeatsmerchantwholesalers,0.0
categorical__industry_description_freshfoodmanufacturer,0.0
categorical__industry_description_freshfishmerchantwholesalers,0.0
categorical__industry_description_freshdoughmfg,0.0
categorical__industry_description_frenchtoastfrozenmanufacturing,0.0
categorical__industry_description_frenchfriesfrozenprecookedmanufacturing,0.0
categorical__industry_description_freighttrucking,0.0
categorical__industry_description_freighttransportationinlandwatersexceptgreatlakessystem,0.0
categorical__industry_description_freighttransportationdeepseaforeignports,0.0
categorical__industry_description_frozensidedishesmanufacturing,0.0
categorical__industry_description_frozenricedishesmanufacturing,0.0
categorical__industry_description_frozenpotpiesmanufacturing,0.0
categorical__industry_description_frozenfruitvegetableprocessing,0.0
categorical__industry_description_frozenfruitsfruitjuicesvegetablesmanufacturing,0.0
categorical__industry_description_frozenfruitjuicevegetablemanufacturing,0.0
categorical__industry_description_frozenfoodspackagedexceptdairyproductsmerchantwholesalers,0.0
categorical__industry_description_frozenfoodmanufacturing,0.0
categorical__industry_description_frozenfoodentreesexceptseafoodbasedpackagedmanufacturing,0.0
categorical__industry_description_frozenfoodbagsplasticsfilmsinglewallmultiwallmanufacturing,0.0
categorical__industry_description_frozendinnersexceptseafoodbasedmanufacturing,0.0
categorical__industry_description_frozendessertsexceptbakerymanufacturing,0.0
categorical__industry_description_frozendessert,0.0
categorical__industry_description_frozencookiemfg,0.0
categorical__industry_description_frozencitruspulpmanufacturing,0.0
categorical__industry_description_fruitsortinggradingpacking,0.0
categorical__industry_description_fruitsfrozenmerchantwholesalers,0.0
categorical__industry_description_fruitsfrozenmanufacturing,0.0
categorical__industry_description_fruitsfreshmerchantwholesalers,0.0
categorical__industry_description_fruitsdehydratingexceptsundrying,0.0
categorical__industry_description_fruitscannedmanufacturing,0.0
categorical__industry_description_fruitpiefillingscanning,0.0
categorical__industry_description_fruitpickling,0.0
categorical__industry_description_fruitjuicesfreshmanufacturing,0.0
categorical__industry_description_fruitharvestingmachinesmanufacturing,0.0
categorical__industry_description_fruitfarminggrownundercover,0.0
categorical__industry_description_fruitcutpeeledfreshmanufacturing,0.0
categorical__industry_description_fruitbrining,0.0
categorical__industry_description_frprecreationalboatmanfuacturing,0.0
categorical__industry_description_frozenwafflesmanufacturing,0.0
categorical__industry_description_frozenspecialtyfoodmanufacturing,0.0
categorical__industry_description_fueloilmerchantwholesalersexceptbulkstationsterminals,0.0
categorical__industry_description_fueloileheatingdealersdirectselling,0.0
categorical__industry_description_fueloilbulkstationsterminals,0.0
categorical__industry_description_fuelinjectionsystemspartsautomotivetruckgasolineenginemanufacturing,0.0
categorical__industry_description_fuelingaircraftcontractfeebasis,0.0
categorical__industry_description_fueldealers,0.0
categorical__industry_description_fuelcellssolidstatemanufacturing,0.0
categorical__industry_description_fuelcellselectrochemicalgeneratorsmanufacturing,0.0
categorical__industry_description_fuelbladdersrubbermanufacturing,0.0
categorical__industry_description_fudgechocolatemadepurchasedchocolate,0.0
categorical__industry_description_fruitvegetablestandspermanent,0.0
categorical__industry_description_fruitvegetablesdehydratingmanufacturing,0.0
categorical__industry_description_fruitvegetablecanning,0.0
categorical__industry_description_fruitsyrupsflavoringmanufacturing,0.0
categorical__industry_description_fruitstockegplantsseedlingstreesgrowing,0.0
categorical__industry_description_fruitstandspermanent,0.0
categorical__industry_description_furnacesexceptforcedairheatingmanufacturing,0.0
categorical__industry_description_furnacesdentallaboratorymanufacturing,0.0
categorical__industry_description_furnaceinstallation,0.0
categorical__industry_description_furnaceforcedairinstallation,0.0
categorical__industry_description_furnacefiltersmanufacturing,0.0
categorical__industry_description_furnaceeindustrialplantstructureconstruction,0.0
categorical__industry_description_furnacecasingssheetmetalexceptstampingsmanufacturing,0.0
categorical__industry_description_funeralhomescombinedcrematories,0.0
categorical__industry_description_funeralhomes,0.0
categorical__industry_description_fundstransferdevicesmanufacturing,0.0
categorical__industry_description_fundraisingcampaignorganizationservicescontractfeebasis,0.0
categorical__industry_description_fullservicerestaurant,0.0
categorical__industry_description_fuelsysteminstrumentsaircraftmanufacturing,0.0
categorical__industry_description_fuelpumpsmechanicalautomotivetruckgasolineenginemanufacturing,0.0
categorical__industry_description_fuelpumpselectricautomotivetruckbusmanufacturing,0.0
categorical__industry_description_furniturehardwaremetalmanufacturing,0.0
categorical__industry_description_furnitureframeswoodmanufacturing,0.0
categorical__industry_description_furniturefactorytypeegcabinetsstoolstoolstandsworkbenchesmanufacturing,0.0
categorical__industry_description_furnitureexceptwoodofficetypepaddedupholsteredplainmanufacturing,0.0
categorical__industry_description_furnitureexceptwoodmetalupholsteredindooroutdoorhouseholdtypemanufacturing,0.0
categorical__industry_description_furnitureexceptupholsteredmetalhouseholdtypemanufacturing,0.0
categorical__industry_description_furnitureexceptdraftingtableshospitalbedsmedicalfurnituremerchantwholesalers,0.0
categorical__industry_description_furnitureeresidentialrentalcenters,0.0
categorical__industry_description_furnituredimensionstockhardwoodunfinishedmanufacturing,0.0
categorical__industry_description_furnituredesignservices,0.0
categorical__industry_description_furnaceswarmaireforcedairmerchantwholesalers,0.0
categorical__industry_description_furnacesovenssemiconductorwafermanufacturing,0.0
categorical__industry_description_furnacesovensdryingredryingindustrialprocesstypemanufacturing,0.0
categorical__industry_description_furnacesindustriallaboratorytypeexceptdentalmanufacturing,0.0
categorical__industry_description_furnacesfloorwallmanufacturing,0.0
categorical__industry_description_furniturepolisheswaxesmanufacturing,0.0
categorical__industry_description_furniturepartsmerchantwholesalers,0.0
categorical__industry_description_furniturepartsfinishedwoodmanufacturing,0.0
categorical__industry_description_furniturepartsfinishedmetalmanufacturing,0.0
categorical__industry_description_furnitureoutdoorwoodhouseholdtypeegbeachgardenlawnporchmanufacturing,0.0
categorical__industry_description_furnitureoutdoormetalhouseholdtypeegbeachgardenlawnporchmanufacturing,0.0
categorical__industry_description_furnitureofficetypepaddedupholsteredplainwoodmanufacturing,0.0
categorical__industry_description_furnituremovingused,0.0
categorical__industry_description_furniturelaboratorytypeegbenchescabinetsstoolstablesmanufacturing,0.0
categorical__industry_description_furnitureinstitutionalmanufacturing,0.0
categorical__industry_description_furnitureinlaysmanufacturing,0.0
categorical__industry_description_furniturehouseholdtypeupholsteredo,0.0
categorical__industry_description_furniturehouseholdtypeupholsteredframesanymaterialmanufacturing,0.0
categorical__industry_description_furniturehospitalspecializedeghospitalbedsoperatingroomfurnituremanufacturing,0.0
categorical__industry_description_furniturehomefurnishingsstores,0.0
categorical__industry_description_gamblingcruises,0.0
categorical__industry_description_gamblingcontrolboardsoperatinggamblingactivities,0.0
categorical__industry_description_galvanizingmetalsmetalproductstrade,0.0
categorical__industry_description_galvanizingmetalsmetalformedproductsmadeironsteelmills,0.0
categorical__industry_description_galvanizedironroofinginstallation,0.0
categorical__industry_description_furniturewoodhouseholdtypenotupholsteredexcepttvradiohousingssewingmachinecabinetsmanufacturing,0.0
categorical__industry_description_furniturewarehousingdistribution,0.0
categorical__industry_description_furnituretopsglassegbeveledcutpolishedmadepurchasedglass,0.0
categorical__industry_description_furniturestoresused,0.0
categorical__industry_description_furniturespringslightgaugeunassembledmadepurchasedwirestrip,0.0
categorical__industry_description_furnituresales,0.0
categorical__industry_description_furniturerestauranttypemanufacturing,0.0
categorical__industry_description_furnitureresidentialrentalleasing,0.0
categorical__industry_description_furniturepublicbuildingegchurchlibraryschooltheatermanufacturing,0.0
categorical__industry_description_garbagedisposalunitscommercialtypemanufacturing,0.0
categorical__industry_description_garbagedisposallandfills,0.0
categorical__industry_description_garbagedisposalcombustorsincinerators,0.0
categorical__industry_description_garagesyourselfautomotiverepair,0.0
categorical__industry_description_garageservicestationcommercialconstruction,0.0
categorical__industry_description_garagedoorswoodmanufacturing,0.0
categorical__industry_description_garagedoorsmetalmanufacturing,0.0
categorical__industry_description_garagedoorresidentialtypeinstallation,0.0
categorical__industry_description_garagedooropenersmanufacturing,0.0
categorical__industry_description_garagedoordealers,0.0
categorical__industry_description_garagedoorcommercialindustrialtypeinstallation,0.0
categorical__industry_description_gaming,0.0
categorical__industry_description_gamescomputersoftwarepublishing,0.0
categorical__industry_description_gameinlandfishagencies,0.0
categorical__industry_description_gamblingdevicearcadesparlorscoinoperated,0.0
categorical__industry_description_gasanalyzerslaboratorytypemanufacturing,0.0
categorical__industry_description_garmentalterationrepairshopsretailingnewgarments,0.0
categorical__industry_description_garlicfarmingexceptundercoverfieldbeddingplantseedproduction,0.0
categorical__industry_description_gardenszoologicalbotanical,0.0
categorical__industry_description_gardensuppliesegfertilizerspesticidesmerchantwholesalers,0.0
categorical__industry_description_gardenpowerequipmentstores,0.0
categorical__industry_description_gardenmaintenanceservices,0.0
categorical__industry_description_gardenmachineryequipmentmerchantwholesalers,0.0
categorical__industry_description_gardenhoserubberplasticsmanufacturing,0.0
categorical__industry_description_gardenfurnitureprecastconcretemanufacturing,0.0
categorical__industry_description_gardencenters,0.0
categorical__industry_description_gardenapartmentconstructiongeneralcontractors,0.0
categorical__industry_description_garbagetruckbodiesmanufacturing,0.0
categorical__industry_description_garbagepickupservices,0.0
categorical__industry_description_garbagedumps,0.0
categorical__industry_description_garbagedisposalunitscommercialtypemerchantwholesalers,0.0
categorical__industry_description_gasmainconstruction,0.0
categorical__industry_description_gaslightingfixturesmerchantwholesalers,0.0
categorical__industry_description_gasleakdetectorsmanufacturing,0.0
categorical__industry_description_gasketsmanufacturing,0.0
categorical__industry_description_gasketpackingsealingdevicesmanufacturing,0.0
categorical__industry_description_gasgeneratingmachinerygeneralpurposetypemanufacturing,0.0
categorical__industry_description_gasessafetysupplies,0.0
categorical__industry_description_gasessafety,0.0
categorical__industry_description_gasesproduction,0.0
categorical__industry_description_gasescompressedliquefiedexceptliquefiedpetroleumgasmerchantwholesalers,0.0
categorical__industry_description_gases,0.0
categorical__industry_description_gasdistribution,0.0
categorical__industry_description_gasdelivery,0.0
categorical__industry_description_gascompressingnaturalfieldcontractbasis,0.0
categorical__industry_description_gasburnersheatingmanufacturing,0.0
categorical__industry_description_gasolineenginesexceptaircraftautomotivetruckmanufacturing,0.0
categorical__industry_description_gasolineenginesautomotivetruckmanufacturing,0.0
categorical__industry_description_gasolineenginepartsmechanicalautomotivetruckmanufacturing,0.0
categorical__industry_description_gasolineenginepartsexceptcarburetorspistonspistonringsvalvesaircraftmanufacturing,0.0
categorical__industry_description_gasolineconveniencestores,0.0
categorical__industry_description_gasolinebulkstationsterminals,0.0
categorical__industry_description_gasoilburnerscombinationmanufacturing,0.0
categorical__industry_description_gasnaturalpipelineoperation,0.0
categorical__industry_description_gasnaturalliquidsextraction,0.0
categorical__industry_description_gasnaturalliquefiedpetroleumextraction,0.0
categorical__industry_description_gasnaturalextraction,0.0
categorical__industry_description_gasmixednaturalmanufacturedproductiondistribution,0.0
categorical__industry_description_gasmetersconsumptionregisteringmanufacturing,0.0
categorical__industry_description_gasmeterreadingservicescontract,0.0
categorical__industry_description_gasmanufacturedproductiondistribution,0.0
categorical__industry_description_gasvalvesindustrialtypemanufacturing,0.0
categorical__industry_description_gasturbinesexceptaircraftmanufacturing,0.0
categorical__industry_description_gasturbinegeneratorsetunitsmanufacturing,0.0
categorical__industry_description_gastroscopesexceptelectromedicalmanufacturing,0.0
categorical__industry_description_gastroenterologistsofficesegcentersclinics,0.0
categorical__industry_description_gastanksassembledautomotivetruckbusmanufacturing,0.0
categorical__industry_description_gastanksasembledautomotivetruckbusmanufacturing,0.0
categorical__industry_description_gasstoragetanksheavygaugemetalmanufacturing,0.0
categorical__industry_description_gasstationconveniencestore,0.0
categorical__industry_description_gasrangeshouseholdtypemanufacturing,0.0
categorical__industry_description_gasolinestationconveniencestore,0.0
categorical__industry_description_gasolineservicestationequipmentmerchantwholesalers,0.0
categorical__industry_description_gasolinepumpservicestationinstallation,0.0
categorical__industry_description_gasolinemerchantwholesalersexceptbulkstationsterminals,0.0
categorical__industry_description_gasolinemadepetroleumrefineries,0.0
categorical__industry_description_gelatincookingmanufacturing,0.0
categorical__industry_description_gelatincapsulesemptymanufacturing,0.0
categorical__industry_description_gearspowertransmissionexceptaircraftmotorvehiclemanufacturing,0.0
categorical__industry_description_gearsegcrownpinionspiderautomotivetruckbusmanufacturing,0.0
categorical__industry_description_gearmotorsepowertransmissionequipmentmanufacturing,0.0
categorical__industry_description_gavelswoodmanufacturing,0.0
categorical__industry_description_gaugesmachinistsprecisiontoolsexceptopticalmanufacturing,0.0
categorical__industry_description_gaugesmachinistsprecisiontoolopticalmanufacturing,0.0
categorical__industry_description_gaugesegoilpressurewatertemperaturespeedometertachometermotorvehiclemanufacturing,0.0
categorical__industry_description_gaugeseanalogdigitalindustrialprocesstypemanufacturing,0.0
categorical__industry_description_gatheringlinegasoilfieldconstruction,0.0
categorical__industry_description_gatevalvesindustrialtypemanufacturing,0.0
categorical__industry_description_gatesmetalexceptwiremanufacturing,0.0
categorical__industry_description_gaswellmachineryequipmentmanufacturing,0.0
categorical__industry_description_gaswelldrillingcontractbasis,0.0
categorical__industry_description_gasweldingequipmentmanufacturing,0.0
categorical__industry_description_generalfreighttruckinglongdistancetl,0.0
categorical__industry_description_generalfreighttruckinglongdistancelesstruckload,0.0
categorical__industry_description_generalfreighttruckinglongdistance,0.0
categorical__industry_description_generalfreighttrucking,0.0
categorical__industry_description_generalfreightlocaltrucking,0.0
categorical__industry_description_generalcontractors,0.0
categorical__industry_description_generalcontractorcommercialcontractor,0.0
categorical__industry_description_generalcontractor,0.0
categorical__industry_description_generalcombinationcropfarmingexceptfruitnutcombinationsoilseedgrainvegetable,0.0
categorical__industry_description_generalcombinationanimalfarming,0.0
categorical__industry_description_generalautomotiverepair,0.0
categorical__industry_description_generalaccountingofficesgovernment,0.0
categorical__industry_description_gelatinexceptdessertpreparationsmanufacturing,0.0
categorical__industry_description_gelatindessertpreparationsmanufacturing,0.0
categorical__industry_description_aircraftenginecradlesmanufacturing,0.0
categorical__industry_description_aircraftenginecomponentrepairhotsectionoemcoatings,0.0
categorical__industry_description_aircraftcharterservicespassenger,0.0
categorical__industry_description_aircraftcharterservicesegeneralpurposeaircraftusedvarietyspecialtyairflyingservices,0.0
categorical__industry_description_aircraftcarriercatapultsmanufacturing,0.0
categorical__industry_description_aircraftbrakesmanufacturing,0.0
categorical__industry_description_aircraftauxiliarypartsegcropdustingexternalfueltanksinflightrefuelingequipmentmanufacturing,0.0
categorical__industry_description_aircraftautomotivewirecablemadepurchasedcopperwiredrawingplants,0.0
categorical__industry_description_aircourierservicesexceptestablishmentsoperatingunderuniversalserviceobligation,0.0
categorical__industry_description_aircourierservicesexceptestablishmentsoperatingunderun,0.0
categorical__industry_description_airconditioningwarmairheatingequipmentcommercialindustrialrefrigerationequipmentmanufacturing,0.0
categorical__industry_description_airconditioningwarmairheatingeqpcom,0.0
categorical__industry_description_generalfreighttrucklongkistancetruckload,0.0
categorical__industry_description_generalfreighttruckinglongdistancetruckload,0.0
categorical__industry_description_generalmerchandisenondurablegoodsmerchantwholesalers,0.0
categorical__industry_description_generalmedsurgicalhospital,0.0
categorical__industry_description_generalmedicalsurgicalhospitalclinic,0.0
categorical__industry_description_generalmedicalsurgicalhospital,0.0
categorical__industry_description_generalmanufacuring,0.0
categorical__industry_description_generalmanagementconsultingservices,0.0
categorical__industry_description_generallinescrapmerchantwholesalers,0.0
categorical__industry_description_generallineindustrialsuppliesmerchantwholesalers,0.0
categorical__industry_description_generallinegrocerymerchantwholesalers,0.0
categorical__industry_description_generallinegrocerymerchandisewholesale,0.0
categorical__industry_description_generallinedrugsmerchantwholesalers,0.0
categorical__industry_description_generallabor,0.0
categorical__industry_description_generalindustrysnf,0.0
categorical__industry_description_generatorssetselectricexceptinternalcombustionengineweldingturbinegeneratorsetsmanufacturing,0.0
categorical__industry_description_generatorsmotorvehicleelectricalusedmerchantwholesalers,0.0
categorical__industry_description_generatorsetsturbineeggashydraulicsteammanufacturing,0.0
categorical__industry_description_generatorsetsprimemoverexceptturbinegeneratorsetsmanufacturing,0.0
categorical__industry_description_generatorselectricalexceptmotorvehiclemerchantwholesalers,0.0
categorical__industry_description_generatingapparatuspartselectricalexceptinternalcombustionengineweldingmanufacturing,0.0
categorical__industry_description_generalwarhousing,0.0
categorical__industry_description_generalwarehousingstoragefacilities,0.0
categorical__industry_description_generalwarehousestorage,0.0
categorical__industry_description_generalwarehouses,0.0
categorical__industry_description_generalwarehouseingstorage,0.0
categorical__industry_description_generalwarehouse,0.0
categorical__industry_description_generalrentalcenters,0.0
categorical__industry_description_generalpurposeindustrialmachineryequipmentmerchantwholesalers,0.0
categorical__industry_description_giftnoveltysouvenirstores,0.0
categorical__industry_description_gfcigroundfaultcircuitinterruptersmanufacturing,0.0
categorical__industry_description_geripsych,0.0
categorical__industry_description_geothermaldrilling,0.0
categorical__industry_description_geotechnicaltestinglaboratoriesservices,0.0
categorical__industry_description_geophysicalsurveyingservices,0.0
categorical__industry_description_geophysicalinstrumentsmanufacturing,0.0
categorical__industry_description_geographicinformationsystemgisbasemappingservices,0.0
categorical__industry_description_genwarehousingstorage,0.0
categorical__industry_description_genwarehouseingstorage,0.0
categorical__industry_description_genmedsurgicalhospital,0.0
categorical__industry_description_genmedsurghosp,0.0
categorical__industry_description_genetictestinglaboratories,0.0
categorical__industry_description_genetherapypreparationsmanufacturing,0.0
categorical__industry_description_generlwarehousing,0.0
categorical__industry_description_generatorsxraymanufacturing,0.0
categorical__industry_description_glassfibertextiletypemadeglassmakingplants,0.0
categorical__industry_description_glassfiberopticalmadeglassmakingplants,0.0
categorical__industry_description_glassfiberinsulationinstallation,0.0
categorical__industry_description_glassfabdistr,0.0
categorical__industry_description_glassdistribution,0.0
categorical__industry_description_glasscladdingecurtainwallinstallation,0.0
categorical__industry_description_glassautomotivemadepurchasedglass,0.0
categorical__industry_description_glandularderivativesuncompoundedmanufacturing,0.0
categorical__industry_description_girlscoutsarizonacactuspinecouncilnotfo,0.0
categorical__industry_description_girlscampsexceptdayinstructional,0.0
categorical__industry_description_girlguidingorganizations,0.0
categorical__industry_description_girdersbeamsprestressedconcretemanufacturing,0.0
categorical__industry_description_ginningcotton,0.0
categorical__industry_description_giftwrappingservices,0.0
categorical__industry_description_giftwrapmadepurchasedmaterials,0.0
categorical__industry_description_giftshops,0.0
categorical__industry_description_glasswarecuttingengravingmadepurchasedglass,0.0
categorical__industry_description_glassuniteglassblockmasonry,0.0
categorical__industry_description_glasstilecleaningpreparationsmanufacturing,0.0
categorical__industry_description_glassstores,0.0
categorical__industry_description_glasssandquarryingbeneficiating,0.0
categorical__industry_description_glassproductsexceptpackagingcontainersmadepurchasedglass,0.0
categorical__industry_description_glassproductsexceptpackagingcontainersmadeglassmakingplants,0.0
categorical__industry_description_glassproductmanufacturingmadepurchasedglass,0.0
categorical__industry_description_glassplatemadeglassmakingplants,0.0
categorical__industry_description_glasspartitionsinstallation,0.0
categorical__industry_description_glassinstallationexceptautomotivecontractors,0.0
categorical__industry_description_glassinewrappingpapermadepapermills,0.0
categorical__industry_description_glassglazingcontractors,0.0
categorical__industry_description_glassglazingcontractor,0.0
categorical__industry_description_glassglazing,0.0
categorical__industry_description_goldbulliondorebarproducedprimarymetalrefineries,0.0
categorical__industry_description_gogglesegindustrialsafetysununderwatermanufacturing,0.0
categorical__industry_description_gocarttrackseamusementrides,0.0
categorical__industry_description_glycerineglycerolnaturalmanufacturing,0.0
categorical__industry_description_glutenmanufacturing,0.0
categorical__industry_description_gluesexceptdentalmanufacturing,0.0
categorical__industry_description_glovesrubberegelectriciansexaminationhouseholdtypesurgeonsmanufacturing,0.0
categorical__industry_description_glovesknitmadeapparelknittingmills,0.0
categorical__industry_description_glovemanufacturing,0.0
categorical__industry_description_glazingmetalsmetalproductstrade,0.0
categorical__industry_description_glaziersputtymanufacturing,0.0
categorical__industry_description_glasswaremedicalmerchantwholesalers,0.0
categorical__industry_description_glasswareindustrialscientifictechnicalusemadepurchasedglass,0.0
categorical__industry_description_glasswareindustrialscientifictechnicalusemadeglassmakingplants,0.0
categorical__industry_description_glasswarehouseholdtypemerchantwholesalers,0.0
categorical__industry_description_gownegdoctorsnurseshospitalbeauticianssupplyservices,0.0
categorical__industry_description_governorsgasolineengineexceptautomotivemanufacturing,0.0
categorical__industry_description_governorsdieselenginemanufacturing,0.0
categorical__industry_description_gourmetfoodstores,0.0
categorical__industry_description_golfersindependentprofessionaleparticipatingsportsevents,0.0
categorical__industry_description_golfcoursesexceptminiaturepitchnputt,0.0
categorical__industry_description_golfcourseconstruction,0.0
categorical__industry_description_golfcourse,0.0
categorical__industry_description_golfcountryclubs,0.0
categorical__industry_description_golfcartssimilarmotorizedpassengercarriersmanufacturing,0.0
categorical__industry_description_golfcartspoweredmanufacturing,0.0
categorical__industry_description_golfcartdealerspowered,0.0
categorical__industry_description_golf,0.0
categorical__industry_description_goldsilverplatingmetalsmetalproductstrade,0.0
categorical__industry_description_grainhandling,0.0
categorical__industry_description_graingrindingexceptcustomgrindinganimalfeed,0.0
categorical__industry_description_grainexport,0.0
categorical__industry_description_grainelevatorsstorageonly,0.0
categorical__industry_description_grainelevatorconstruction,0.0
categorical__industry_description_graindrying,0.0
categorical__industry_description_graincleaning,0.0
categorical__industry_description_grainbreakfastcerealmanufacturing,0.0
categorical__industry_description_grainalcoholnonpotablemanufacturing,0.0
categorical__industry_description_grainalcoholbeveragemanufacturing,0.0
categorical__industry_description_grain,0.0
categorical__industry_description_gradingconstructionsites,0.0
categorical__industry_description_gradingcleaningsortingmachineryfarmtypemanufacturing,0.0
categorical__industry_description_gradingcleaningsortingmachineryefoodmanufacturingtypemanufacturing,0.0
categorical__industry_description_granulatedbeetsugarmanufacturing,0.0
categorical__industry_description_grantmakingfoundations,0.0
categorical__industry_description_granolabarsclustersnonchocolatemanufacturing,0.0
categorical__industry_description_granolabarsclusterschocolatemadepurchasedchocolate,0.0
categorical__industry_description_graniteminingquarrying,0.0
categorical__industry_description_graniteinteriorinstallation,0.0
categorical__industry_description_granitecrushedbrokenstoneminingbeneficiating,0.0
categorical__industry_description_grainsabrasivenaturalartificialmanufacturing,0.0
categorical__industry_description_grainmillsrice,0.0
categorical__industry_description_grainmillsexceptanimalfeedbreakfastcerealrice,0.0
categorical__industry_description_grainmillsanimalfeed,0.0
categorical__industry_description_grainmillingmachinerymanufacturing,0.0
categorical__industry_description_grainhaulinglongdistance,0.0
categorical__industry_description_grainhaulinglocal,0.0
categorical__industry_description_gravureinksmanufacturing,0.0
categorical__industry_description_gravelquarryingbeneficiating,0.0
categorical__industry_description_gravelhaulinglocal,0.0
categorical__industry_description_gravelconstructionmerchantwholesalers,0.0
categorical__industry_description_graveexcavationcontractors,0.0
categorical__industry_description_gratingseopensteelflooringmanufacturing,0.0
categorical__industry_description_grassseedproductionwholesale,0.0
categorical__industry_description_grassseedfarming,0.0
categorical__industry_description_grassmowingequipmentexceptlawngardenmanufacturing,0.0
categorical__industry_description_grasshayfarming,0.0
categorical__industry_description_graphitespecialtiesmechanicaluseexceptgasketsmanufacturing,0.0
categorical__industry_description_graphitespecialtieselectricalusemanufacturing,0.0
categorical__industry_description_graphitenaturaleggroundpulverizedrefinedblendedmanufacturing,0.0
categorical__industry_description_graphiteelectrodescontactselectricmanufacturing,0.0
categorical__industry_description_graphicdesignservices,0.0
categorical__industry_description_graphicartsplatessensitizedmanufacturing,0.0
categorical__industry_description_grenadelaunchersmanufacturing,0.0
categorical__industry_description_greetingcardsmerchantwholesalers,0.0
categorical__industry_description_greetingcardpublishersexceptexclusiveinternetpublishing,0.0
categorical__industry_description_greenhousesprefabricatedmetalmanufacturing,0.0
categorical__industry_description_greenhouse,0.0
categorical__industry_description_greenbeanfarmingfieldseedproduction,0.0
categorical__industry_description_greasetrapcleaning,0.0
categorical__industry_description_greasessyntheticlubricatingmanufacturing,0.0
categorical__industry_description_greasespetroleumlubricatingmaderefinedpetroleum,0.0
categorical__industry_description_greaserendering,0.0
categorical__industry_description_greaseinedibleanimalvegetablerefiningblendingpurchasedoils,0.0
categorical__industry_description_grayironfoundries,0.0
categorical__industry_description_grayductileironfoundry,0.0
categorical__industry_description_gravymixesdrymanufacturing,0.0
categorical__industry_description_gravycanning,0.0
categorical__industry_description_gravureprintingexceptbooksprintinggreygoods,0.0
categorical__industry_description_grocerydistributionsupplychainservices,0.0
categorical__industry_description_grocerydistributioncenter,0.0
categorical__industry_description_grocerydistribution,0.0
categorical__industry_description_grocerydeliveryservice,0.0
categorical__industry_description_grocerycartsmadepurchasedwire,0.0
categorical__industry_description_grocerybagsplasticsfilmsinglewallmultiwallmanufacturing,0.0
categorical__industry_description_grocerwholesale,0.0
categorical__industry_description_grocersbagssacksmadepurchaseduncoatedpaper,0.0
categorical__industry_description_gritsflakescornbrewersmanufacturing,0.0
categorical__industry_description_gripshandlesrubbermanufacturing,0.0
categorical__industry_description_grindingwheelsmanufacturing,0.0
categorical__industry_description_grindingmachinesmetalworkingmanufacturing,0.0
categorical__industry_description_gridplatestamping,0.0
categorical__industry_description_grenadeshandprojectilemanufacturing,0.0
categorical__industry_description_guardrailconstruction,0.0
categorical__industry_description_growpackdeliverherbs,0.0
categorical__industry_description_growingmediasoils,0.0
categorical__industry_description_groutingereinforcingconcrete,0.0
categorical__industry_description_grouphospitalizationplansprovidinghealthcareservices,0.0
categorical__industry_description_grouphomechildrenintellectualdisabilities,0.0
categorical__industry_description_groupfosterhomeschildren,0.0
categorical__industry_description_groundwoodpaperproductsegpublicationprintingpapertabletstockwallpaperbasemadenewsprintmills,0.0
categorical__industry_description_groundwoodpapercoatedmadepurchasedpaper,0.0
categorical__industry_description_groundwoodpapercoatedmadepapermills,0.0
categorical__industry_description_groundwoodpaperbulkmerchantwholesalers,0.0
categorical__industry_description_grommetsrubbermanufacturing,0.0
categorical__industry_description_grommetsmerchantwholesalers,0.0
categorical__industry_description_grocerywholesale,0.0
categorical__industry_description_grocerywarehousingstorage,0.0
categorical__industry_description_gunshops,0.0
categorical__industry_description_gunsbbpelletmanufacturing,0.0
categorical__industry_description_gunpowdermanufacturing,0.0
categorical__industry_description_gunitecontractors,0.0
categorical__industry_description_gunbarrelsmanufacturing,0.0
categorical__industry_description_gumwoodchemicalsmanufacturing,0.0
categorical__industry_description_guitarspartselectricnonelectricmanufacturing,0.0
categorical__industry_description_guideservicesefishinghuntingtourist,0.0
categorical__industry_description_guidedmissilespacevehiclepartsotherenginesmanufacturing,0.0
categorical__industry_description_guidedmissilespacevehiclepartsexceptenginesresearchdevelopment,0.0
categorical__industry_description_guidedmissilespacevehiclepartsexceptenginesmanufacturing,0.0
categorical__industry_description_guidedmissilespacevehiclemanufacturing,0.0
categorical__industry_description_guidedmissilespacevehicleenginemanufacturing,0.0
categorical__industry_description_guardswiremadepurchasedwire,0.0
categorical__industry_description_guardsbannistersrailingssheetmetalmanufacturing,0.0
categorical__industry_description_guardrailshighwaysheetmetalexceptstampingsmanufacturing,0.0
categorical__industry_description_gypsumotherconstructionmaterialmerchantwholesalers,0.0
categorical__industry_description_gypsumbuildingproductsmerchantwholesalers,0.0
categorical__industry_description_gypsumbuildingproductsmanufacturing,0.0
categorical__industry_description_gypsumboardinstallation,0.0
categorical__industry_description_gynecologistsofficesegcentersclinics,0.0
categorical__industry_description_gymnasticsinstructioncampsschools,0.0
categorical__industry_description_gymnasiumplaygroundequipmentmanufacturing,0.0
categorical__industry_description_gutterssheetmetalexceptcustomrollformedmanufacturing,0.0
categorical__industry_description_guttersdownspoutssheetmetalcustomrollformedmanufacturing,0.0
categorical__industry_description_guttersdownspoutsexceptwoodmerchantwholesalers,0.0
categorical__industry_description_gutterdownspoutcontractors,0.0
categorical__industry_description_guttercleaningservices,0.0
categorical__industry_description_guntriggerlocksmetalmanufacturing,0.0
categorical__industry_description_gunsmanufacturing,0.0
categorical__industry_description_gunsightsopticalmanufacturing,0.0
categorical__industry_description_gunsightingfirecontrolequipmentinstrumentsopticalmanufacturing,0.0
categorical__industry_description_hamscannedmadepurchasedcarcasses,0.0
categorical__industry_description_hamperslaundrysheetmetalexceptstampingsmanufacturing,0.0
categorical__industry_description_hamperslaundryreedwickerrattanmanufacturing,0.0
categorical__industry_description_hamperslaundryplasticsmanufacturing,0.0
categorical__industry_description_hammershandtoolsmanufacturing,0.0
categorical__industry_description_halogenatedhydrocarbonderivativesexceptaromaticmanufacturing,0.0
categorical__industry_description_halfwayhousessubstanceabuseegalcoholismdrugaddiction,0.0
categorical__industry_description_halfwayhousespatientsmentalhealthillnesses,0.0
categorical__industry_description_halfwaygrouphomesdelinquentsexoffenders,0.0
categorical__industry_description_hairstylistsalonsshopsunisexwomens,0.0
categorical__industry_description_hairpreparationsegconditionersdyesrinsesshampoosmanufacturing,0.0
categorical__industry_description_hairdressingsalonsshopsunisexwomens,0.0
categorical__industry_description_hairclippershumanuseelectricmanufacturing,0.0
categorical__industry_description_gypsumproductsegblockboardplasterlathrocktilemanufacturing,0.0
categorical__industry_description_gypsumproductmanufacturing,0.0
categorical__industry_description_handtoolsmotorvehiclemechanicsmanufacturing,0.0
categorical__industry_description_handtoolsmachinistsprecisionmanufacturing,0.0
categorical__industry_description_handsoapseghardliquidsoftmanufacturing,0.0
categorical__industry_description_handsoapseghardliquidsoftma,0.0
categorical__industry_description_handlingrepairwoodenpallets,0.0
categorical__industry_description_handlesfaucetvitreouschinaearthenwaremanufacturing,0.0
categorical__industry_description_handlesegbrushtoolumbrellaplasticsmanufacturing,0.0
categorical__industry_description_handlesegbroommophandtoolwoodmanufacturing,0.0
categorical__industry_description_handkerchiefspapermadepurchasedpaper,0.0
categorical__industry_description_handicappedschoolselementarysecondary,0.0
categorical__industry_description_handicappedpassengertransportationservices,0.0
categorical__industry_description_handheldcomputersegpdasmanufacturing,0.0
categorical__industry_description_handedgetoolmanufacturing,0.0
categorical__industry_description_handblowingpurchasedglass,0.0
categorical__industry_description_hamspreservedexceptpoultrymadepurchasedcarcasses,0.0
categorical__industry_description_hamsexceptpoultryproducedslaughteringplants,0.0
categorical__industry_description_hardwareexceptmotorvehiclemerchant,0.0
categorical__industry_description_hardwareclothwovenwiremadepurchasedwire,0.0
categorical__industry_description_hardeningeheattreatingmetalsmetalproductstrade,0.0
categorical__industry_description_hardcandiesmanufacturing,0.0
categorical__industry_description_hardboardmanufacturing,0.0
categorical__industry_description_harbortugboatservices,0.0
categorical__industry_description_harboroperation,0.0
categorical__industry_description_hangarrentalaircraft,0.0
categorical__industry_description_hangardoorsmetalmanufacturing,0.0
categorical__industry_description_handymanconstructionservicecommercialinstitutionalbuilding,0.0
categorical__industry_description_handtrucksmanufacturing,0.0
categorical__industry_description_handtoolspowerdrivenrepairmaintenanceservicesretailingnewpowerdrivenhandtools,0.0
categorical__industry_description_handtoolspowerdrivenrepairmaintenanceservicesretailing,0.0
categorical__industry_description_handtoolspowerdrivenmanufacturing,0.0
categorical__industry_description_handtoolsmotorvehiclemechanicsmerchantwholesalers,0.0
categorical__industry_description_hatsmadeapparelknittingmills,0.0
categorical__industry_description_hatcheriespoultry,0.0
categorical__industry_description_harvestingmachineryequipmentagriculturemanufacturing,0.0
categorical__industry_description_harnessracetracks,0.0
categorical__industry_description_harnessassemblieselectronicusemanufacturing,0.0
categorical__industry_description_hardwoodveneerplywoodmanufacturing,0.0
categorical__industry_description_hardwoodplywoodcompositesmanufacturing,0.0
categorical__industry_description_hardwoodflooringdealers,0.0
categorical__industry_description_hardwooddimensionlumberstockresawingpurchasedlumber,0.0
categorical__industry_description_hardwaretransmissionpolelinemanufacturing,0.0
categorical__industry_description_hardwareplasticsmanufacturing,0.0
categorical__industry_description_hardwaremotorvehiclemerchantwholesalers,0.0
categorical__industry_description_hardwaremanufacturing,0.0
categorical__industry_description_health,0.0
categorical__industry_description_headstartprogramsseparateschools,0.0
categorical__industry_description_headquartersunitretailbankingoperations,0.0
categorical__industry_description_headoffices,0.0
categorical__industry_description_hdqofficesales,0.0
categorical__industry_description_hazardouswastetreatmentstoragedisposal,0.0
categorical__industry_description_hazardouswastetreatmentfacilitiescombinedcollectionlocalhaulinghazardouswaste,0.0
categorical__industry_description_hazardouswastetreatmentfacilities,0.0
categorical__industry_description_hazardouswastetransportationtreatmentstorage,0.0
categorical__industry_description_hazardouswastematerialtreatmentfacilities,0.0
categorical__industry_description_hazardouswastematerialdisposalfacilities,0.0
categorical__industry_description_hazardouswastedisposalfacilitiescombinedcollectionlocalhaulinghazardouswaste,0.0
categorical__industry_description_hazardouswastedisposalfacilities,0.0
categorical__industry_description_hazardouswastecollectiontransportation,0.0
categorical__industry_description_hazardouswastecollectionservices,0.0
categorical__industry_description_hayfarmingegalfalfahaycloverhaygrasshay,0.0
categorical__industry_description_healthmaintenanceorganizationhmomedicalcentersclinics,0.0
categorical__industry_description_healthfoodsfreshfruitsvegetablesmerchantwholesalers,0.0
categorical__industry_description_healthcareservices,0.0
categorical__industry_description_healthcareoutpatient,0.0
categorical__industry_description_healthcaremedicalproducts,0.0
categorical__industry_description_healthcareinpatientoutpatient,0.0
categorical__industry_description_healthcarehospice,0.0
categorical__industry_description_healthcarefacilitieshospitalsnonprofit,0.0
categorical__industry_description_healthcarefacilitiesclinicsdispeninfirmoutp,0.0
categorical__industry_description_healthcarecompany,0.0
categorical__industry_description_healthcarebehavioralhealth,0.0
categorical__industry_description_healthathleticclubconstruction,0.0
categorical__industry_description_healthalliedservicesnotelsewhereclassifiedbloodbank,0.0
categorical__industry_description_heatersspaceexceptportableelectricmanufacturing,0.0
categorical__industry_description_hearsesassemblingpurchasedchassis,0.0
categorical__industry_description_hearingtestingservicesofficesaudiologists,0.0
categorical__industry_description_hearingaidsmerchantwholesalers,0.0
categorical__industry_description_healthstudiosphysicalfitness,0.0
categorical__industry_description_healthstatisticscentersgovernment,0.0
categorical__industry_description_healthspasephysicalfitnessfacilitiesaccommodations,0.0
categorical__industry_description_healthspasaccommodationsphysicalfitness,0.0
categorical__industry_description_healthservicesnotelsewhereclassified,0.0
categorical__industry_description_healthservicesnotelsewereclassified,0.0
categorical__industry_description_healthscreeningservicesphysiciansoffices,0.0
categorical__industry_description_healthscreeningservicesexceptofficeshealthpractitioners,0.0
categorical__industry_description_healthresearchdevelopmentlaboratoriesservicesexceptbiotechnologyresearchdevelopment,0.0
categorical__industry_description_healthprogramadministration,0.0
categorical__industry_description_healthplanningdevelopmentagenciesgovernment,0.0
categorical__industry_description_heatingplumbingc,0.0
categorical__industry_description_heatingoildealersdirectselling,0.0
categorical__industry_description_heatingequipmentwarmaireforcedairmerchantwholesalers,0.0
categorical__industry_description_heatingequipmentwarmaireforcedairmanufacturing,0.0
categorical__industry_description_heatingequipmenthotwatermerchantwholesalers,0.0
categorical__industry_description_heatingequipmenthotwaterexcepthotwaterheatersmanufacturing,0.0
categorical__industry_description_heatingcoolingsystemcontrolsresidentialcommercialmanufacturing,0.0
categorical__industry_description_heatingcoolingductworkinstallation,0.0
categorical__industry_description_heatingcoolingcontractor,0.0
categorical__industry_description_heatingcontractors,0.0
categorical__industry_description_heatingboilerinstallation,0.0
categorical__industry_description_heatingairconditioningcombinationunitsmanufacturing,0.0
categorical__industry_description_heathcare,0.0
categorical__industry_description_heatexchangersmanufacturing,0.0
categorical__industry_description_heatexchangers,0.0
categorical__industry_description_heatersswimmingpoolmanufacturing,0.0
categorical__industry_description_heavyequipmentrepairtraining,0.0
categorical__industry_description_heavyequipment,0.0
categorical__industry_description_heavydutymanufacturing,0.0
categorical__industry_description_heavyconstructionnotelsewhereclassified,0.0
categorical__industry_description_heavyconstructionequipmentrentaloperator,0.0
categorical__industry_description_heavyconstruction,0.0
categorical__industry_description_heavycivilconstruction,0.0
categorical__industry_description_heattreatmentsteelparts,0.0
categorical__industry_description_heattreatingovensindustrialprocesstypemanufacturing,0.0
categorical__industry_description_heatsteamdistribution,0.0
categorical__industry_description_heatpumpsmanufacturing,0.0
categorical__industry_description_heatpumpinstallation,0.0
categorical__industry_description_heatingventilationsystemcomponentegairregistersdiffusersfiltersgrillessoundattenuatorsinstallation,0.0
categorical__industry_description_heatingunitsbaseboardmanufacturing,0.0
categorical__industry_description_herbalsupplementsmanufacturing,0.0
categorical__industry_description_hemodialysiscentersclinics,0.0
categorical__industry_description_hemlockextractmanufacturing,0.0
categorical__industry_description_hematologyproductsexceptdiagnosticsubstancesmanufacturing,0.0
categorical__industry_description_helpsupplyservices,0.0
categorical__industry_description_helmetsexceptathleticsafetyegmotorizedvehiclecrashhelmetsspacehelmetsmanufacturing,0.0
categorical__industry_description_helicoptersmanufacturing,0.0
categorical__industry_description_helicopterpassengercarriersscheduled,0.0
categorical__industry_description_helicoptercarriersfreightnonscheduled,0.0
categorical__industry_description_helicalspringslightgaugemadepurchasedwirestripmanufacturing,0.0
categorical__industry_description_heavytrucksassemblingpurchasedchassis,0.0
categorical__industry_description_heavytruckassemblychassisownmanufacture,0.0
categorical__industry_description_heavymachineryequipmentrepairmaintenanceservices,0.0
categorical__industry_description_heavyhighwayconstruction,0.0
categorical__industry_description_heavyequipsalesservice,0.0
categorical__industry_description_heavyequiprental,0.0
categorical__industry_description_highvoltage,0.0
categorical__industry_description_highschoolsofferingbothacademicvocationalcourses,0.0
categorical__industry_description_highschoolsofferingbothacademictechnicalcourses,0.0
categorical__industry_description_highschoolpublic,0.0
categorical__industry_description_highriseapartmentsalebuilders,0.0
categorical__industry_description_highriseapartmentconstructiongeneralcontractors,0.0
categorical__industry_description_highprecisionopticssensors,0.0
categorical__industry_description_highfructosecornsyruphfcsmanufacturing,0.0
categorical__industry_description_highereducation,0.0
categorical__industry_description_highaybridgemaintenance,0.0
categorical__industry_description_hidesmerchantwholesalers,0.0
categorical__industry_description_heterocyclicchemicalsnotspecifiedelsewhereprocessmanufacturing,0.0
categorical__industry_description_herbicidesmanufacturing,0.0
categorical__industry_description_herbfarminggrownundercover,0.0
categorical__industry_description_herbalsupplementsmerchantwholesalers,0.0
categorical__industry_description_hockeyteamsprofessionalsemiprofessional,0.0
categorical__industry_description_hockeyequipmentexceptapparelmanufacturing,0.0
categorical__industry_description_hockeyclubsprofessionalsemiprofessional,0.0
categorical__industry_description_hobsemetalgearcuttingtoolmanufacturing,0.0
categorical__industry_description_hobbyistssuppliesmerchantwholesalers,0.0
categorical__industry_description_hmohealthmaintenanceorganizationmedicalcentersclinics,0.0
categorical__industry_description_hitchestrailerautomotivetruckbusmanufacturing,0.0
categorical__industry_description_historicalsites,0.0
categorical__industry_description_historicalmuseums,0.0
categorical__industry_description_hingesmetalmanufacturing,0.0
categorical__industry_description_highwaystreetbridgelightingelectricalsignalinstallation,0.0
categorical__industry_description_highwaystreetbridgeconstructiondesignbuildmanagement,0.0
categorical__industry_description_highwaypatrolspolice,0.0
categorical__industry_description_highwayconstructiongradingpavingpipelayingetc,0.0
categorical__industry_description_highwaybridgesectionsprefabricatedmetalmanufacturing,0.0
categorical__industry_description_airconditioningsystemsserviceprovider,0.0
categorical__industry_description_airconditioningsystemserviceprovider,0.0
categorical__industry_description_airconditioningsupply,0.0
categorical__industry_description_airconditioningequipmentexceptroomunitsmerchantwholesalers,0.0
categorical__industry_description_airconditioningequipmentexceptmotorvehiclemanufacturing,0.0
categorical__industry_description_airconditioningcondenserscondensingunitsmanufacturing,0.0
categorical__industry_description_airconditioningcompressorsexceptmotorvehiclemanufacturing,0.0
categorical__industry_description_airconditionersunitegmotorhometraveltrailerwindowmanufacturing,0.0
categorical__industry_description_airconditionersroommerchantwholesalers,0.0
categorical__industry_description_airconditionersmotorvehiclemanufacturing,0.0
categorical__industry_description_aircompressorsmanufacturing,0.0
categorical__industry_description_aircommutercarriersscheduled,0.0
categorical__industry_description_aircircuitbreakersmanufacturing,0.0
categorical__industry_description_aircargocontainerslightgaugemetalmanufacturing,0.0
categorical__industry_description_aircargocarriersexceptaircouriersscheduled,0.0
categorical__industry_description_homebuildersexceptsalesinglefamily,0.0
categorical__industry_description_homebuilder,0.0
categorical__industry_description_homeautomationsysteminstallation,0.0
categorical__industry_description_holstersleathermanufacturing,0.0
categorical__industry_description_holepunchersexcepthandoperatedofficetypemanufacturing,0.0
categorical__industry_description_holdingcompaniesmanage,0.0
categorical__industry_description_holdingcompaniesexceptbankmanaging,0.0
categorical__industry_description_hoistsexceptaircraftloadingmanufacturing,0.0
categorical__industry_description_hoistsautomotivemerchantwholesalers,0.0
categorical__industry_description_hoistsaircraftloadingmanufacturing,0.0
categorical__industry_description_hoistingplacementlargescaleapparatus,0.0
categorical__industry_description_hogpigfarming,0.0
categorical__industry_description_hogfeedlots,0.0
categorical__industry_description_hogfeedingwateringequipmentmanufacturing,0.0
categorical__industry_description_homeinspectionservices,0.0
categorical__industry_description_homeimprovementegaddingremodelingrenovatingsinglefamilyhousinggeneralcontractors,0.0
categorical__industry_description_homeimprovementegaddingremodelingrenovatingmultifamilybuildinggeneralcontractors,0.0
categorical__industry_description_homeimprovementegaddingremodelingrenovating,0.0
categorical__industry_description_homeimprovementcenters,0.0
categorical__industry_description_homehealthhospice,0.0
categorical__industry_description_homehealthfurnitureequipmentrental,0.0
categorical__industry_description_homehealthcareservices,0.0
categorical__industry_description_homehealthcare,0.0
categorical__industry_description_homehealthbeauty,0.0
categorical__industry_description_homefurnishingsmerchantwholesalers,0.0
categorical__industry_description_homeconstructionorganizationsworksweatequity,0.0
categorical__industry_description_homecenters,0.0
categorical__industry_description_homecanninglidsringsmetalstamping,0.0
categorical__industry_description_hometheateraudiovideoequipmentmanufacturing,0.0
categorical__industry_description_homesunwedmothers,0.0
categorical__industry_description_homespsychiatricconvalescent,0.0
categorical__industry_description_homesemotionallydisturbedadultschildren,0.0
categorical__industry_description_homeselderly,0.0
categorical__industry_description_homesalesmerchandisedirectselling,0.0
categorical__industry_description_homerenovation,0.0
categorical__industry_description_homeownersassociations,0.0
categorical__industry_description_homenursingservicesprivatepractice,0.0
categorical__industry_description_homemakersserviceelderlydisabledpersonsnonmedical,0.0
categorical__industry_description_homelessshelters,0.0
categorical__industry_description_horseracingstables,0.0
categorical__industry_description_horseincludingthoroughbredsproduction,0.0
categorical__industry_description_horsebitsmanufacturing,0.0
categorical__industry_description_hormonesderivativesuncompoundedmanufacturing,0.0
categorical__industry_description_hormonepreparationsexceptvitrodiagnosticsmanufacturing,0.0
categorical__industry_description_horizontaldrillingegundergroundcablepipelinesewerinstallation,0.0
categorical__industry_description_hopperslightgaugemetalmanufacturing,0.0
categorical__industry_description_hopfarming,0.0
categorical__industry_description_hooksegeneralpurposefastenersmetalmanufacturing,0.0
categorical__industry_description_hookloopfastenerfabricmanufacturing,0.0
categorical__industry_description_hoodsrangeexcepthouseholdtypesheetmetalexceptstampingsmanufacturing,0.0
categorical__industry_description_hoodsindustrialfabricatedmetalplateworkmanufacturing,0.0
categorical__industry_description_honeyprocessing,0.0
categorical__industry_description_honeymerchantwholesalers,0.0
categorical__industry_description_homogenizingmilk,0.0
categorical__industry_description_homogenizingmachineryfoodmanufacturing,0.0
categorical__industry_description_hospicecareservices,0.0
categorical__industry_description_hospequiprental,0.0
categorical__industry_description_hosesrubberizedfabricmanufacturing,0.0
categorical__industry_description_hosesreinforcedrubberplasticsmanufacturing,0.0
categorical__industry_description_hoseindustrialmerchantwholesalers,0.0
categorical__industry_description_hoseflexiblemetalmanufacturing,0.0
categorical__industry_description_hosecouplingsmetalexceptfluidpowermanufacturing,0.0
categorical__industry_description_hosecouplingsfittingsfluidpowermanufacturing,0.0
categorical__industry_description_hoseclampsmetalmanufacturing,0.0
categorical__industry_description_hoseassembliesfluidpowersystemsmanufacturing,0.0
categorical__industry_description_horsetrailersfifthwheeltypemanufacturing,0.0
categorical__industry_description_horsetrailermanufacturing,0.0
categorical__industry_description_horseradishpreparedsaucemanufacturing,0.0
categorical__industry_description_hospitalmedicalserviceplans,0.0
categorical__industry_description_hospitalitypropertymanagement,0.0
categorical__industry_description_hospitalitymanagementschoolsexceptacademic,0.0
categorical__industry_description_hospitalityleisure,0.0
categorical__industry_description_hospitalinpatientoutpatient,0.0
categorical__industry_description_hospitalgeneralmedicalsurgical,0.0
categorical__industry_description_hospitalfurniturespecializedeghospitalbedsoperatingroomfurniture,0.0
categorical__industry_description_hospitalequipmentsuppliesmerchantwholesalers,0.0
categorical__industry_description_hospitalequipmentrentalehomeuse,0.0
categorical__industry_description_hospitalconstruction,0.0
categorical__industry_description_hospitalbedsmerchantwholesalers,0.0
categorical__industry_description_hospital,0.0
categorical__industry_description_hospicehomehealth,0.0
categorical__industry_description_hotdogspoultrymanufacturing,0.0
categorical__industry_description_hotdogsexceptpoultrymadepurchasedcarcasses,0.0
categorical__industry_description_hotdipgalvanizingmetalsmetalproductstrade,0.0
categorical__industry_description_hotdipgalvanizing,0.0
categorical__industry_description_hotbeveragevendingmachinesmanufacturing,0.0
categorical__industry_description_hospitalssubstanceabuse,0.0
categorical__industry_description_hospitalspsychiatricexceptconvalescent,0.0
categorical__industry_description_hospitalspsychiatricconvalescent,0.0
categorical__industry_description_hospitalsmentalexceptintellectualdevelopmentaldisability,0.0
categorical__industry_description_hospitalsintellectualdevelopmentaldisability,0.0
categorical__industry_description_hospitalshealthcare,0.0
categorical__industry_description_hospitalsgeneralpediatric,0.0
categorical__industry_description_hospitalserviceapparelwashablecutsewapparelcontractors,0.0
categorical__industry_description_hospitalmedicalserviceplansdirectprovidinghealthcareservices,0.0
categorical__industry_description_hotelsseasonalcasinos,0.0
categorical__industry_description_hotelslodging,0.0
categorical__industry_description_hotelsexceptcasinohotelsmotels,0.0
categorical__industry_description_hotelscasino,0.0
categorical__industry_description_hotelrestaurantgiftshop,0.0
categorical__industry_description_hotelresort,0.0
categorical__industry_description_hotelmanagementservicesexceptcompleteoperationclientsbusiness,0.0
categorical__industry_description_hotelconstruction,0.0
categorical__industry_description_hotelcasinoracetrack,0.0
categorical__industry_description_hotelcasino,0.0
categorical__industry_description_hotelbuildingrentalleasingnotoperatinghotel,0.0
categorical__industry_description_hotelallotheremployees,0.0
categorical__industry_description_householdtypewoodenwaremanufacturing,0.0
categorical__industry_description_householdtypefurniturewoodnotupholsteredexcepttvradiohousingssewingmachinecabinetsmanufacturing,0.0
categorical__industry_description_householdtypefurnitureupholsteredmanufacturing,0.0
categorical__industry_description_householdtypefurnituremerchantwholesalers,0.0
categorical__industry_description_householdtypeappliancestores,0.0
categorical__industry_description_householdtypeappliancesexceptwaterheatersheatingstovesenoncookinggaselectricmerchantwholesalers,0.0
categorical__industry_description_householdlaundryequipmentmanufacturing,0.0
categorical__industry_description_houseframing,0.0
categorical__industry_description_hotwaterheatersincludingnonelectrichouseholdtypemanufacturing,0.0
categorical__industry_description_hottubsplasticsfiberglassmanufacturing,0.0
categorical__industry_description_hotstripmillmachinerymetalworkingmanufacturing,0.0
categorical__industry_description_hotrollingpurchasedsteel,0.0
categorical__industry_description_hotrollingmillmachinerymetalworkingmanufacturing,0.0
categorical__industry_description_hotrollingironsteelproductsironsteelmills,0.0
categorical__industry_description_hotforgingsmadepurchasednonferrousmetalsunfinished,0.0
categorical__industry_description_hotforgingsmadepurchasedironsteelunfinished,0.0
categorical__industry_description_housingpolicegovernment,0.0
categorical__industry_description_housingdevelopmentpropertymgmt,0.0
categorical__industry_description_housingconstructionsalebuilder,0.0
categorical__industry_description_housingauthoritiesoperatingresidentialbuildings,0.0
categorical__industry_description_housingauthoritiesnonoperating,0.0
categorical__industry_description_housingassistanceagencies,0.0
categorical__industry_description_housewaresexceptelectricmerchantwholesalers,0.0
categorical__industry_description_housesrentalleasing,0.0
categorical__industry_description_housesprefabricatedwoodexceptmobilehomesmanufacturing,0.0
categorical__industry_description_housesprefabricatedmobilehomesmanufacturing,0.0
categorical__industry_description_housesprefabricatedmetalmanufacturing,0.0
categorical__industry_description_housescorrection,0.0
categorical__industry_description_housepainting,0.0
categorical__industry_description_hvacheatingventilationaircondi,0.0
categorical__industry_description_hvacequipmentaccessories,0.0
categorical__industry_description_hvacdistribution,0.0
categorical__industry_description_hvaccontrolsaccesssecuritysystes,0.0
categorical__industry_description_hvaccontrolboards,0.0
categorical__industry_description_huntingpreserves,0.0
categorical__industry_description_humiditycontrolsysteminstallation,0.0
categorical__industry_description_humanrightscommissionsgovernment,0.0
categorical__industry_description_humanresourceconsultingservices,0.0
categorical__industry_description_hullingshellingnuts,0.0
categorical__industry_description_hr,0.0
categorical__industry_description_hqresearchlaboratories,0.0
categorical__industry_description_housingsinglefamilyconstructiongeneralcontractors,0.0
categorical__industry_description_housingprogramsplanningdevelopmentgovernment,0.0
categorical__industry_description_hydrodemolitionedemolitionpressurizedwatercontractors,0.0
categorical__industry_description_hydrocyanicacidmanufacturing,0.0
categorical__industry_description_hydrochloricacidmanufacturing,0.0
categorical__industry_description_hydraulicvalvesfluidpowermanufacturing,0.0
categorical__industry_description_hydraulicpumpspartsmerchantwholesalers,0.0
categorical__industry_description_hydraulicpumpsfluidpowermanufacturing,0.0
categorical__industry_description_hydraulichosesfittingrubberplasticsmanufacturing,0.0
categorical__industry_description_hydraulichosefittingsfluidpowermanufacturing,0.0
categorical__industry_description_hydraulicfracturingwellscontractbasis,0.0
categorical__industry_description_hydraulicequipmentrepairmaintenanceservices,0.0
categorical__industry_description_hydrauliccylindersfluidpowermanufacturing,0.0
categorical__industry_description_hybridintegratedcircuitsmanufacturing,0.0
categorical__industry_description_hwystconstmaintmgmtadmin,0.0
categorical__industry_description_hvacwholesaledistributor,0.0
categorical__industry_description_hvacplumbingmechanical,0.0
categorical__industry_description_icebucketspolystyrenefoammanufacturing,0.0
categorical__industry_description_iccdotcarrier,0.0
categorical__industry_description_hypodermicneedlessyringesmanufacturing,0.0
categorical__industry_description_hydrostatictransmissionsmanufacturing,0.0
categorical__industry_description_hydrostatictestinglaboratoriesservices,0.0
categorical__industry_description_hydrostaticdrivesmanufacturing,0.0
categorical__industry_description_hydroseedingservicesegdecorativeerosioncontrolpurposes,0.0
categorical__industry_description_hydroponiccropfarming,0.0
categorical__industry_description_hydrophonesmanufacturing,0.0
categorical__industry_description_hydronicheatingequipmentsuppliesmerchantwholesalers,0.0
categorical__industry_description_hydronicheatingequipmentmanufacturing,0.0
categorical__industry_description_hydrogenperoxidemanufacturing,0.0
categorical__industry_description_hydrogenmanufacturing,0.0
categorical__industry_description_hydrogencarbonmonoxidemanufacturing,0.0
categorical__industry_description_hydrofluoricacidmanufacturing,0.0
categorical__industry_description_hydroelectricgeneratingfacilityconstruction,0.0
categorical__industry_description_iceskatingrinks,0.0
categorical__industry_description_iceskatingcompanies,0.0
categorical__industry_description_icesflavoredsherbetsmanufacturing,0.0
categorical__industry_description_icemilkspecialtiesmanufacturing,0.0
categorical__industry_description_icemakingmachinerymanufacturing,0.0
categorical__industry_description_iceexceptdryicemerchantwholesalers,0.0
categorical__industry_description_iceexceptdryicemanufacturing,0.0
categorical__industry_description_icedrymanufacturing,0.0
categorical__industry_description_icecreamspecialtiesmanufacturing,0.0
categorical__industry_description_icecreamparlors,0.0
categorical__industry_description_icecreammerchantwholesalers,0.0
categorical__industry_description_icecreammanufacturing,0.0
categorical__industry_description_icecreamicesmerchantwholesalers,0.0
categorical__industry_description_icecreamfrozendessertmanufacturing,0.0
categorical__industry_description_icecreamconesmanufacturing,0.0
categorical__industry_description_icechestscoolersurethaneotherplasticsfoamexceptpolystyrenemanufacturing,0.0
categorical__industry_description_incineratorshazardouswasteoperating,0.0
categorical__industry_description_incineratorsbuildingequipmenttypeinstallation,0.0
categorical__industry_description_incineratormunicipalwastedisposalconstruction,0.0
categorical__industry_description_incineratormassburntypeconstruction,0.0
categorical__industry_description_implantssurgicalmanufacturing,0.0
categorical__industry_description_implantabledefibrillatorcomponentmfg,0.0
categorical__industry_description_impactwrencheshandheldpowerdrivenmanufacturing,0.0
categorical__industry_description_imitationtobaccocigarettesmanufacturing,0.0
categorical__industry_description_illuminatedindoorlightingfixturesegdirectionalexitmanufacturing,0.0
categorical__industry_description_ignitionwiringharnessinternalcombustionenginesmanufacturing,0.0
categorical__industry_description_ignitersammunitiontraceremore30mmmore118inchmanufacturing,0.0
categorical__industry_description_idingcontractors,0.0
categorical__industry_description_iddayprogram,0.0
categorical__industry_description_idcommunitybased,0.0
categorical__industry_description_iceskatingshows,0.0
categorical__industry_description_industrialauctioneers,0.0
categorical__industry_description_industialgasdistribution,0.0
categorical__industry_description_inductorselectroniccomponenttypeegchokescoilstransformersmanufacturing,0.0
categorical__industry_description_inductionheatingequipmentindustrialprocesstypemanufacturing,0.0
categorical__industry_description_indoorplayareas,0.0
categorical__industry_description_individualfamilysocialservices,0.0
categorical__industry_description_individualfamilyservicesvetsspmi,0.0
categorical__industry_description_individualfamilyservicesvets,0.0
categorical__industry_description_individualfamilyservicesspmi,0.0
categorical__industry_description_individualfamilyservices,0.0
categorical__industry_description_indiumchloridemanufacturing,0.0
categorical__industry_description_indicatinginstrumentselectricmanufacturing,0.0
categorical__industry_description_indexingrotarytablesemachinetoolaccessorymanufacturing,0.0
categorical__industry_description_incubatorslaboratorytypemanufacturing,0.0
categorical__industry_description_incineratorsnonhazardoussolidwaste,0.0
categorical__industry_description_industrialdistribution,0.0
categorical__industry_description_industrialdesignservices,0.0
categorical__industry_description_industrialcontrolselectricalmerchantwholesalers,0.0
categorical__industry_description_industrialcontrolsegpushbuttonselectorpilotswitchesmanufacturing,0.0
categorical__industry_description_industrialcommericalfanblowerairpurificationequipmentmanufacturing,0.0
categorical__industry_description_industrialcommercialpaintingsealantcontractor,0.0
categorical__industry_description_industrialcommercialfanblowerairpurificationequipmentmanufacturing,0.0
categorical__industry_description_industrialcoatingsmanufacturing,0.0
categorical__industry_description_industrialcleaningunion,0.0
categorical__industry_description_industrialcatererseprovidingfoodservicescontracturalarrangementexceptsingleeventbasis,0.0
categorical__industry_description_industrialbuildingexceptwarehousesconstruction,0.0
categorical__industry_description_industrialbuildingconstruction,0.0
categorical__industry_description_industrialbeltingreinforcementcordfabricmanufacturing,0.0
categorical__industry_description_industrialmachineryequipmentmerchantwholesalers,0.0
categorical__industry_description_industriallocomotivespartsmanufacturing,0.0
categorical__industry_description_industriallightingfixtureselectricmanufacturing,0.0
categorical__industry_description_industrialglasswaremadepurchasedglass,0.0
categorical__industry_description_industrialglasswareglassproductspressedblownmadeglassmakingplants,0.0
categorical__industry_description_industrialgasfilling,0.0
categorical__industry_description_industrialgasesmerchantwholesalers,0.0
categorical__industry_description_industrialgases,0.0
categorical__industry_description_industrialgasdistributor,0.0
categorical__industry_description_industrialgasdistribution,0.0
categorical__industry_description_industrialgasdist,0.0
categorical__industry_description_industrialgas,0.0
categorical__industry_description_industrialgarmentsmensboyscutsewnpurchasedfabricexceptapparelcontractors,0.0
categorical__industry_description_industrialsandbeneficiatingegscreeningwashing,0.0
categorical__industry_description_industrialsaltsmerchantwholesalers,0.0
categorical__industry_description_industrialsaltmanufacturing,0.0
categorical__industry_description_industrialsafetydevicesegeyeshieldsfaceshieldsfirstaidkitsmerchantwholesalers,0.0
categorical__industry_description_industrialproductfinishescoatingsepaintmanufacturing,0.0
categorical__industry_description_industrialprocesspipinginstallation,0.0
categorical__industry_description_industrialprocessfurnaceovenmanufacturing,0.0
categorical__industry_description_industrialprocesscontrolinstrumentsmanufacturing,0.0
categorical__industry_description_industrialpatternmanufacturing,0.0
categorical__industry_description_industrialmoldsexceptsteelingotmanufacturing,0.0
categorical__industry_description_industrialmoldmanufacturing,0.0
categorical__industry_description_industrialmedicalgases,0.0
categorical__industry_description_industrialmechanical,0.0
categorical__industry_description_industrialmanufacturing,0.0
categorical__industry_description_aircargocarriersexceptaircouriersnonscheduled,0.0
categorical__industry_description_airbrakesystemspartsautomotivetruckbusmanufacturing,0.0
categorical__industry_description_airborneradiocommunicationsequipmentmanufacturing,0.0
categorical__industry_description_airbornenavigationalsystemsmanufacturing,0.0
categorical__industry_description_airboatbuilding,0.0
categorical__industry_description_airbagassembliesmanufacturing,0.0
categorical__industry_description_aidfamiliesdependentchildrenafdc,0.0
categorical__industry_description_agturfequipmentdealer,0.0
categorical__industry_description_agronomyconsultingservices,0.0
categorical__industry_description_agronomycenter,0.0
categorical__industry_description_agricultureresearchdevelopmentlaboratoriesservicesexceptbiotechnologyresearchdevelopment,0.0
categorical__industry_description_agricultureproductionharvestingcrews,0.0
categorical__industry_description_agricultureorganicgrower,0.0
categorical__industry_description_agricultureconstructionminingmachineryma,0.0
categorical__industry_description_agriculture,0.0
categorical__industry_description_industrialscalesmanufacturing,0.0
categorical__industry_description_industrycomprisesestablishmentsprimarilyengagedmanufacturingmotorvehicleseatingseatsseatframesseatbeltsinteriortrimmings,0.0
categorical__industry_description_industry,0.0
categorical__industry_description_industrialvalvemanufacturing,0.0
categorical__industry_description_industrialuniformsupplyservices,0.0
categorical__industry_description_industrialtruckstractorstrailersmerchantwholesalers,0.0
categorical__industry_description_industrialtruckstractorsmanufacturing,0.0
categorical__industry_description_industrialtherapistsofficesegcentersclinics,0.0
categorical__industry_description_industrialtestinglaboratoriesservices,0.0
categorical__industry_description_industrialsuppliesmerchantmachineryequipmen,0.0
categorical__industry_description_industrialsuppliesmerchant,0.0
categorical__industry_description_industrialsuppliesexceptdisposableplasticspapermerchantwholesalers,0.0
categorical__industry_description_industrialsuppliesdisposableplasticspapermerchantwholesalers,0.0
categorical__industry_description_industrialsuppies,0.0
categorical__industry_description_industrialsolutionfactory,0.0
categorical__industry_description_industrialservicesunion,0.0
categorical__industry_description_inhibitorsegcorrosionoxidationpolymerizationmanufacturing,0.0
categorical__industry_description_inhalatorssurgicalmedicalmanufacturing,0.0
categorical__industry_description_inhalationtherapyequipmentmanufacturing,0.0
categorical__industry_description_ingotprimarynonferrousmetalsexceptaluminummanufacturing,0.0
categorical__industry_description_ingotprimaryaluminummanufacturing,0.0
categorical__industry_description_ingotnonferrousmetalsexceptaluminumcoppersecondarysmeltingrefining,0.0
categorical__industry_description_ingotmadeironsteelmills,0.0
categorical__industry_description_infusiontherapycentersclinicsoutpatient,0.0
categorical__industry_description_infraredsensorssolidstatemanufacturing,0.0
categorical__industry_description_infraredovensindustrialmanufacturing,0.0
categorical__industry_description_infraredinstrumentsindustrialprocesstypemanufacturing,0.0
categorical__industry_description_infraredanalyticalinstrumentslaboratorytypemanufacturing,0.0
categorical__industry_description_informationtechnologyrecordsmanagement,0.0
categorical__industry_description_informationmanagementcomputersystemsintegrationdesignservices,0.0
categorical__industry_description_infantjuniorfoodcanning,0.0
categorical__industry_description_infantcerealsdrymanufacturing,0.0
categorical__industry_description_insertscuttingtoolmanufacturing,0.0
categorical__industry_description_insecticidesmanufacturing,0.0
categorical__industry_description_inputoutputequipmentcomputermanufacturing,0.0
categorical__industry_description_inpatientlongtermcarerehabilitationhomecareadministration,0.0
categorical__industry_description_inpatienthospital,0.0
categorical__industry_description_inorganicpigmentsexceptboneblackcarbonblacklampblackmanufacturing,0.0
categorical__industry_description_inorganicchemicalsmerchantwholesalers,0.0
categorical__industry_description_inorganicchemicalmanufacturing,0.0
categorical__industry_description_innsbedbreakfast,0.0
categorical__industry_description_innerspringcushionsmanufacturing,0.0
categorical__industry_description_inkswritingmanufacturing,0.0
categorical__industry_description_inksprintingmanufacturing,0.0
categorical__industry_description_inkjetinksmanufacturing,0.0
categorical__industry_description_inkjetcartridgesmanufacturing,0.0
categorical__industry_description_inkeradicatorsmanufacturing,0.0
categorical__industry_description_injectionmoldingmachineryplasticsmanufacturing,0.0
categorical__industry_description_instrumentmanufacturingmeasuringtestingelectricityelectricalsignals,0.0
categorical__industry_description_instrumentmanufacturingmeasuringtesting,0.0
categorical__industry_description_instrumentlensesmanufacturing,0.0
categorical__industry_description_instrumentcontrolpanelseassemblingpurchasedgaugesautomotivetruckbusmanufacturing,0.0
categorical__industry_description_institutionalpharmaciessite,0.0
categorical__industry_description_institutionalpharmaciesoffsitemailorder,0.0
categorical__industry_description_institutionalfurnituremanufacturing,0.0
categorical__industry_description_institutionalbuildingconstructiongeneralcontractors,0.0
categorical__industry_description_institutionalbuildingconstruction,0.0
categorical__industry_description_installrebar,0.0
categorical__industry_description_installingproductionequipmentoilgasfieldcontractbasis,0.0
categorical__industry_description_installdecals,0.0
categorical__industry_description_installationphotovoltaicpanels,0.0
categorical__industry_description_inspectionweighingservicestrucktransportation,0.0
categorical__industry_description_inspectionservicesbuildinghome,0.0
categorical__industry_description_inspectionlaborstandards,0.0
categorical__industry_description_insulatingglasssealedunitsmadepurchasedglass,0.0
categorical__industry_description_insulatingglasssealedunitsmadeglassmakingplants,0.0
categorical__industry_description_insulatingbattsfillsblanketsmadepurchasedpaper,0.0
categorical__industry_description_insulatingbattsfillsblanketsfiberglassmanufacturing,0.0
categorical__industry_description_insulatedwirecablemerchantwholesalers,0.0
categorical__industry_description_insulatedwirecablemadepurchasedcopperwiredrawingplants,0.0
categorical__industry_description_insulatedwirecablemadealuminumwiredrawingplants,0.0
categorical__industry_description_instrumenttransformersexceptcompleteinstrumentsmeteringprotectiverelayingusemanufacturing,0.0
categorical__industry_description_instrumentsrelatedproductsmanufacturingmeasuringdisplayingcontrollingindustrialprocessvariables,0.0
categorical__industry_description_instrumentsrelatedproducts,0.0
categorical__industry_description_instrumentsmusicalmanufacturing,0.0
categorical__industry_description_instrumentsmechanicalmicrosurgicalmanufacturing,0.0
categorical__industry_description_instrumentsmeasuringelectricalquantitiesmanufacturing,0.0
categorical__industry_description_instrumentsindustrialprocesscontrolmanufacturing,0.0
categorical__industry_description_instrumentsexceptelectricalegcontrollingindicatingrecordingmerchantwholesalers,0.0
categorical__industry_description_instrumentmfgnoc,0.0
categorical__industry_description_insuranceclaimsadjusting,0.0
categorical__industry_description_insurancecarrierslifedirect,0.0
categorical__industry_description_insurancecarriershealthdirect,0.0
categorical__industry_description_insurancebrokerages,0.0
categorical__industry_description_insuranceagencies,0.0
categorical__industry_description_insulinpreparationsmanufacturing,0.0
categorical__industry_description_insulatorselectricalexceptglassporcelainmanufacturing,0.0
categorical__industry_description_insulationmaterialsexceptwoodmerchantwholesalers,0.0
categorical__industry_description_insulationcushioningpolystyrenefoamplasticsmanufacturing,0.0
categorical__industry_description_insulationcushioningfoamplasticsexceptpolystrenemanufacturing,0.0
categorical__industry_description_insulationcushioning,0.0
categorical__industry_description_insulationcontractor,0.0
categorical__industry_description_insulationboilerductpipeinstallation,0.0
categorical__industry_description_insulatingpurchasednonferrouswire,0.0
categorical__industry_description_intermediatecarefacilitiesintellectualdevelopmentaldisability,0.0
categorical__industry_description_interiorrepairshopsautomotive,0.0
categorical__industry_description_interiordesignservices,0.0
categorical__industry_description_interiordesignconsultingservices,0.0
categorical__industry_description_intercomsystemsequipmentmanufacturing,0.0
categorical__industry_description_intercommunicationintercomsysteminstallation,0.0
categorical__industry_description_intercityruralbustransportation,0.0
categorical__industry_description_interactivemuseums,0.0
categorical__industry_description_intellectualdevelopmentaldisabilityhospitals,0.0
categorical__industry_description_integratedmicrocircuitsmanufacturing,0.0
categorical__industry_description_insuranceunderwritingpropertycasualtydirect,0.0
categorical__industry_description_insuranceplanadministrativeservicesexceptclaimsadjustingonlythirdparty,0.0
categorical__industry_description_insuranceinvestigationservicesexceptclaimsinvestigation,0.0
categorical__industry_description_insuranceholdingcompanies,0.0
categorical__industry_description_interurbanruralbustransportation,0.0
categorical__industry_description_interurbanbuslineoperation,0.0
categorical__industry_description_interstatebuslineoperation,0.0
categorical__industry_description_interpretivecentersnature,0.0
categorical__industry_description_interpretationserviceslanguage,0.0
categorical__industry_description_internistsofficesegcentersclinics,0.0
categorical__industry_description_internetsportssites,0.0
categorical__industry_description_internetretailsalessites,0.0
categorical__industry_description_internalinventorydistributioncenter,0.0
categorical__industry_description_internalcombustionenginesexceptaircraftnondieselautomotivenondieseltruckmerchantwholesalers,0.0
categorical__industry_description_internalcombustionenginesexceptaircraftnondieselautomotivenondieseltruckmanufacturing,0.0
categorical__industry_description_internalcombustionenginesautomotivetruckgasolinemanufacturing,0.0
categorical__industry_description_internalcombustionenginesaircraftmanufacturing,0.0
categorical__industry_description_internalcombustionengineanalyzersetestingelectricalcharacteristicsmanufacturing,0.0
categorical__industry_description_intermediatecarefacility,0.0
categorical__industry_description_ironbasedpigmentsmanufacturing,0.0
categorical__industry_description_iodidesmanufacturing,0.0
categorical__industry_description_investmentmanagement,0.0
categorical__industry_description_investmentcastingssteelunfinishedmanufacturing,0.0
categorical__industry_description_investmentcastingsaluminumunfinishedmanufacturing,0.0
categorical__industry_description_investmentadvisoryservicescustomizedfeespaidclient,0.0
categorical__industry_description_investigationservicesexceptcreditprivate,0.0
categorical__industry_description_investigationservices,0.0
categorical__industry_description_inverterssolidstatemanufacturing,0.0
categorical__industry_description_invertersrotatingelectricalmanufacturing,0.0
categorical__industry_description_inventorytakingservices,0.0
categorical__industry_description_inventoryplanningcontrolmanagementconsultingservices,0.0
categorical__industry_description_inventorycounter,0.0
categorical__industry_description_inudstrialcleaning,0.0
categorical__industry_description_intravenousivsolutionpreparationsmanufacturing,0.0
categorical__industry_description_intracoastaltransportationfreight,0.0
categorical__industry_description_irrigationsystemoperation,0.0
categorical__industry_description_irrigationprojectconstructionexceptlawn,0.0
categorical__industry_description_irrigationpipesheetmetalexceptstampingsmanufacturing,0.0
categorical__industry_description_irrigationequipmentmerchantwholesalers,0.0
categorical__industry_description_irrigationequipmentagriculturemanufacturing,0.0
categorical__industry_description_irradiationfruitsvegetables,0.0
categorical__industry_description_irradiationequipmentmanufacturing,0.0
categorical__industry_description_irradiationapparatustubesegindustrialmedicaldiagnosticmedicaltherapeuticresearchscientificmanufacturing,0.0
categorical__industry_description_ironsteelpipetubemanufacturingpu,0.0
categorical__industry_description_ironsteelforging,0.0
categorical__industry_description_ironsteelerectionnoc,0.0
categorical__industry_description_ironsteelarchitecturalshapesmerchantwholesalers,0.0
categorical__industry_description_ironpigmanufacturing,0.0
categorical__industry_description_ironingboardsmetalmanufacturing,0.0
categorical__industry_description_ironfoundry,0.0
categorical__industry_description_ironforgingsmadepurchasedironunfinished,0.0
categorical__industry_description_janitorialmaintenance,0.0
categorical__industry_description_janitorialequipmentsuppliesstores,0.0
categorical__industry_description_janitorialequipmentsuppliesmerchantwholesalers,0.0
categorical__industry_description_janitorialcustodial,0.0
categorical__industry_description_janitorialconciergesecurity,0.0
categorical__industry_description_janitorialchemicalsmerchantwholesalers,0.0
categorical__industry_description_janitorial,0.0
categorical__industry_description_jailsexceptprivateoperation,0.0
categorical__industry_description_jails,0.0
categorical__industry_description_jail,0.0
categorical__industry_description_jacquardwovenfabricsweaving,0.0
categorical__industry_description_jackshydraulicpneumaticmanufacturing,0.0
categorical__industry_description_jacketsindustrialfabricatedmetalplateworkmanufacturing,0.0
categorical__industry_description_jacketsbullete30mmless118inchlessmanufacturing,0.0
categorical__industry_description_ivapparatusmanufacturing,0.0
categorical__industry_description_issueturnsoldierclothingequip,0.0
categorical__industry_description_jewelrystoresprecious,0.0
categorical__industry_description_jewelryrepairshopsretailingnewjewelry,0.0
categorical__industry_description_jewelrypreciousmetalmanufacturing,0.0
categorical__industry_description_jewelrymerchantwholesalers,0.0
categorical__industry_description_jetpropulsioninternalcombustionenginespartsaircraftmanufacturing,0.0
categorical__industry_description_jetenginecomponents,0.0
categorical__industry_description_jetaircraftenginesmfgassytest,0.0
categorical__industry_description_jelliesjamsmanufacturing,0.0
categorical__industry_description_jeancutcasualslacksmensboyscutsewnpurchasedfabricexceptapparelcontractors,0.0
categorical__industry_description_jarsplasticsmanufacturing,0.0
categorical__industry_description_japanningmetalsmetalproductstrade,0.0
categorical__industry_description_janitorialservs,0.0
categorical__industry_description_janitorialservicessecurity,0.0
categorical__industry_description_janitorialservicesaircraft,0.0
categorical__industry_description_janitorialsecuritystaffingservices,0.0
categorical__industry_description_janitorialpestcontrolservs,0.0
categorical__industry_description_juicescannedfreshmerchantwholesalers,0.0
categorical__industry_description_juiceextractorsefoodmanufacturingtypemanufacturing,0.0
categorical__industry_description_judicialcourt,0.0
categorical__industry_description_jrsimplotcompanyidahonevadaranches,0.0
categorical__industry_description_joistssheetmetalexceptstampingsmanufacturing,0.0
categorical__industry_description_joistsfabricatedbarmanufacturing,0.0
categorical__industry_description_jointcompoundsgypsumbasedmanufacturing,0.0
categorical__industry_description_jointcompoundsexceptgypsumbasemanufacturing,0.0
categorical__industry_description_accountingservices,0.0
categorical__industry_description_accountingmachinesmerchantwholesalers,0.0
categorical__industry_description_jobprintingscreen,0.0
categorical__industry_description_jobprintingoffsetexceptbooks,0.0
categorical__industry_description_jobcounselingvocationalrehabilitationhabilitation,0.0
categorical__industry_description_jigsfixturesusemachinetoolsmanufacturing,0.0
categorical__industry_description_jigsegcheckinggauginginspectionmanufacturing,0.0
categorical__industry_description_jigsawswoodworkingtypestationarymanufacturing,0.0
categorical__industry_description_keyboardscomputerperipheralequipmentmanufacturing,0.0
categorical__industry_description_keyblanksmetalmanufacturing,0.0
categorical__industry_description_kettlesheavygaugemetalmanufacturing,0.0
categorical__industry_description_kennelsbreedingraisingstocksale,0.0
categorical__industry_description_kaolinprocessingbeyondbeneficiation,0.0
categorical__industry_description_k5school,0.0
categorical__industry_description_k5elementaryschool,0.0
categorical__industry_description_accountingecpasservicescertifiedpublic,0.0
categorical__industry_description_juvenilehalfwaygrouphomes,0.0
categorical__industry_description_juniorhighschools,0.0
categorical__industry_description_juniorcolleges,0.0
categorical__industry_description_junctionboxeselectricalwiringmanufacturing,0.0
categorical__industry_description_juicesfruitvegetablefrozenmanufacturing,0.0
categorical__industry_description_juicesfruitvegetablefreshmanufacturing,0.0
categorical__industry_description_juicesfruitvegetableconcentratesfrozenmanufacturing,0.0
categorical__industry_description_juicesfruitvegetablecannedmanufacturing,0.0
categorical__industry_description_kitchenwarewoodmanufacturing,0.0
categorical__industry_description_kitchenwarestores,0.0
categorical__industry_description_kitchenwaresemivitreousearthenwaremanufacturing,0.0
categorical__industry_description_kitchenutensilsplasticsmanufacturing,0.0
categorical__industry_description_kitchenfurniturewoodhouseholdtypemanufacturing,0.0
categorical__industry_description_kitchendegreasingcleaningpreparationsmanufacturing,0.0
categorical__industry_description_kitchencutlerynonpreciouspreciousplatedmetalmanufacturing,0.0
categorical__industry_description_kitchencabinetsexceptfreestandingstockcustomwoodmanufacturing,0.0
categorical__industry_description_kitchencabinetscountersconstructedsite,0.0
categorical__industry_description_kitchencabinetexceptcustomstores,0.0
categorical__industry_description_kitassemblingpackagingservices,0.0
categorical__industry_description_kilnsecementchemicalwoodmanufacturing,0.0
categorical__industry_description_kilndryinglumber,0.0
categorical__industry_description_kidneydialysiscentersclinics,0.0
categorical__industry_description_kidneydialysiscenters,0.0
categorical__industry_description_keylessentrysystemsautomotivetruckbusmanufacturing,0.0
categorical__industry_description_accountcollectionservices,0.0
categorical__industry_description_laboratoriesmedicalradiologicalxray,0.0
categorical__industry_description_laboratoriesmedicalexceptradiologicalxray,0.0
categorical__industry_description_labelstextilemerchantwholesalers,0.0
categorical__industry_description_labelscommercialprintingexceptscreenjoborderbasis,0.0
categorical__industry_description_labelmakingequipmenthandheldmanufacturing,0.0
categorical__industry_description_labelingservices,0.0
categorical__industry_description_labelingepackagingmachinerymanufacturing,0.0
categorical__industry_description_kraftpaperstockmanufacturing,0.0
categorical__industry_description_kraftlinerboardmanufacturing,0.0
categorical__industry_description_knivessurgicalmanufacturing,0.0
categorical__industry_description_kniveseghuntingpockettablenonprecioustablepreciousplatedmanufacturing,0.0
categorical__industry_description_knivesbitsmetalworkinglathesplanersshapersmanufacturing,0.0
categorical__industry_description_knittingspunyarnsegcottonmanmadefibersilkwoolmadepurchasedfiber,0.0
categorical__industry_description_knittingfinishingwarpweftfabric,0.0
categorical__industry_description_knifebladesmanufacturing,0.0
categorical__industry_description_ladderjacksmetalmanufacturing,0.0
categorical__industry_description_lactosemanufacturing,0.0
categorical__industry_description_lacquersmanufacturing,0.0
categorical__industry_description_lacqueringovensmanufacturing,0.0
categorical__industry_description_laborunionsexceptapprenticeshipprograms,0.0
categorical__industry_description_laborleasingservices,0.0
categorical__industry_description_laborexceptfarmcontractorsepersonnelsuppliers,0.0
categorical__industry_description_laboratorytypesamplepreparationapparatusmanufacturing,0.0
categorical__industry_description_laboratorytypefreezersmanufacturing,0.0
categorical__industry_description_laboratorytestingservicesmedicalradiologicalxray,0.0
categorical__industry_description_accountantsexceptcpasoffices,0.0
categorical__industry_description_laboratorytestingexceptmedicalveterinaryservices,0.0
categorical__industry_description_laboratoryglasswareegbeakerstesttubesvialsmadeglassmakingplants,0.0
categorical__industry_description_laboratoryequipmentdentalmedicalmerchantwholesalers,0.0
categorical__industry_description_laboratoryanimalproductionegguineapigsmicerats,0.0
categorical__industry_description_laboratoryanalyticalopticalinstrumentsegmicroscopesmanufacturing,0.0
categorical__industry_description_laminatingpurchasedpaperboard,0.0
categorical__industry_description_laminatingpurchasedfoilsheetsnonpackagingapplications,0.0
categorical__industry_description_laminatingmetalsmetalformedproductsfabricating,0.0
categorical__industry_description_laminatingfoilflexiblepackagingapplications,0.0
categorical__industry_description_laminatedveneerlumberlvlmanufacturing,0.0
categorical__industry_description_laminatedsurfacecoatedpaperboard,0.0
categorical__industry_description_laminatedstructuralwoodmembersexcepttrussesmanufacturing,0.0
categorical__industry_description_laminatedplasticsplatesheetexceptpackagingshapemanufacturing,0.0
categorical__industry_description_laminatedplasticsplatesheetexceptpackaging,0.0
categorical__industry_description_laminatedplasticsplaterodsheetmanufacturing,0.0
categorical__industry_description_laminatedplasticplatesheetexceptpackagingshapemanufacturing,0.0
categorical__industry_description_laminatedglassmadepurchasedglass,0.0
categorical__industry_description_laminatedglassmadeglassmakingplants,0.0
categorical__industry_description_laminatedglass,0.0
categorical__industry_description_lambcarcasseshalfcarcassesprimalsubprimalcutsproducedslaughteringplants,0.0
categorical__industry_description_laddersportablemetalmanufacturing,0.0
categorical__industry_description_landmanagementprogramadministration,0.0
categorical__industry_description_landinggearmanufacturingassembly,0.0
categorical__industry_description_landinggearassemblytesting,0.0
categorical__industry_description_landfills,0.0
categorical__industry_description_landexceptcemeteriessubdividers,0.0
categorical__industry_description_landdrainagecontractors,0.0
categorical__industry_description_landclearing,0.0
categorical__industry_description_lampsxraymanufacturing,0.0
categorical__industry_description_lampsocketsreceptacleseelectricwiringdevicesmanufacturing,0.0
categorical__industry_description_lampshadeframesmetalmanufacturing,0.0
categorical__industry_description_lampselightingfixturesresidentialelectricmanufacturing,0.0
categorical__industry_description_lampselightingfixturesmerchantwholesalers,0.0
categorical__industry_description_laminatorwoolfiberglassinsulation,0.0
categorical__industry_description_laminatingpurchasedtextiles,0.0
categorical__industry_description_laminatingpurchasedpaperspackagingapplications,0.0
categorical__industry_description_laminatingpurchasedpapersnonpackagingapplications,0.0
categorical__industry_description_landsubdividingutilityinstallationegelectricsewerwater,0.0
categorical__industry_description_landscapingservicesexceptplanning,0.0
categorical__industry_description_landscapingservices,0.0
categorical__industry_description_landscapinglawncare,0.0
categorical__industry_description_landscaping,0.0
categorical__industry_description_landscaperestaurants,0.0
categorical__industry_description_landscapeplanningservices,0.0
categorical__industry_description_landscapeinstallationservices,0.0
categorical__industry_description_landscapedesignservices,0.0
categorical__industry_description_landscapedesignbuildmaintain,0.0
categorical__industry_description_landscapecontractorsexceptconstruction,0.0
categorical__industry_description_landscapeconsultingservices,0.0
categorical__industry_description_landscapearchitecturalservices,0.0
categorical__industry_description_landpreparationmachineryconstructionmerchantwholesalers,0.0
categorical__industry_description_landpreparationmachineryconstructionmanufacturing,0.0
categorical__industry_description_landmanservices,0.0
categorical__industry_description_accountantsecpasofficescertifiedpublic,0.0
categorical__industry_description_laundryservicesindustrial,0.0
categorical__industry_description_laundryservicesexceptcoinoperatedlinensupplyuniformsupply,0.0
categorical__industry_description_laundrymachineryequipmentsuppliescommercialmerchantwholesalers,0.0
categorical__industry_description_laundrymachineryequipmentexcepthouseholdtypemanufacturing,0.0
categorical__industry_description_laundryequipmentegdryerswashershouseholdtypemanufacturing,0.0
categorical__industry_description_accidenthealthinsurance,0.0
categorical__industry_description_laundriesexceptcoinoperatedlinensupplyuniformsupply,0.0
categorical__industry_description_launderersindustrial,0.0
categorical__industry_description_latexrubbersyntheticmanufacturing,0.0
categorical__industry_description_latexpaintewaterbasedmanufacturing,0.0
categorical__industry_description_lasersystemsequipmentmedicalmanufacturing,0.0
categorical__industry_description_laserdiodesmanufacturing,0.0
categorical__industry_description_laserboringdrillingcuttingmachinesmetalworkingmanufacturing,0.0
categorical__industry_description_lanternsegcarbideelectricgasgasolinekerosenemanufacturing,0.0
categorical__industry_description_landsurveyingservices,0.0
categorical__industry_description_lawnmaintenancetreetrimmingroadconstruction,0.0
categorical__industry_description_lawnmaintenanceservices,0.0
categorical__industry_description_lawnmaintenancemachineryequipmentmerchantwholesalers,0.0
categorical__industry_description_lawngardenservices,0.0
categorical__industry_description_lawngardenequipmentmanufacturing,0.0
categorical__industry_description_lawnfurnituremetalmanufacturing,0.0
categorical__industry_description_lawncaresuppliesegchemicalsfertilizerspesticidesmerchantwholesalers,0.0
categorical__industry_description_lawncareservicesegfertilizingmowingseedingspraying,0.0
categorical__industry_description_lawncaremaintenance,0.0
categorical__industry_description_lawncarelandscapingsnowremoval,0.0
categorical__industry_description_lawfirms,0.0
categorical__industry_description_lawfirm,0.0
categorical__industry_description_lawenforcementstatisticscentersgovernment,0.0
categorical__industry_description_lawenforcementknoxcounty,0.0
categorical__industry_description_laundrytubsplasticsmanufacturing,0.0
categorical__industry_description_laundrysoapchipspowdermanufacturing,0.0
categorical__industry_description_leadoreminingbeneficiating,0.0
categorical__industry_description_leadleadalloybarpipeplaterodsheetstriptubingmadepurchasedmetalsscrap,0.0
categorical__industry_description_leadacidstoragebatteriesmanufacturing,0.0
categorical__industry_description_leadacidbatterymanufacturing,0.0
categorical__industry_description_leadacidbatterymanufacturer,0.0
categorical__industry_description_layertypechickenproduction,0.0
categorical__industry_description_lawyersoffices,0.0
categorical__industry_description_lawoffices,0.0
categorical__industry_description_lawnsupplystores,0.0
categorical__industry_description_lawnsprinklersysteminstallation,0.0
categorical__industry_description_lawnpowerequipmentstores,0.0
categorical__industry_description_lawnmowingservices,0.0
categorical__industry_description_lawnmowersnonpoweredmanufacturing,0.0
categorical__industry_description_lawnmowersmerchantwholesalers,0.0
categorical__industry_description_lawnmowersexceptagriculturaltypepoweredmanufacturing,0.0
categorical__industry_description_lawnmowersagriculturaltypepoweredmanufacturing,0.0
categorical__industry_description_legalcounselprosecution,0.0
categorical__industry_description_accidentaldeathdismembermentinsurancecarriersdirect,0.0
categorical__industry_description_legalaidservices,0.0
categorical__industry_description_ledlightemittingdiodemanufacturing,0.0
categorical__industry_description_leathertanningcurryingfinishing,0.0
categorical__industry_description_leathergoodsstores,0.0
categorical__industry_description_leathergoodsexceptbeltingfootwearhandbagsglovesluggagemerchantwholesalers,0.0
categorical__industry_description_leathercutstockshoebootmerchantwholesalers,0.0
categorical__industry_description_leathercoloringcuttingembossingjapanning,0.0
categorical__industry_description_leasetankcleaningrepairingcontractbasis,0.0
categorical__industry_description_learningcentersofferingremedialcourses,0.0
categorical__industry_description_leadzincoreminingbeneficiating,0.0
categorical__industry_description_accessflooringinstallation,0.0
categorical__industry_description_leadrollingdrawingextrudingpurchasedmetalsscrap,0.0
categorical__industry_description_leadrecoveringscrapalloyingpurchasedmetals,0.0
categorical__industry_description_leadoxidesexceptpigmentsmanufacturing,0.0
categorical__industry_description_lessorsnonresidentialbuildingsexceptminiwarehouses,0.0
categorical__industry_description_lessorsnonresidentialbuildings,0.0
categorical__industry_description_lessorsminiwarehouses,0.0
categorical__industry_description_lensmountsophthalmicmanufacturing,0.0
categorical__industry_description_lensgrindingophthalmicexceptretailstores,0.0
categorical__industry_description_lensgrindingexceptophthalmic,0.0
categorical__industry_description_lensesophthalmicmanufacturing,0.0
categorical__industry_description_lensesexceptophthalmicmanufacturing,0.0
categorical__industry_description_lenscoatingophthalmic,0.0
categorical__industry_description_lenscoatingexceptophthalmic,0.0
categorical__industry_description_lensblanksplasticsophthalmicopticalmanufacturing,0.0
categorical__industry_description_lensblanksophthalmicmerchantwholesalers,0.0
categorical__industry_description_acceleratorsebasicsyntheticchemicalmanufacturing,0.0
categorical__industry_description_accelerationindicatorssystemscomponentsaerospacetypemanufacturing,0.0
categorical__industry_description_legislativebodiesegfederallocalstate,0.0
categorical__industry_description_legalmatters,0.0
categorical__industry_description_licoricecandymanufacturing,0.0
categorical__industry_description_licensingpermitissuanceprofessionaloccupationsgovernment,0.0
categorical__industry_description_licensingpermitissuancebusinessoperationsgovernment,0.0
categorical__industry_description_academiesridinginstruction,0.0
categorical__industry_description_librariesarchives,0.0
categorical__industry_description_levelscarpentersmanufacturing,0.0
categorical__industry_description_levelgaugesradiationtypemanufacturing,0.0
categorical__industry_description_levelbulkmeasuringinstrumentsindustrialprocesstypemanufacturing,0.0
categorical__industry_description_leveeconstruction,0.0
categorical__industry_description_lettucefarmingfieldbeddingplantseedproduction,0.0
categorical__industry_description_letterssignsmanufacturing,0.0
categorical__industry_description_lettersdiecutmadepurchasedcardboard,0.0
categorical__industry_description_2,0.0
categorical__industry_description_lessorsresidentialbuildingsdwe,0.0
categorical__industry_description_alloyingpurchasedcoppermetals,0.0
categorical__industry_description_lessorsotherrealestateproperty,0.0
categorical__industry_description_lightingmaintenanceservicesegbulbfusereplacementcleaning,0.0
categorical__industry_description_lightingfixturesresidentialelectricmanufacturing,0.0
categorical__industry_description_lightingfixturesinstitutionalelectricmanufacturing,0.0
categorical__industry_description_lightingfixturesindustrialelectricmanufacturing,0.0
categorical__industry_description_lightingfixtureselectricmerchantwholesalers,0.0
categorical__industry_description_lightingfixturescommercialelectricmanufacturing,0.0
categorical__industry_description_lightingfixturesairportegapproachramprunwaytaximanufacturing,0.0
categorical__industry_description_lightingequipmentgasmerchantwholesalers,0.0
categorical__industry_description_lightingdesignservices,0.0
categorical__industry_description_lighterscigarcigaretteexceptmotorvehiclepreciousmetalmanufacturing,0.0
categorical__industry_description_lightbulbsmerchantwholesalers,0.0
categorical__industry_description_lifesciencesresearchdevelopmentlaboratoriesservicesexceptbiotechnologyresearchdevelopment,0.0
categorical__industry_description_lifepreserversmanufacturing,0.0
categorical__industry_description_lifeinsurancecarriersdirect,0.0
categorical__industry_description_liedetectorsmanufacturing,0.0
categorical__industry_description_lidsendscanlightgaugemetalmanufacturing,0.0
categorical__industry_description_limestoneexceptbituminouscrushedbrokenstoneminingbeneficiating,0.0
categorical__industry_description_limestonebituminousminingbeneficiating,0.0
categorical__industry_description_limeproduction,0.0
categorical__industry_description_limeagriculturalmerchantwholesalers,0.0
categorical__industry_description_lignitesurfaceminingbeneficiating,0.0
categorical__industry_description_lightutilitytrucksassemblingchassisownmanufacture,0.0
categorical__industry_description_lightutilitytruckdealersnewonlynewused,0.0
categorical__industry_description_lightreconnaissancesurveillancesystemsequipmentmanufacturing,0.0
categorical__industry_description_lightrailsystemsexceptmixedmodecommuter,0.0
categorical__industry_description_lightrailsystemconstruction,0.0
categorical__industry_description_lightrailcarsequipmentmanufacturing,0.0
categorical__industry_description_lightningrodconductorinstallation,0.0
categorical__industry_description_lightningprotectionequipmentmanufacturing,0.0
categorical__industry_description_lightningprotectionequipmenteglightningrodinstallation,0.0
categorical__industry_description_lightingtransformersstreetairportmanufacturing,0.0
categorical__industry_description_lightingretail,0.0
categorical__industry_description_lineslasherightswaymaintenanceservices,0.0
categorical__industry_description_linersindustrialfabricatedmetalplateworkmanufacturing,0.0
categorical__industry_description_linensupplyservices,0.0
categorical__industry_description_linensupply,0.0
categorical__industry_description_linensegbathbedtablemerchantwholesalers,0.0
categorical__industry_description_linegrocerymerchantwholesalers,0.0
categorical__industry_description_linearrollerbearingsmanufacturing,0.0
categorical__industry_description_lineaccessserviceprovidersusingownoperatedwiredtelecommunicationsinfrastructure,0.0
categorical__industry_description_lineaccessserviceprovidersusingclientsuppliedtelecommunicationsegdialupisps,0.0
categorical__industry_description_limousineshiredriverexcepttaxis,0.0
categorical__industry_description_limousineservice,0.0
categorical__industry_description_limousinerentaldriver,0.0
categorical__industry_description_limitedservicerestaurants,0.0
categorical__industry_description_limitedservicerestaurant,0.0
categorical__industry_description_limestonequarrymill,0.0
categorical__industry_description_limestoneminingquarrying,0.0
categorical__industry_description_lithiumbatteriesprimarymanufacturing,0.0
categorical__industry_description_liquorstorespackage,0.0
categorical__industry_description_liquorsmerchantwholesalers,0.0
categorical__industry_description_liquorsdistillingblendingexceptbrandy,0.0
categorical__industry_description_liquorsdistilledmerchantwholesalers,0.0
categorical__industry_description_liquorchocolatemadepurchasedchocolate,0.0
categorical__industry_description_liquidsugarmanufacturing,0.0
categorical__industry_description_liquidsnaturalgasegethaneisobutanenaturalgasolinepropanerecoveredoilgasfieldgases,0.0
categorical__industry_description_liquidlevelinstrumentsindustrialprocesstypemanufacturing,0.0
categorical__industry_description_liquidairmanufacturing,0.0
categorical__industry_description_liquefiedpetroleumgaslpgmerchantwholesalersexceptbulkstationsterminals,0.0
categorical__industry_description_liquefiedpetroleumgaslpgdealersdirectselling,0.0
categorical__industry_description_liquefiedpetroleumgaseslpgnatural,0.0
categorical__industry_description_lipbalmsmanufacturing,0.0
categorical__industry_description_lintelsconcretemanufacturing,0.0
categorical__industry_description_lingeriemerchantwholesalers,0.0
categorical__industry_description_localbusservicesexceptmixedmode,0.0
categorical__industry_description_localareanetworklancommunicationsequipmentegbridgesgatewaysroutersmanufacturing,0.0
categorical__industry_description_lobbyistsoffices,0.0
categorical__industry_description_loadingunloadingtruckterminals,0.0
categorical__industry_description_loadingunloadingservicesrailterminals,0.0
categorical__industry_description_loadingprintedcircuitboards,0.0
categorical__industry_description_loadingmachinesundergroundminingmanufacturing,0.0
categorical__industry_description_loadedcomputerboardsmanufacturing,0.0
categorical__industry_description_livingroomfurnitureupholsteredmanufacturing,0.0
categorical__industry_description_livestocktruckinglongdistance,0.0
categorical__industry_description_alloyingpurchasedcopper,0.0
categorical__industry_description_livestockfeedssupplementsconcentratespremixesmanufacturing,0.0
categorical__industry_description_livestockfeedsmerchantwholesalers,0.0
categorical__industry_description_liveartscenteroperators,0.0
categorical__industry_description_lithographicinksmanufacturing,0.0
categorical__industry_description_lithiumcompoundsnotspecifiedelsewhereprocessmanufacturing,0.0
categorical__industry_description_agriculturalproductstruckinglocal,0.0
categorical__industry_description_agriculturalorganizationsexceptyouthfarmingorganizationsfarmgranges,0.0
categorical__industry_description_allothertransportation,0.0
categorical__industry_description_agriculturalmachineryequipmentrentalleasing,0.0
categorical__industry_description_agriculturalmachineryequipmentmerchantwholesalers,0.0
categorical__industry_description_agriculturallimestoneminingbeneficiating,0.0
categorical__industry_description_agriculturallimestonemerchantwholesalers,0.0
categorical__industry_description_agriculturalimplementsmerchantwholesalers,0.0
categorical__industry_description_agriculturalecroplivestockinsurancecarriersdirect,0.0
categorical__industry_description_agriculturalcooperativeextensionprogramadministration,0.0
categorical__industry_description_agriculturalcooperative,0.0
categorical__industry_description_agriculturalconsultingservices,0.0
categorical__industry_description_agreementcorporationexceptinternationaltradefinancing,0.0
categorical__industry_description_agingservicesprogramselderlycitizens,0.0
categorical__industry_description_aggressinsexceptvitromanufacturing,0.0
categorical__industry_description_localcodeenforcement,0.0
categorical__industry_description_localsuburbanpassengertransportation,0.0
categorical__industry_description_localpassengertransportationnotelsewhereclassified,0.0
categorical__industry_description_allotherspecialtytradecontractors,0.0
categorical__industry_description_localletterparceldeliveryservicesexceptpartintercitycarriernetworkuspostalservice,0.0
categorical__industry_description_localgovttransit,0.0
categorical__industry_description_localgovtparksrec,0.0
categorical__industry_description_localgovtlibrary,0.0
categorical__industry_description_localgovtlawenforcement,0.0
categorical__industry_description_localgovtfire,0.0
categorical__industry_description_localgovtfinance,0.0
categorical__industry_description_localgovtengineeringpublicworksadminparking,0.0
categorical__industry_description_localgovtairport,0.0
categorical__industry_description_localgovt911communications,0.0
categorical__industry_description_allotherrubberproductmanufacturing,0.0
categorical__industry_description_localgovernment,0.0
categorical__industry_description_localgoverment,0.0
categorical__industry_description_logharvesting,0.0
categorical__industry_description_loggingtrailersmanufacturing,0.0
categorical__industry_description_loggingroadconstruction,0.0
categorical__industry_description_logging,0.0
categorical__industry_description_logdebarkingmachinerystationarymanufacturing,0.0
categorical__industry_description_lodginghospitality,0.0
categorical__industry_description_lodging,0.0
categorical__industry_description_locomotivesmanufacturing,0.0
categorical__industry_description_locomotiverailcarrepairexceptfactoryconversionfactoryoverhaulfactoryrebuilding,0.0
categorical__industry_description_lockssecuritymerchantwholesalers,0.0
categorical__industry_description_locksexceptcoinoperatedtimelocksmetalmanufacturing,0.0
categorical__industry_description_lockersexceptrefrigeratedmanufacturing,0.0
categorical__industry_description_locatingundergroundutilitylinespriordigging,0.0
categorical__industry_description_localtruckingwostorage,0.0
categorical__industry_description_localtransitsystemsmixedmodeegbuscommuterrailsubwaycombinations,0.0
categorical__industry_description_localtelephonecarrierswired,0.0
categorical__industry_description_lotionsegbodyfacehandmanufacturing,0.0
categorical__industry_description_looseleafbindersdevicesmanufacturing,0.0
categorical__industry_description_longtermcaremanagementcompany,0.0
categorical__industry_description_longtermcarefacility,0.0
categorical__industry_description_longtermcareassistedindependentlivingservices,0.0
categorical__industry_description_longtermcare,0.0
categorical__industry_description_longtermacutecareinpatient,0.0
categorical__industry_description_longtermacutecarefacility,0.0
categorical__industry_description_longshoremenservices,0.0
categorical__industry_description_allotherprofessionalscientifictechnicalservices,0.0
categorical__industry_description_logsgasfireplacemanufacturing,0.0
categorical__industry_description_logisticstransportationvehmaint,0.0
categorical__industry_description_logisticsmanagementconsultingservices,0.0
categorical__industry_description_loghomeconstructiongeneralcontractors,0.0
categorical__industry_description_loghaulinglongdistance,0.0
categorical__industry_description_loghaulinglocal,0.0
categorical__industry_description_luggageallmaterialsmanufacturing,0.0
categorical__industry_description_lubricatingoilsgreasespetroleummaderefinedpetroleum,0.0
categorical__industry_description_lubricatingoilsgreasesmerchantwholesalersexceptbulkstationsterminals,0.0
categorical__industry_description_lubricatingoilsgreasesmadepetroleumrefineries,0.0
categorical__industry_description_lubricatingoilsgreasesbulkstationsterminals,0.0
categorical__industry_description_ltllesstruckloadlongdistancefreighttrucking,0.0
categorical__industry_description_allotheroutpatientcarecenters,0.0
categorical__industry_description_lowincomehousingsinglefamilyconstructiongeneralcontractors,0.0
categorical__industry_description_lowincomehousingmultifamilyconstructiongeneralcontractors,0.0
categorical__industry_description_lowincomehousingconstructionsalebuilders,0.0
categorical__industry_description_lowincomeelderlyhousing,0.0
categorical__industry_description_louverwindowsmetalmanufacturing,0.0
categorical__industry_description_louverssheetmetalexceptstampingsmanufacturing,0.0
categorical__industry_description_loudspeakersmanufacturing,0.0
categorical__industry_description_lotterycorporations,0.0
categorical__industry_description_lotterycontrolboardsnonoperating,0.0
categorical__industry_description_lumberyardnewmaterialsonlyallotheremloyees,0.0
categorical__industry_description_lumberyard,0.0
categorical__industry_description_lumberwoodworkingdistributor,0.0
categorical__industry_description_lumberstorageterminals,0.0
categorical__industry_description_lumbersoftwooddimensionmadelogsbolts,0.0
categorical__industry_description_lumberretailingyards,0.0
categorical__industry_description_lumberremanufacturing,0.0
categorical__industry_description_lumberplywoodmillworkwoodpanelmerchantwholesalers,0.0
categorical__industry_description_lumbermanufacturing,0.0
categorical__industry_description_lumberhardwooddimensionresawingpurchasedlumber,0.0
categorical__industry_description_lumberhardwooddimensionmadelogsbolts,0.0
categorical__industry_description_lumbereroughdressedmadelogsbolts,0.0
categorical__industry_description_lumberegdressedfinishedroughmerchantwholesalers,0.0
categorical__industry_description_allothermiscellaneouswoodproductmanufacturing,0.0
categorical__industry_description_lugsconnectorselectricalmanufacturing,0.0
categorical__industry_description_luggagerackscartopautomotivetruckbusmanufacturing,0.0
categorical__industry_description_machinetoolmanufacturing,0.0
categorical__industry_description_machinetoolattachmentsaccessoriesmanufacturing,0.0
categorical__industry_description_machineshop,0.0
categorical__industry_description_machinerymanufacturingturbineturbinegeneratorsetunitsmanufacturing,0.0
categorical__industry_description_machinerymanufacturing,0.0
categorical__industry_description_machineryequipmentsuppliesmerchantwholesalers,0.0
categorical__industry_description_machineryequipmentlargescaleinstallation,0.0
categorical__industry_description_machineryconstructionexceptcranesrentaloperator,0.0
categorical__industry_description_machinerigging,0.0
categorical__industry_description_machineknivesexceptmetalcuttingmanufacturing,0.0
categorical__industry_description_machineguardssheetmetalexceptstampingsmanufacturing,0.0
categorical__industry_description_allothermiscellaneoustextileproductmills,0.0
categorical__industry_description_macaronifrozenmanufacturing,0.0
categorical__industry_description_luxuryautomobileshiredriverexcepttaxis,0.0
categorical__industry_description_luncheonmeatpoultrymanufacturing,0.0
categorical__industry_description_luncheonmeatexceptpoultrymadepurchasedcarcasses,0.0
categorical__industry_description_magnetspermanentceramicferritemanufacturing,0.0
categorical__industry_description_magnetrontubesmanufacturing,0.0
categorical__industry_description_magnetometersmanufacturing,0.0
categorical__industry_description_magneticresonanceimagingmricenters,0.0
categorical__industry_description_magneticgeophysicalsurveyingservices,0.0
categorical__industry_description_magnesiumrefiningprimary,0.0
categorical__industry_description_magnesiumdiecastingsunfinishedmanufacturing,0.0
categorical__industry_description_magnesiumcompoundsnotspecifiedelsewhereprocessmanufacturing,0.0
categorical__industry_description_magnesitecrudeegcalcineddeadburnedgroundmanufacturing,0.0
categorical__industry_description_magazinepublishersprintingcombined,0.0
categorical__industry_description_machinistsprecisionmeasuringtoolsmerchantwholesalers,0.0
categorical__industry_description_machiningmetalparts,0.0
categorical__industry_description_machinetoolsrepairmaintenanceservices,0.0
categorical__industry_description_machinetoolsmetalformingmanufacturing,0.0
categorical__industry_description_machinetoolsmetalcuttingmanufacturing,0.0
categorical__industry_description_machinetoolsaccessoriesmerchantwholesalers,0.0
categorical__industry_description_allothermiscellaneousnonmetallicmineralproductmanufacturing,0.0
categorical__industry_description_maintenancerepairrebuildingequipmentenginesturbinescomponents,0.0
categorical__industry_description_maintenance,0.0
categorical__industry_description_maintainence,0.0
categorical__industry_description_mailpresortingservices,0.0
categorical__industry_description_mailorderhouses,0.0
categorical__industry_description_mailordercatalog,0.0
categorical__industry_description_mailinglistpublishersexceptexclusiveinternetpublishing,0.0
categorical__industry_description_mailingcasestubespaperfibereallfibernonfiberendsanymaterialmadepurchasedpaperboard,0.0
categorical__industry_description_mailhandlingmachinerypostofficetypemanufacturing,0.0
categorical__industry_description_maildeliverytrucking,0.0
categorical__industry_description_mailboxeslightgaugemetalmanufacturing,0.0
categorical__industry_description_maidservicesecleaningservices,0.0
categorical__industry_description_magnetwireinsulatedmadepurchasedcopperwiredrawingplants,0.0
categorical__industry_description_magnetwireinsulatedmadealuminumwiredrawingplants,0.0
categorical__industry_description_magnetspermanentmetallicmanufacturing,0.0
categorical__industry_description_managementservicesexceptcompleteoperationclientsbusiness,0.0
categorical__industry_description_managementconsultingservices,0.0
categorical__industry_description_managementcompaniesenterprises,0.0
categorical__industry_description_mammogramebreastimagingcenters,0.0
categorical__industry_description_maltmanufacturing,0.0
categorical__industry_description_maltliquorbrewing,0.0
categorical__industry_description_mallpropertyoperationenotoperatingcontainedbusinessesrentalleasing,0.0
categorical__industry_description_malleableironfoundries,0.0
categorical__industry_description_maleicanhydridemanufacturing,0.0
categorical__industry_description_makeupecosmeticsmanufacturing,0.0
categorical__industry_description_majorleaguebaseballclubs,0.0
categorical__industry_description_maintnance,0.0
categorical__industry_description_maintenanceserviceswaterfrontterminalexceptdredging,0.0
categorical__industry_description_maintenanceservicesrunway,0.0
categorical__industry_description_maintenancerollingstock,0.0
categorical__industry_description_maintenancerightswaystructuresrailway,0.0
categorical__industry_description_manganesedioxidemanufacturing,0.0
categorical__industry_description_managingresidentialrealestate,0.0
categorical__industry_description_managingresidentialcondominiums,0.0
categorical__industry_description_managingofficesprofessionalsegdentistsphysicianssurgeons,0.0
categorical__industry_description_managingofficesphysicianssurgeons,0.0
categorical__industry_description_managingoffices,0.0
categorical__industry_description_managingcooperativeapartments,0.0
categorical__industry_description_managingcommercialrealestate,0.0
categorical__industry_description_managerssportseventsfacilities,0.0
categorical__industry_description_managersofficesresidentialrealestate,0.0
categorical__industry_description_managersofficesresidentialcondominium,0.0
categorical__industry_description_managersofficescommercialrealestate,0.0
categorical__industry_description_managersofficescommercialcondominium,0.0
categorical__industry_description_managersliveperformingartsproductionsegconcertsfacilities,0.0
categorical__industry_description_allothermiscellaneousmanufacturing,0.0
categorical__industry_description_managementservicesfarm,0.0
categorical__industry_description_manufactureassemblytraileraxlessuspensionswheelendassembliesheavyvehiclesystems,0.0
categorical__industry_description_manufactureanalyticallaboratoryinstruments,0.0
categorical__industry_description_manufacturealuminumfoilpans,0.0
categorical__industry_description_manufactureaircraftengineparts,0.0
categorical__industry_description_manufacture,0.0
categorical__industry_description_manufactuer,0.0
categorical__industry_description_manufactrerretailfixtures,0.0
categorical__industry_description_mantelmarblestoneinstallation,0.0
categorical__industry_description_manmadestaplespunyarnsmadepurchasedfiber,0.0
categorical__industry_description_manmadenoncellulosicfibersfilamentsmanufacturing,0.0
categorical__industry_description_manmadefiberthreadmanufacturing,0.0
categorical__industry_description_manmadefabricsilkbroadwovenfabricmills,0.0
categorical__industry_description_manifoldspipemadepurchasedmetalpipe,0.0
categorical__industry_description_manifoldseintakeexhaustautomotivetruckgasolineenginemanufacturing,0.0
categorical__industry_description_manifoldbusinessformsprinting,0.0
categorical__industry_description_manicurepreparationsmanufacturing,0.0
categorical__industry_description_manufacturedhomecommunity,0.0
categorical__industry_description_manufacturedgasproductiondistribution,0.0
categorical__industry_description_manufacturedesignminiturepumps,0.0
categorical__industry_description_manufacturecompositcans,0.0
categorical__industry_description_manufacturechocolatehazelnutspread,0.0
categorical__industry_description_manufacturecharcoalbriquets,0.0
categorical__industry_description_manufactureceramicmaterials,0.0
categorical__industry_description_manufacturecarbonproducts,0.0
categorical__industry_description_manufacturecarbonaircraftbrakes,0.0
categorical__industry_description_manufacturecabinetryhardware,0.0
categorical__industry_description_manufacturebuttwoldfittings,0.0
categorical__industry_description_manufacturebusinessclassvipaircraftseatingcomponentsseatsdivanstables,0.0
categorical__industry_description_manufactureautomotivetransmissionscomponents,0.0
categorical__industry_description_manufactureautomotivetransmissions,0.0
categorical__industry_description_manufactureautomotiveparts,0.0
categorical__industry_description_manufactureautomotivecomponents,0.0
categorical__industry_description_manufacturejetenginedisksbladesoverhaulrepairtestjetengines,0.0
categorical__industry_description_manufactureirequipment,0.0
categorical__industry_description_manufactureircameras,0.0
categorical__industry_description_manufactureinstallationcountertops,0.0
categorical__industry_description_manufacturehydrodynamicbearings,0.0
categorical__industry_description_manufacturehvacunits,0.0
categorical__industry_description_manufacturehvacproducts,0.0
categorical__industry_description_manufacturehinges,0.0
categorical__industry_description_manufacturegroundwaterremediationsamplingequipment,0.0
categorical__industry_description_manufactureexplosivesdrillblastcontractor,0.0
categorical__industry_description_manufactureexhaustsystems,0.0
categorical__industry_description_manufactureelectroniccomponents,0.0
categorical__industry_description_manufacturedmobilehomesmanufacturing,0.0
categorical__industry_description_manufacturedmobilehomedealers,0.0
categorical__industry_description_manufacturedmobilebuildingscommercialuseegbanksofficesmanufacturing,0.0
categorical__industry_description_manufacturedhomemobilehomemanufacturing,0.0
categorical__industry_description_manufactureplasticparts,0.0
categorical__industry_description_manufactureplasticdisposibledinnerware,0.0
categorical__industry_description_manufactureplasticcaulktubes,0.0
categorical__industry_description_manufacturepharmaceuticalproducts,0.0
categorical__industry_description_manufacturepaperproducts,0.0
categorical__industry_description_manufacturepackingautomotivecomponents,0.0
categorical__industry_description_manufacturepackagingmachinery,0.0
categorical__industry_description_manufacturemotorvehiclepartsaccessorieso,0.0
categorical__industry_description_manufacturemotortrucktrailers,0.0
categorical__industry_description_manufactureminiturevalves,0.0
categorical__industry_description_manufacturemetalends,0.0
categorical__industry_description_manufacturemedicalequipment,0.0
categorical__industry_description_manufacturemedicaldevices,0.0
categorical__industry_description_manufacturemechanicalsealscomponents,0.0
categorical__industry_description_manufactureliftgates,0.0
categorical__industry_description_manufacturelaserscrystals,0.0
categorical__industry_description_manufacturerdistributorindustrialgases,0.0
categorical__industry_description_manufacturerdistributerindustrialgases,0.0
categorical__industry_description_manufacturerdcmotorsdrives,0.0
categorical__industry_description_manufacturercoppertubing,0.0
categorical__industry_description_manufacturercookiedoughstoredelivery,0.0
categorical__industry_description_manufacturercommunicationtowersoilfieldequipmentfieldservices,0.0
categorical__industry_description_manufacturercoatingsadhesivesmotioncontrol,0.0
categorical__industry_description_manufacturerbuildingmaterials,0.0
categorical__industry_description_manufacturerbrasscopperalloys,0.0
categorical__industry_description_manufacturerautomtivebrakesystems,0.0
categorical__industry_description_manufacturerautomotiveparts,0.0
categorical__industry_description_manufactureralkalinebatteriesbatterycomponentspackagingoperations,0.0
categorical__industry_description_manufactureragriculturalequipment,0.0
categorical__industry_description_manufactureraftermarketautoproducts,0.0
categorical__industry_description_manufacturer,0.0
categorical__industry_description_manufacturepolydrums,0.0
categorical__industry_description_manufacturerpaperedgeprotectors,0.0
categorical__industry_description_manufacturerpapercores,0.0
categorical__industry_description_manufacturerpaintcoatings,0.0
categorical__industry_description_manufacturerotaryspecialtoolholderscustommanufacturing,0.0
categorical__industry_description_manufactureroilgasserviceequipment,0.0
categorical__industry_description_manufacturermetalracks,0.0
categorical__industry_description_manufacturermedicaldevicecomponents,0.0
categorical__industry_description_manufacturermanufacturedhousing,0.0
categorical__industry_description_manufacturerliquidmassflowinstrumentation,0.0
categorical__industry_description_manufacturerinteriorsystems,0.0
categorical__industry_description_manufacturerhousecomponets,0.0
categorical__industry_description_manufacturergrindingequipment,0.0
categorical__industry_description_manufacturergaspumps,0.0
categorical__industry_description_manufactureretailstorefixtureswoodproducts,0.0
categorical__industry_description_manufacturerequipmenttireindustry,0.0
categorical__industry_description_manufacturerdrillbits,0.0
categorical__industry_description_manufacturerwoodcontainer,0.0
categorical__industry_description_manufacturerwatergaspumpplumbing,0.0
categorical__industry_description_manufacturertubescores,0.0
categorical__industry_description_manufacturertransportationequipmentpeoplemovervehiclesassociatedcontrolequipment,0.0
categorical__industry_description_manufacturerthreadedinsertsbushings,0.0
categorical__industry_description_manufacturerstructuralsteelproducts,0.0
categorical__industry_description_manufacturersteelrelatedproducts,0.0
categorical__industry_description_manufacturersassociations,0.0
categorical__industry_description_manufacturersalesserviceelectronicsscoringtimingvideodisplay,0.0
categorical__industry_description_manufacturerrubbermountsdampeners,0.0
categorical__industry_description_manufacturerrefigerationunitsrefrigerationelectricaldistributionhouses,0.0
categorical__industry_description_manufacturerpropulsionequipmenttransitsystems,0.0
categorical__industry_description_manufacturerprocesscontrolinstruments,0.0
categorical__industry_description_manufacturerpolymerextrudedproductsprovidersheetingcartonizingcustomwindingservices,0.0
categorical__industry_description_manufacturerplastics,0.0
categorical__industry_description_manufacturerplasticrubbersheetproducts,0.0
categorical__industry_description_allothermiscellaneousfoodmanufacturting,0.0
categorical__industry_description_manufacturewoodenpallets,0.0
categorical__industry_description_manufacturetrucks,0.0
categorical__industry_description_manufacturetruckbodies,0.0
categorical__industry_description_manufacturetemperaturepressurecontrolssensors,0.0
categorical__industry_description_manufacturesteelreels,0.0
categorical__industry_description_manufacturesteelceramicbearingballs,0.0
categorical__industry_description_manufacturesteel,0.0
categorical__industry_description_manufacturespiralwoundfibertubes,0.0
categorical__industry_description_manufacturespecialpurposevehiclesegfirefightingvehicles,0.0
categorical__industry_description_manufacturesoloniodmotioncontrolvalves,0.0
categorical__industry_description_manufacturesecurityproducts,0.0
categorical__industry_description_manufacturesearchdetectionnavigationaeronauticalnauticalsystemsinstruments,0.0
categorical__industry_description_manufacturesaleselectrostaticpowderapplicationrecoveryequipment,0.0
categorical__industry_description_manufacturerwoolfiberglassinsulation,0.0
categorical__industry_description_manufacturerwoodenstavesflangesreels,0.0
categorical__industry_description_manufacturinginteriorsystems,0.0
categorical__industry_description_manufacturingfoodproducts,0.0
categorical__industry_description_manufacturingfoldingcartons,0.0
categorical__industry_description_manufacturingfluidpowervalvesfittings,0.0
categorical__industry_description_manufacturingfluiddistributionsystems,0.0
categorical__industry_description_manufacturingedibleoils,0.0
categorical__industry_description_manufacturingdistributionindustrialgases,0.0
categorical__industry_description_manufacturingconstructionequipment,0.0
categorical__industry_description_manufacturingcabinetsstockcustombasis,0.0
categorical__industry_description_manufacturingcabinets,0.0
categorical__industry_description_manufacturingbuildingrentalleasing,0.0
categorical__industry_description_manufacturingbuildingconstruction,0.0
categorical__industry_description_manufacturingautomotivesheetmetalparts,0.0
categorical__industry_description_manufacturingautomotiveparts,0.0
categorical__industry_description_manufacturingautomobiles,0.0
categorical__industry_description_manufacturingassemblytestrepairaircraftpartsauxiliaryequipment,0.0
categorical__industry_description_manufacturingtransportrefrigerationsystems,0.0
categorical__industry_description_manufacturingstampingauto,0.0
categorical__industry_description_manufacturingrepaircontrolvalves,0.0
categorical__industry_description_manufacturingracingfuelsrelatedproducts,0.0
categorical__industry_description_manufacturingpharmaseuticalscosmetics,0.0
categorical__industry_description_manufacturingpharmaceuticaldrugs,0.0
categorical__industry_description_manufacturingpackagingdistributionpetproduc,0.0
categorical__industry_description_manufacturingoperationsimprovementconsultingservices,0.0
categorical__industry_description_manufacturingnonwovens,0.0
categorical__industry_description_manufacturingnonwovenfabrics,0.0
categorical__industry_description_allothermiscellaneousfoodmanufacturing,0.0
categorical__industry_description_manufacturingmanagementconsultingservices,0.0
categorical__industry_description_manufacturingmachineryequipmentrentalleasing,0.0
categorical__industry_description_manufacturingmachinecomponents,0.0
categorical__industry_description_manufacturinglubricationsystems,0.0
categorical__industry_description_manufacturinglargeequipment,0.0
categorical__industry_description_marinedeckequipment,0.0
categorical__industry_description_marineconstruction,0.0
categorical__industry_description_marinecargoterminal,0.0
categorical__industry_description_marinecargocheckerssurveyors,0.0
categorical__industry_description_marinas,0.0
categorical__industry_description_margarinesincludingimitationmadepurchasedfatsoils,0.0
categorical__industry_description_margarinebutterblendmadepurchasedfatsoils,0.0
categorical__industry_description_marblegraniteslateinteriorcontractors,0.0
categorical__industry_description_marblegraniteslateexteriorcontractors,0.0
categorical__industry_description_maplesyrupmixingotherproducts,0.0
categorical__industry_description_maplesyrupemaplesapreducing,0.0
categorical__industry_description_manufpaperexceptnewsprint,0.0
categorical__industry_description_manufacurer,0.0
categorical__industry_description_manufacturingwoodfurnitureparts,0.0
categorical__industry_description_manufacturingvarious,0.0
categorical__industry_description_manufacturingtruckstrailers,0.0
categorical__industry_description_markerboardsewhiteboardsmanufacturing,0.0
categorical__industry_description_maritiimeservice,0.0
categorical__industry_description_marinesurveyoreshipappraiserservices,0.0
categorical__industry_description_marinesupplydealers,0.0
categorical__industry_description_marinesuppliespleasuremerchantwholesalers,0.0
categorical__industry_description_marinesuppliesexceptpleasuremerchantwholesalers,0.0
categorical__industry_description_marineshippingagency,0.0
categorical__industry_description_marineshipping,0.0
categorical__industry_description_marinesalvagingservices,0.0
categorical__industry_description_marinepmanufacturingdistribution,0.0
categorical__industry_description_marinepartsdistribution,0.0
categorical__industry_description_marinenavyauxiliarycontrolsmanufacturing,0.0
categorical__industry_description_marinehardwaremetalmanufacturing,0.0
categorical__industry_description_marinehardwarefabrication,0.0
categorical__industry_description_marineenginesmanufacturing,0.0
categorical__industry_description_marineengineeringservices,0.0
categorical__industry_description_materialrecoveryfacilities,0.0
categorical__industry_description_materialhandling,0.0
categorical__industry_description_materialdistributioncenterstorage,0.0
categorical__industry_description_matchesmatchbooksmanufacturing,0.0
categorical__industry_description_massspectroscopyinstrumentationmanufacturing,0.0
categorical__industry_description_masonsmaterialsmerchantwholesalers,0.0
categorical__industry_description_masonrynoc,0.0
categorical__industry_description_masonryegblockbrickstonedealers,0.0
categorical__industry_description_masonryconcretesubcontractor,0.0
categorical__industry_description_masacornmilling,0.0
categorical__industry_description_markingdevicesmanufacturing,0.0
categorical__industry_description_marketingresearchservices,0.0
categorical__industry_description_aluminafusedrefractoriesmanufacturing,0.0
categorical__industry_description_marketingmanagementconsultingservices,0.0
categorical__industry_description_marketingconsultingservices,0.0
categorical__industry_description_marketinganalysisservices,0.0
categorical__industry_description_mattressesmadefeltfoamrubberurethanesimilarmaterials,0.0
categorical__industry_description_mattresseseboxspringinnerspringnoninnerspringmanufacturing,0.0
categorical__industry_description_mattressesairrubbermanufacturing,0.0
categorical__industry_description_mattressesairplasticsmanufacturing,0.0
categorical__industry_description_matsmattingmadepurchasedwire,0.0
categorical__industry_description_maternityhospitals,0.0
categorical__industry_description_alternatorsgeneratorsinternalcombustionenginesmanufacturing,0.0
categorical__industry_description_materialsrecoveryfacilitywastemanagementremediationservices,0.0
categorical__industry_description_materialsrecoveryfacilityconstruction,0.0
categorical__industry_description_materialsrecoveryfacility,0.0
categorical__industry_description_materialsrecoveryfacilities,0.0
categorical__industry_description_materialsmanagementconsultingservices,0.0
categorical__industry_description_materialshandlingmachineryequipmentrentalleasing,0.0
categorical__industry_description_materialshandlingmachineryequipmentmerchantwholesalers,0.0
categorical__industry_description_materialshandlingequipmentrepairmaintenanceservices,0.0
categorical__industry_description_materialshandlingequipmentinstallation,0.0
categorical__industry_description_measuringinstrumentsmeterselectricmanufacturing,0.0
categorical__industry_description_measuringinstrumentsindustrialprocesscontroltypemanufacturing,0.0
categorical__industry_description_measuringinstrumentrepairmaintenanceservices,0.0
categorical__industry_description_measuringequipmentelectronicelectricalcircuitsequipmentmanufacturing,0.0
categorical__industry_description_mealdeliveryprograms,0.0
categorical__industry_description_mdsmedicaldoctorsmentalhealthofficesegcentersclinics,0.0
categorical__industry_description_alternatorgeneratortestersmanufacturing,0.0
categorical__industry_description_mdfmediumdensityfiberboardmanufacturing,0.0
categorical__industry_description_alternativehighschoolpublic,0.0
categorical__industry_description_mayonnaisemanufacturing,0.0
categorical__industry_description_maulswoodmanufacturing,0.0
categorical__industry_description_maulsmetalmanufacturing,0.0
categorical__industry_description_maufacturing,0.0
categorical__industry_description_mattressstoresincludingwaterbeds,0.0
categorical__industry_description_mattressspringsspringunitslightgaugemadepurchasedwirestrip,0.0
categorical__industry_description_mattressfoundationmanufacturing,0.0
categorical__industry_description_meatproductseghotdogsluncheonmeatssausagesmadecombinationpoultryothermeats,0.0
categorical__industry_description_meatproductsdogcatpetfoodcanningmadepurchasedcarcasses,0.0
categorical__industry_description_meatprocessedcarcasses,0.0
categorical__industry_description_meatpoultrybeefprocessingmanufacturing,0.0
categorical__industry_description_meatmeatsproducts,0.0
categorical__industry_description_meatmarkets,0.0
categorical__industry_description_meatgrindersfoodtypemanufacturing,0.0
categorical__industry_description_meatextractsmadepurchasedcarcasses,0.0
categorical__industry_description_meatcombinedgroceryprov,0.0
categorical__industry_description_meatcanningexceptpoultryproducedslaughteringplants,0.0
categorical__industry_description_meatcanningexceptbabypetfoodpoultrymadepurchasedcarcasses,0.0
categorical__industry_description_meatcanningdogcatpetfoodmadepurchasedcarcasses,0.0
categorical__industry_description_meatcanningbabyfoodmanufacturing,0.0
categorical__industry_description_meatbonemealtankageproducedrenderingplant,0.0
categorical__industry_description_measuringtoolsmachinistsexceptopticalmanufacturing,0.0
categorical__industry_description_measuringtestingequipmentexceptautomotivemerchantwholesalers,0.0
categorical__industry_description_mechanicalpowertransmissionequipmentmanufacturing,0.0
categorical__industry_description_mechanicalequipmentinsulation,0.0
categorical__industry_description_mechanicalengineeringservices,0.0
categorical__industry_description_alpineskiingfacilitiesaccommodations,0.0
categorical__industry_description_mechanicalcontractor,0.0
categorical__industry_description_mechanical,0.0
categorical__industry_description_mechanic,0.0
categorical__industry_description_meatspackagedfrozenmerchantwholesalers,0.0
categorical__industry_description_meatsmeatproductsexceptcannedpackagedfrozenmerchantwholesalers,0.0
categorical__industry_description_meatsmeatproducts,0.0
categorical__industry_description_meatsfreshmerchantwholesalers,0.0
categorical__industry_description_meatsfreshchilledfrozenexceptpoultrysmallgameproducedslaughteringplants,0.0
categorical__industry_description_meatsfreshchilledexceptpoultrysmallgamefrozenmadepurchasedcarcasses,0.0
categorical__industry_description_meatsexceptpoultrycuredsmokedmadepurchasedcarcasses,0.0
categorical__industry_description_meatscuredsmokedproducedslaughteringplants,0.0
categorical__industry_description_meatscuredsmokedmerchantwholesalers,0.0
categorical__industry_description_medicaldiagnostics,0.0
categorical__industry_description_medicaldevicemanufacturing,0.0
categorical__industry_description_medicaldevicemanufacturer,0.0
categorical__industry_description_medicalcodingservicescombinedaccountingservices,0.0
categorical__industry_description_medicalcenter,0.0
categorical__industry_description_medicalcasemanagementservices,0.0
categorical__industry_description_almondpastesmanufacturing,0.0
categorical__industry_description_medicalassistanceprogramsadministrationgovernment,0.0
categorical__industry_description_medical,0.0
categorical__industry_description_mediationproductservicesexceptlawyerattorneyparalegalofficesfamilysocialservices,0.0
categorical__industry_description_mediabuyingservices,0.0
categorical__industry_description_media,0.0
categorical__industry_description_mechanicalutilitycontractor,0.0
categorical__industry_description_mechanicaltestinglaboratoriesservices,0.0
categorical__industry_description_mechanicalrubbergoodseextrudedlathecutmoldedmanufacturing,0.0
categorical__industry_description_mechanicalpowertransmissionequipmentrepairmaintenanceservices,0.0
categorical__industry_description_medicalofficemanagementconsultingservicesconsultants,0.0
categorical__industry_description_medicallaboratoriesexceptradiologicalxray,0.0
categorical__industry_description_medicallaboratories,0.0
categorical__industry_description_medicallab,0.0
categorical__industry_description_medicalinsurancecarriersdirect,0.0
categorical__industry_description_medicalinstrumentsmerchantwholesalers,0.0
categorical__industry_description_medicalglasswaremadeglassmakingplants,0.0
categorical__industry_description_medicalgasindistribution,0.0
categorical__industry_description_medicalgasfilling,0.0
categorical__industry_description_medicalgasdistribution,0.0
categorical__industry_description_medicalequipmentsuppliesstores,0.0
categorical__industry_description_medicalequipmentmerchantwholesalers,0.0
categorical__industry_description_medicalequipmentexcepthomehealthfurnitureequipmentrentalleasing,0.0
categorical__industry_description_almondhullingshelling,0.0
categorical__industry_description_medicaldoctorsmdsmentalhealthofficesegcentersclinics,0.0
categorical__industry_description_medicaldoctorsmdsexceptmentalhealthofficesegcentersclinics,0.0
categorical__industry_description_medicinalchemicalsuncompoundedmanufacturing,0.0
categorical__industry_description_almanacsprintingbindingpublishing,0.0
categorical__industry_description_medicaremedicaidadministration,0.0
categorical__industry_description_medicalultrasoundequipmentmanufacturing,0.0
categorical__industry_description_medicalthermometersmanufacturing,0.0
categorical__industry_description_medicaltechnologydeveloper,0.0
categorical__industry_description_medicaltechnicianschools,0.0
categorical__industry_description_medicalsurgicalhospital,0.0
categorical__industry_description_medicalsurgicalequipmentrepairmaintenanceservices,0.0
categorical__industry_description_medicalsuppliesmerchantwholesalers,0.0
categorical__industry_description_medicalsundriesrubbermerchantwholesalers,0.0
categorical__industry_description_medicalschools,0.0
categorical__industry_description_medicalresearchdevelopmentlaboratoriesservicesexceptbiotechnologyresearchdevelopment,0.0
categorical__industry_description_medicalradiationtherapyequipmentmanufacturing,0.0
categorical__industry_description_medicalpathologylaboratories,0.0
categorical__industry_description_medicalofficemanagementservices,0.0
categorical__industry_description_mentalhealthprogramadministration,0.0
categorical__industry_description_mentalhealthphysiciansofficesegcentersclinics,0.0
categorical__industry_description_mentalhealthhospitals,0.0
categorical__industry_description_allylresinsmanufacturing,0.0
categorical__industry_description_mentalhealthhalfwayhouses,0.0
categorical__industry_description_allterrainvehiclesatvswheeledtrackedmanufacturing,0.0
categorical__industry_description_allterrainvehiclesatvsmerchantwholesalers,0.0
categorical__industry_description_allterrainvehicleatvdealers,0.0
categorical__industry_description_mentalexceptintellectualdevelopmentaldisabilityhospitals,0.0
categorical__industry_description_menhadenfishing,0.0
categorical__industry_description_memoryboardsmanufacturing,0.0
categorical__industry_description_membershiphotels,0.0
categorical__industry_description_alloysteelcastingsexceptinvestmentunfinishedmanufacturing,0.0
categorical__industry_description_meltblownnonwovenfabricsmanufacturing,0.0
categorical__industry_description_melamineresinsmanufacturing,0.0
categorical__industry_description_mediumdensityfiberboardmdfmanufacturing,0.0
categorical__industry_description_metaldetectorsmanufacturing,0.0
categorical__industry_description_metaldeckinstallation,0.0
categorical__industry_description_metalcuttingsawbladesmanufacturing,0.0
categorical__industry_description_metalcuttingmachinetoolsmanufacturing,0.0
categorical__industry_description_metalcrownclosureothermetalstampingexceptautomotive,0.0
categorical__industry_description_metalcoatingengravingexceptjewelrysilverwarealliedservicesmanufacturers,0.0
categorical__industry_description_metalcoating,0.0
categorical__industry_description_metalcastingmachineryequipmentmanufacturing,0.0
categorical__industry_description_metalcanslightgaugemetalmanufacturing,0.0
categorical__industry_description_messengerservice,0.0
categorical__industry_description_messengercourierservicenjny,0.0
categorical__industry_description_meshwiremadewiredrawingmills,0.0
categorical__industry_description_meshwiremadeironsteelmills,0.0
categorical__industry_description_meshmadepurchasedwire,0.0
categorical__industry_description_alloyingpurchasednonferrousmetalsexceptaluminumcopper,0.0
categorical__industry_description_merchantwholesaledistributionhardwarekniveshandtools,0.0
categorical__industry_description_metalrecyclers,0.0
categorical__industry_description_metalprocessingplantconstruction,0.0
categorical__industry_description_metalpowderflakenonferrousexceptaluminumcoppermadepurchasedmetal,0.0
categorical__industry_description_metalpowderflakemadepurchasedironsteel,0.0
categorical__industry_description_metalpowderflakemadepurchasedaluminum,0.0
categorical__industry_description_metalpipemerchantwholesalers,0.0
categorical__industry_description_metalpipemanufacturing,0.0
categorical__industry_description_metalmfg,0.0
categorical__industry_description_metalmeltingfurnacesindustrialmanufacturing,0.0
categorical__industry_description_metallizingpurchasedtextiles,0.0
categorical__industry_description_metalheattreament,0.0
categorical__industry_description_metalgraphiteproductmanufacturing,0.0
categorical__industry_description_metalformingmachinetoolsmanufacturing,0.0
categorical__industry_description_metalfoilcontainersexceptbagsmanufacturing,0.0
categorical__industry_description_metalfabricmeshsafetyglovesmanufacturing,0.0
categorical__industry_description_metalfabrication,0.0
categorical__industry_description_meteorologicalservices,0.0
categorical__industry_description_meteorologicalinstrumentsmanufacturing,0.0
categorical__industry_description_metalworkingmachinerymanufacturing,0.0
categorical__industry_description_metalworkingmachineryequipmentmerchantwholesalers,0.0
categorical__industry_description_metalwoodgaragedoormanufacturing,0.0
categorical__industry_description_metalwoodbridgesmanufacturer,0.0
categorical__industry_description_metalwindowdoormanufacturing,0.0
categorical__industry_description_metalvalvepipemanufacturing,0.0
categorical__industry_description_aluminumhydroxideealuminatrihydratemanufacturing,0.0
categorical__industry_description_metalstamping,0.0
categorical__industry_description_aluminumfoundriesexceptdiecasting,0.0
categorical__industry_description_aluminumfoundries,0.0
categorical__industry_description_metalsservicecenter,0.0
categorical__industry_description_metalssalesoffices,0.0
categorical__industry_description_metalsidinginstallation,0.0
categorical__industry_description_metalservicecentersothermetalmerchantwho,0.0
categorical__industry_description_mfs,0.0
categorical__industry_description_mfgprecastconcrete,0.0
categorical__industry_description_mfgplasticfoamproducts,0.0
categorical__industry_description_mfgpaperconvertpaperprod,0.0
categorical__industry_description_mfgmoldedfabricatedfoamcorrboxes,0.0
categorical__industry_description_mfgfoodequip,0.0
categorical__industry_description_mfgcorregatedsolidfiberboxes,0.0
categorical__industry_description_mfgballbearings,0.0
categorical__industry_description_mexicanfoodsfrozenmanufacturing,0.0
categorical__industry_description_mexicanfoodscanning,0.0
categorical__industry_description_methylsalicylatemanufacturing,0.0
categorical__industry_description_methylaminemanufacturing,0.0
categorical__industry_description_methylalcoholemethanolsyntheticmanufacturing,0.0
categorical__industry_description_metersindustrialprocesscontroltypemanufacturing,0.0
categorical__industry_description_meterreadingservicescontract,0.0
categorical__industry_description_meteringpanelselectricmanufacturing,0.0
categorical__industry_description_militaryinsigniametalmanufacturing,0.0
categorical__industry_description_militarybasescamps,0.0
categorical__industry_description_middleschools,0.0
categorical__industry_description_microwavecomponentsmanufacturing,0.0
categorical__industry_description_microwavecommunicationsequipmentmanufacturing,0.0
categorical__industry_description_microtunnelingcontractors,0.0
categorical__industry_description_microprocessorchipmanufacturing,0.0
categorical__industry_description_microphonesmanufacturing,0.0
categorical__industry_description_microlithographyequipmentsemiconductormanufacturing,0.0
categorical__industry_description_microcontrollerchipmanufacturing,0.0
categorical__industry_description_microbiologyvirologyserologyvitrodiagnosticsubstancesmanufacturing,0.0
categorical__industry_description_microbiologyinstrumentsmanufacturing,0.0
categorical__industry_description_micaproductsmanufacturing,0.0
categorical__industry_description_aluminumfoilmadeintegratedsecondarysmeltingflatrollingmills,0.0
categorical__industry_description_mhdayprogram,0.0
categorical__industry_description_mhcommunitybased,0.0
categorical__industry_description_milksubstitutesmanufacturing,0.0
categorical__industry_description_aluminumfoilmadeflatrollingpurchasedaluminum,0.0
categorical__industry_description_milkprocessingegbottlinghomogenizingpasteurizingvitaminizingmanufacturing,0.0
categorical__industry_description_milkpasteurizing,0.0
categorical__industry_description_milkingmachineryequipmentmerchantwholesalers,0.0
categorical__industry_description_milkingdairycattle,0.0
categorical__industry_description_milkhaulinglongdistancecontractordepa,0.0
categorical__industry_description_milkhaulinglocal,0.0
categorical__industry_description_milkfluidexceptcannedmerchantwholesalersrawmilkmerchantwholesalers,0.0
categorical__industry_description_milkfluidexceptcannedmerchantwholesalers,0.0
categorical__industry_description_aluminumflakesmadepurchasedaluminum,0.0
categorical__industry_description_milkconcentratedcondenseddriedevaporatedpowderedmanufacturing,0.0
categorical__industry_description_milkcartonboardmadepaperboardmills,0.0
categorical__industry_description_militaryreservearmoriesbases,0.0
categorical__industry_description_militarymuseums,0.0
categorical__industry_description_militaryinsigniatextilemanufacturing,0.0
categorical__industry_description_mineralwoolproductsegboardinsulationtilemanufacturing,0.0
categorical__industry_description_mineralwoolmanufacturing,0.0
categorical__industry_description_mineralwoolinsulationmaterialsmanufacturing,0.0
categorical__industry_description_mineralsupplementsanimalexceptcatdogmanufacturing,0.0
categorical__industry_description_millwrights,0.0
categorical__industry_description_millworktreating,0.0
categorical__industry_description_millworkmerchantwholesalers,0.0
categorical__industry_description_millworkinstallation,0.0
categorical__industry_description_millworkcustomarchitecturalmanufacturing,0.0
categorical__industry_description_millwork,0.0
categorical__industry_description_millsuppliesmerchantwholesalers,0.0
categorical__industry_description_millmenderscontractwovenfabrics,0.0
categorical__industry_description_millingrice,0.0
categorical__industry_description_millingmachinesmetalworkingmanufacturing,0.0
categorical__industry_description_milling,0.0
categorical__industry_description_milkultrahightemperaturemanufacturing,0.0
categorical__industry_description_miscellaneousnondurablegoodsmerchantwholesalers,0.0
categorical__industry_description_miscellaneousnondurablegoodsmerchantwholersalers,0.0
categorical__industry_description_aluminumdoorwindowresidentialtypeinstallation,0.0
categorical__industry_description_miscchemicalpreparation,0.0
categorical__industry_description_mirrorsopticalmanufacturing,0.0
categorical__industry_description_mirrorsframedexceptautomotiveunframedmadepurchasedglass,0.0
categorical__industry_description_minorleaguebaseballclubs,0.0
categorical__industry_description_minivansassemblingchassisownmanufacture,0.0
categorical__industry_description_miningmachineryequipmentmanufacturing,0.0
categorical__industry_description_miningmachineryequipmentexceptpetroleummerchantwholesalers,0.0
categorical__industry_description_miningengineeringservices,0.0
categorical__industry_description_miningcarsmanufacturing,0.0
categorical__industry_description_mining,0.0
categorical__industry_description_minimillssteel,0.0
categorical__industry_description_miniaturegolfcourses,0.0
categorical__industry_description_minesitepreparationrelatedconstructionactivitiesconstructioncontractors,0.0
categorical__industry_description_mobilehometowingserviceslongdistance,0.0
categorical__industry_description_mobilehometowingserviceslocal,0.0
categorical__industry_description_mobilehomemanufacturing,0.0
categorical__industry_description_mobilehomedealersmanufactured,0.0
categorical__industry_description_mobilefeedmill,0.0
categorical__industry_description_mobilecommunicationsequipmentmanufacturing,0.0
categorical__industry_description_mixingpurchasedfertilizermaterials,0.0
categorical__industry_description_mixingpigmentssolventsbinders,0.0
categorical__industry_description_mixicecreammanufacturing,0.0
categorical__industry_description_mixesflouregbiscuitcakedoughnutpancakemadeflourmills,0.0
categorical__industry_description_mixesegcakedessertpiemerchantwholesalers,0.0
categorical__industry_description_mixersconcreteportablemanufacturing,0.0
categorical__industry_description_aluminumcompoundsnotspecifiedelsewhereprocessmanufacturing,0.0
categorical__industry_description_missionsreligiousorganization,0.0
categorical__industry_description_miscspecialtradecontractors,0.0
categorical__industry_description_miscellaneousnonmetallicmineralproductmanufacturing,0.0
categorical__industry_description_moldingswoodcoveredwoodmanufacturing,0.0
categorical__industry_description_moldingstrimmotorvehiclestamping,0.0
categorical__industry_description_moldingsclearfingerjointwoodmanufacturing,0.0
categorical__industry_description_moldingassemllyinstrumentpanels,0.0
categorical__industry_description_moldedpulpproductsegeggcartonsfoodcontainersfoodtraysmanufacturing,0.0
categorical__industry_description_mohairyarntwistingwindingpurchasedyarn,0.0
categorical__industry_description_modularofficefurniture,0.0
categorical__industry_description_modularhouseassemblysitegeneralcontractors,0.0
categorical__industry_description_modularfurnituresystemswoodframeofficetypemanufacturing,0.0
categorical__industry_description_modularfurnituresystemsexceptwoodframeofficetypemanufacturing,0.0
categorical__industry_description_modularfurnituresystemattachmentinstallation,0.0
categorical__industry_description_modemscarrierequipmentmanufacturing,0.0
categorical__industry_description_modacrylicfibersfilamentsmanufacturing,0.0
categorical__industry_description_mobilexrayfacilitiesmedical,0.0
categorical__industry_description_mobilemanufacturedhomesiterentalleasing,0.0
categorical__industry_description_mobilemanufacturedhomeparks,0.0
categorical__industry_description_morgantruckbodyllcmpd,0.0
categorical__industry_description_morgantruckbodyllcmpa,0.0
categorical__industry_description_morgantruckbodyllcmgarydal,0.0
categorical__industry_description_morgantruckbodyllcmfllakeland,0.0
categorical__industry_description_morgantruckbodyllcmcariverside,0.0
categorical__industry_description_morgantruckbodyllcmaz,0.0
categorical__industry_description_mopsfloordustmanufacturing,0.0
categorical__industry_description_monumentsgravemarkersmerchantwholesalers,0.0
categorical__industry_description_montessorischoolselementarysecondary,0.0
categorical__industry_description_monitorscomputerperipheralequipmentmanufacturing,0.0
categorical__industry_description_monies,0.0
categorical__industry_description_molybdenumsiliconferroalloysmanufacturing,0.0
categorical__industry_description_moldssteelingotindustrialmanufacturing,0.0
categorical__industry_description_moldsplasticsrubberworkingmachinerymanufacturing,0.0
categorical__industry_description_moldsmetalcastingexceptsteelingotmanufacturing,0.0
categorical__industry_description_moldsformingmaterialsegglassplasticsrubbermanufacturing,0.0
categorical__industry_description_motorboateinboardoutboardrepairmaintenanceservices,0.0
categorical__industry_description_motionpicturetheatersindoor,0.0
categorical__industry_description_aluminumchloridemanufacturing,0.0
categorical__industry_description_motelmanagementservicesexceptcompleteoperationclientsbusiness,0.0
categorical__industry_description_mosaicwork,0.0
categorical__industry_description_mortgagecompanies,0.0
categorical__industry_description_mortgagebankingenondepositorymortgagelending,0.0
categorical__industry_description_mortgage,0.0
categorical__industry_description_mortarsclayrefractorymanufacturing,0.0
categorical__industry_description_mortarnonclayrefractorymanufacturing,0.0
categorical__industry_description_morgantruckbodyllcswi,0.0
categorical__industry_description_morgantruckbodyllcspa,0.0
categorical__industry_description_morgantruckbodyllcsco,0.0
categorical__industry_description_morgantruckbodyllcmwi,0.0
categorical__industry_description_morgantruckbodyllcmtx,0.0
categorical__industry_description_morgantruckbodyllcmpe,0.0
categorical__industry_description_aggregatespreadersmanufacturing,0.0
categorical__industry_description_aggregatesales,0.0
categorical__industry_description_agentsshippingfreightforwarding,0.0
categorical__industry_description_agentsshipping,0.0
categorical__industry_description_agentsrealestate,0.0
categorical__industry_description_agentsofficesrealestateescrow,0.0
categorical__industry_description_agentslaundrydrycleaning,0.0
categorical__industry_description_agentsbrokersnondurablegoodswholesaletrade,0.0
categorical__industry_description_aluminumcanslightgaugemetalmanufacturing,0.0
categorical__industry_description_agenciesrealestateescrow,0.0
categorical__industry_description_agenciesrealestate,0.0
categorical__industry_description_agenciesloan,0.0
categorical__industry_description_agenciesinsurance,0.0
categorical__industry_description_agavefarming,0.0
categorical__industry_description_agarculturemediummfg,0.0
categorical__industry_description_agarculturemediamanufacturing,0.0
categorical__industry_description_motorgeneratorsetsexceptautomotiveturbinegeneratorsetsmanufacturing,0.0
categorical__industry_description_motorgeneratormanufacturing,0.0
categorical__industry_description_motorfreightcarrierusedhouseholdgoods,0.0
categorical__industry_description_aluminumbarmadeintegratedsecondarysmeltingextrudingmills,0.0
categorical__industry_description_motorcyclespartsmanufacturing,0.0
categorical__industry_description_motorcycleracingteams,0.0
categorical__industry_description_motorcyclepartsnewmerchantwholesalers,0.0
categorical__industry_description_motorcyclepartsaccessoriesdealers,0.0
categorical__industry_description_motorcycledealers,0.0
categorical__industry_description_motorcontrolselectricmerchantwholesalers,0.0
categorical__industry_description_motorcontrolselectricmanufacturing,0.0
categorical__industry_description_motorcontrolcentersmanufacturing,0.0
categorical__industry_description_aluminumbarmadeextrudingpurchasedaluminum,0.0
categorical__industry_description_aluminumalloysmadescrapdross,0.0
categorical__industry_description_motorcarriermaintenancefacility,0.0
categorical__industry_description_motorboatinboardoutboardbuilding,0.0
categorical__industry_description_motorvehiclebodytrailermfgtrucktailermfg,0.0
categorical__industry_description_motorvehiclebodymanufacturing,0.0
categorical__industry_description_motorvehicleassemblyplantconstruction,0.0
categorical__industry_description_motorsstarterinternalcombustionenginesmanufacturing,0.0
categorical__industry_description_motorsoutboardmanufacturing,0.0
categorical__industry_description_motorsgearmanufacturing,0.0
categorical__industry_description_motorsfluidpowermanufacturing,0.0
categorical__industry_description_motorselectricmerchantwholesalers,0.0
categorical__industry_description_motorselectricexceptenginestartingmotorsgearmotorsoutboardmanufacturing,0.0
categorical__industry_description_motorrepairmaintenanceservicescommercialindustrial,0.0
categorical__industry_description_motoroilspetroleummaderefinedpetroleum,0.0
categorical__industry_description_motorlodges,0.0
categorical__industry_description_motorhotelscasinos,0.0
categorical__industry_description_motorhomesselfcontainedassemblingpurchasedchassis,0.0
categorical__industry_description_motorhomemerchantwholesalers,0.0
categorical__industry_description_motorgeneratorsetsturbogeneratorsmanufacturing,0.0
categorical__industry_description_motorvehiclepartsaccessories,0.0
categorical__industry_description_motorvehiclepaintsmanufacturing,0.0
categorical__industry_description_aluminousrefractorycementmanufacturing,0.0
categorical__industry_description_motorvehiclemetalstamping,0.0
categorical__industry_description_motorvehiclemetalbumperstampings,0.0
categorical__industry_description_motorvehiclemanufacturer,0.0
categorical__industry_description_motorvehiclelicensingofficesgovernment,0.0
categorical__industry_description_motorvehiclelicensingofficegovernment,0.0
categorical__industry_description_aluminumsidinginstallation,0.0
categorical__industry_description_motorvehicleinstrumentselectricmerchantwholesalers,0.0
categorical__industry_description_motorvehiclehosesrubberplasticsmanufacturing,0.0
categorical__industry_description_motorvehiclehardwaremetalmanufacturing,0.0
categorical__industry_description_motorvehiclegasolineengineenginepartsmanufacturing,0.0
categorical__industry_description_motorvehiclegasengineenginepartmanufacturing,0.0
categorical__industry_description_motorvehiclegarageservicestationmechanicalequipmenteggasolinepumpshoistsinstallation,0.0
categorical__industry_description_motorvehicleelectricalelectronicequipmentmanufacturing,0.0
categorical__industry_description_motorvehicletrimmingsmanufacturing,0.0
categorical__industry_description_motorvehicletransmissionpowertrainpartmanufacturing,0.0
categorical__industry_description_motorvehicletowingservices,0.0
categorical__industry_description_motorvehicletowing,0.0
categorical__industry_description_motorvehicletiretubemerchantwholesalers,0.0
categorical__industry_description_motorvehicletiresmanufacturing,0.0
categorical__industry_description_motorvehiclesuppliesparts,0.0
categorical__industry_description_aluminumsheetmadeintegratedsecondarysmeltingflatrollingmills,0.0
categorical__industry_description_motorvehiclesuppliesnewpartsmerchantwholesalers,0.0
categorical__industry_description_aluminumsheetmadeflatrollingpurchasedaluminum,0.0
categorical__industry_description_motorvehicleseatsmetalframedmanufacturing,0.0
categorical__industry_description_motorvehicleseatsmanufacturing,0.0
categorical__industry_description_aluminumshapesegbaringotrodsheetmadeproducingprimaryaluminummanufacturing,0.0
categorical__industry_description_motorvehiclepartsmanufacturingassembly,0.0
categorical__industry_description_motorvehiclepartsampaccessoriesmanufactureenginesi,0.0
categorical__industry_description_motorvehiclepartsaccessoriesnewmerchantwholesalers,0.0
categorical__industry_description_municipalplanning,0.0
categorical__industry_description_municipalitydpw,0.0
categorical__industry_description_municipality,0.0
categorical__industry_description_municipalgovernmentpolice,0.0
categorical__industry_description_municipalcurbsidesolidwastecollection,0.0
categorical__industry_description_multiservicecentersneighborhood,0.0
categorical__industry_description_aluminumrodmadeextrudingpurchasedaluminum,0.0
categorical__industry_description_multifamilybuildingconstructiongeneralcontractors,0.0
categorical__industry_description_mulchmerchantwholesalers,0.0
categorical__industry_description_mufflersresonatorsautomotivetruckbusesmanufacturing,0.0
categorical__industry_description_mufflersexhaustmerchantwholesalers,0.0
categorical__industry_description_mrfmaterialsrecoveryfacilities,0.0
categorical__industry_description_mptorvehiclesuppliesnewparts,0.0
categorical__industry_description_mowingserviceseghighwaylawnroadstrip,0.0
categorical__industry_description_movieproductiondistrabution,0.0
categorical__industry_description_movementswatchclockmanufacturing,0.0
categorical__industry_description_aluminumrecreationalboatmanfuacturing,0.0
categorical__industry_description_musicpublishers,0.0
categorical__industry_description_musicfestivalpromoters,0.0
categorical__industry_description_aluminumrecoveringscrapmakingingotbilletexceptrolling,0.0
categorical__industry_description_musicaltheatercompaniesgroups,0.0
categorical__industry_description_musicalinstrumentsmerchantwholesalers,0.0
categorical__industry_description_musicalinstrumentsexcepttoymanufacturing,0.0
categorical__industry_description_musicalinstrumentcasesallmaterialsmanufacturing,0.0
categorical__industry_description_mushroomspawnfarming,0.0
categorical__industry_description_mushroomscanning,0.0
categorical__industry_description_aluminumproducts,0.0
categorical__industry_description_museums,0.0
categorical__industry_description_munitionsremediation,0.0
categorical__industry_description_municpalfiredepartment,0.0
categorical__industry_description_municiplebusservice,0.0
categorical__industry_description_municipalwaterdept,0.0
categorical__industry_description_naturalgasliquidextraction,0.0
categorical__industry_description_naturalgasdistributionsystems,0.0
categorical__industry_description_aluminumproducingalumina,0.0
categorical__industry_description_naturalecalcinedearthcementmanufacturing,0.0
categorical__industry_description_nationalityspecialtyfoodsfrozenmanufacturing,0.0
categorical__industry_description_nationalityspecialtyfoodscanning,0.0
categorical__industry_description_nationalguard,0.0
categorical__industry_description_nationalaeronauticsspaceadministration,0.0
categorical__industry_description_narrowfabricsweaving,0.0
categorical__industry_description_napkinstablemadepurchasedpaper,0.0
categorical__industry_description_naphthenicacidsoapsmanufacturing,0.0
categorical__industry_description_nameplateblanksmetalmanufacturing,0.0
categorical__industry_description_nailsbradsstaplesmadepurchasedwire,0.0
categorical__industry_description_nailpolishesmanufacturing,0.0
categorical__industry_description_naics11,0.0
categorical__industry_description_naics,0.0
categorical__industry_description_natureparksothersimilarinstitutions,0.0
categorical__industry_description_aluminumplatemadeflatrollingpurchasedaluminum,0.0
categorical__industry_description_naturecenters,0.0
categorical__industry_description_naturalwondertouristattractionsegcavernswaterfalls,0.0
categorical__industry_description_naturalnonfoodcoloringmanufacturing,0.0
categorical__industry_description_naturallycarbonatedwaterpurifyingbottling,0.0
categorical__industry_description_naturalhistorymuseums,0.0
categorical__industry_description_aluminumplatemadecontinuouscastingpurchasedaluminum,0.0
categorical__industry_description_naturalgastransmissioneprocessingplantslocaldistributionsystems,0.0
categorical__industry_description_naturalgasproduction,0.0
categorical__industry_description_naturalgasprocessingplantconstruction,0.0
categorical__industry_description_naturalgaspipinginstallation,0.0
categorical__industry_description_naturalgaspipelinetransportation,0.0
categorical__industry_description_naturalgaspipelineconstruction,0.0
categorical__industry_description_naturalgasliquidspipelinetransportation,0.0
categorical__industry_description_naturalgasliquidsegethaneisobutanenaturalgasolinepropanerecoveredoilgasfieldgases,0.0
categorical__industry_description_neutronactivationanalysisinstrumentsmanufacturing,0.0
categorical__industry_description_neurologistsofficesegcentersclinics,0.0
categorical__industry_description_networktelevisionbroadcasting,0.0
categorical__industry_description_networksystemsintegrationdesignservicescomputer,0.0
categorical__industry_description_networkscabletelevision,0.0
categorical__industry_description_nettingplasticsmanufacturing,0.0
categorical__industry_description_nettingmadelacenetmachine,0.0
categorical__industry_description_neonsignsmanufacturing,0.0
categorical__industry_description_neighborhooddevelopmentadvocacyorganizations,0.0
categorical__industry_description_needleshypodermicsuturemanufacturing,0.0
categorical__industry_description_needlerollerbearingsmanufacturing,0.0
categorical__industry_description_navigationalinstrumentsmanufacturing,0.0
categorical__industry_description_navigationalinstrumentselectronicegradarsonarmerchantwholesalers,0.0
categorical__industry_description_navigationalinstrumentsegradarsonarrepairmaintenanceservices,0.0
categorical__industry_description_navalartillerymanufacturing,0.0
categorical__industry_description_nauticalsystemsinstrumentsmanufacturing,0.0
categorical__industry_description_nicotinederivativesebasicchemicalsmanufacturing,0.0
categorical__industry_description_nickelnickelalloypipeplatesheetstriptubingmadepurchasedmetalsscrap,0.0
categorical__industry_description_nickelcompoundsnotspecifiedelsewhereprocessmanufacturing,0.0
categorical__industry_description_nickelcarbonatemanufacturing,0.0
categorical__industry_description_nhq,0.0
categorical__industry_description_newusedcardealer,0.0
categorical__industry_description_newsprintmerchantwholesalers,0.0
categorical__industry_description_newspaperscommercialprintingexceptscreenpublishing,0.0
categorical__industry_description_aluminumpipemadeextrudingpurchasedaluminum,0.0
categorical__industry_description_newspaperpublishersprintingcombined,0.0
categorical__industry_description_newspaperpublishersexceptexclusiveinternetpublishing,0.0
categorical__industry_description_newspaperbranchoffices,0.0
categorical__industry_description_newspaperadvertisingrepresentativeseindependentmediaowners,0.0
categorical__industry_description_newsletterscommercialprintingexceptscreenpublishing,0.0
categorical__industry_description_newmultifamilyhousingconstructionexceptoperativebuilders,0.0
categorical__industry_description_newhomebuilder,0.0
categorical__industry_description_nondurablegoodsagentsbrokerswholesaletrade,0.0
categorical__industry_description_nondestructivetestinglaboratoriesservices,0.0
categorical__industry_description_nondairycreamersliquidmanufacturing,0.0
categorical__industry_description_noncommercialresearchorganizations,0.0
categorical__industry_description_nonclayrefractoriesegblockbrickmortartilemanufacturing,0.0
categorical__industry_description_noncitrusfruitfarming,0.0
categorical__industry_description_nonchocolateconfectionerymanufacturing,0.0
categorical__industry_description_noncellulosicstaplefibersfilamentsmanufacturing,0.0
categorical__industry_description_noncellulosicfibersfilamentsmanufacturing,0.0
categorical__industry_description_nonbankholdingcompaniesexceptmanaging,0.0
categorical__industry_description_nitrogenousfertilizersmademixingpurchasedmaterials,0.0
categorical__industry_description_nitrogenousfertilizermaterialsmanufacturing,0.0
categorical__industry_description_nitrogenmanufacturing,0.0
categorical__industry_description_nitrilerubbermanufacturing,0.0
categorical__industry_description_nipplesmetalmadepurchasedpipe,0.0
categorical__industry_description_nightvisionopticaldevicemanufacturing,0.0
categorical__industry_description_nonmotorizedferrykenairivercrossingseasonal,0.0
categorical__industry_description_nonhazardouswastetreatmentdisposalfacilitiesexceptcombustorsincineratorslandfillssewersystemssewagetreatmentfacilities,0.0
categorical__industry_description_nonferrouswireexceptaluminumcoppermadepurchasednonferrousmetalsexceptaluminumcopperwiredrawingplants,0.0
categorical__industry_description_aluminumladdersmanufacturing,0.0
categorical__industry_description_nonferrousmetalsexceptaluminumunfinishedcastingsexceptdiecastingsmanufacturing,0.0
categorical__industry_description_nonferrousmetalsexceptaluminumsmeltingrefiningprimary,0.0
categorical__industry_description_nonferrousmetalsexceptaluminumfoundriesexceptdiecasting,0.0
categorical__industry_description_nonferrousmetalsexceptaluminumcoppersecondarysmeltingrefining,0.0
categorical__industry_description_nonferrousmetalexceptaluminumsmeltingrefining,0.0
categorical__industry_description_nonferrousmetalexceptaluminumshapesmadeprimarynonferrousmetalsmeltingrefiningmills,0.0
categorical__industry_description_nonferrousmetaldiecastingfoundries,0.0
categorical__industry_description_nonferrousdiecastingfoundries,0.0
categorical__industry_description_nonferrouscastings,0.0
categorical__industry_description_nonferrousalloysexceptaluminumcoppermadeintegratedsecondarysmeltingalloyingplants,0.0
categorical__industry_description_nonfatdrymilkmanufacturing,0.0
categorical__industry_description_nonemergencymedicaltransport,0.0
categorical__industry_description_noseearplugsmanufacturing,0.0
categorical__industry_description_noodlesdrymanufacturing,0.0
categorical__industry_description_nonwovenfeltsmanufacturing,0.0
categorical__industry_description_nonwovenfabrictapesmanufacturing,0.0
categorical__industry_description_nonwovenfabricsmanufacturing,0.0
categorical__industry_description_nonwovenfabricmills,0.0
categorical__industry_description_nonupholsteredwoodhouseholdfurnituremanufactur,0.0
categorical__industry_description_nonupholsteredhouseholdtypecustomwoodfurnituremanufacturing,0.0
categorical__industry_description_nonscheduledairpassengertransportation,0.0
categorical__industry_description_nonscheduledairfreighttransportation,0.0
categorical__industry_description_nonresidentialpropertymanaging,0.0
categorical__industry_description_nonresidentialpropertymanagers,0.0
categorical__industry_description_nonresidentialglassglazingcontractors,0.0
categorical__industry_description_aluminumingotsecondarysmeltingaluminummanufacturing,0.0
categorical__industry_description_nonprescriptiondrugsmerchantwholesalers,0.0
categorical__industry_description_nonprescriptiondrugpreparationsmanufacturing,0.0
categorical__industry_description_nuclearshieldingfabricatedmetalplateworkmanufacturing,0.0
categorical__industry_description_nuclearpowerplantconstruction,0.0
categorical__industry_description_nuclearmedicineegradioactiveisotopespreparationsmanufacturing,0.0
categorical__industry_description_nuclearirradiationequipmentmanufacturing,0.0
categorical__industry_description_nuclearinstrumentmodulesmanufacturing,0.0
categorical__industry_description_nuclearelectricpowergeneration,0.0
categorical__industry_description_nuclearelectricpowerdistibution,0.0
categorical__industry_description_nozzlesfirefightingmanufacturing,0.0
categorical__industry_description_nozzlesaerosolsprayplasticsmanufacturing,0.0
categorical__industry_description_noveltyshops,0.0
categorical__industry_description_noveltieswoodfibermanufacturing,0.0
categorical__industry_description_noveltiesspecialtiesnonpreciousmetalpreciousplatedmanufacturing,0.0
categorical__industry_description_noveltiesnotspecifiedelsewheremanufacturing,0.0
categorical__industry_description_noveltiesmerchantwholesalers,0.0
categorical__industry_description_aluminumingotsecondarymanufacturing,0.0
categorical__industry_description_notebooksincludingmechanicallyboundwireplasticsmadepurchasedpaper,0.0
categorical__industry_description_nursingcarefacilities,0.0
categorical__industry_description_nursingagenciesprimarilyprovidinghomenursingservices,0.0
categorical__industry_description_nursestaffing,0.0
categorical__industry_description_nurseslicensedpracticalregisteredofficesegcentersclinics,0.0
categorical__industry_description_nurserytreeproductionexceptreforestation,0.0
categorical__industry_description_nurserytreeproduction,0.0
categorical__industry_description_nurserystockgrowing,0.0
categorical__industry_description_nurserystockexceptplantbulbsseedsmerchantwholesalers,0.0
categorical__industry_description_nurserygardencenterstreeproduction,0.0
categorical__industry_description_nurserygardencenterfarmsupplystores,0.0
categorical__industry_description_nursery,0.0
categorical__industry_description_nurseriesreforestationgrowingtrees,0.0
categorical__industry_description_nurseregistries,0.0
categorical__industry_description_nurseassociationsvisiting,0.0
categorical__industry_description_numericalcontrolsmanufacturing,0.0
categorical__industry_description_nuclearwastecasksheavygaugemetalmanufacturing,0.0
categorical__industry_description_nylonbagmanufacturer,0.0
categorical__industry_description_nutsunprocessedshelledonlymerchantwholesalers,0.0
categorical__industry_description_nutssaltedroastedcookedcannedmanufacturing,0.0
categorical__industry_description_nutsmetalmanufacturing,0.0
categorical__industry_description_nutsmachineharvesting,0.0
categorical__industry_description_nutskernelsseedsroastingprocessing,0.0
categorical__industry_description_nutsegcannedroastedsaltedmerchantwholesalers,0.0
categorical__industry_description_nutschocolatecoveredmadepurchasedchocolate,0.0
categorical__industry_description_nutschocolatecoveredmadecacaobeans,0.0
categorical__industry_description_nuthullingshelling,0.0
categorical__industry_description_nutepackagedstores,0.0
categorical__industry_description_nursinghomesretirement,0.0
categorical__industry_description_nursinghomehealthpublictraveling,0.0
categorical__industry_description_nursinghome,0.0
categorical__industry_description_nursingcarefacility,0.0
categorical__industry_description_aluminumingototherprimaryaluminumproductionshapesmadebauxitealumina,0.0
categorical__industry_description_ofcsallothermischlthpractitioners,0.0
categorical__industry_description_ofcphysiciansexcmentalhealth,0.0
categorical__industry_description_oceanographicresearchdevelopmentlaboratoriesservices,0.0
categorical__industry_description_occupationaltherapistsofficesegcentersclinics,0.0
categorical__industry_description_occupationalsafetyhealthadministration,0.0
categorical__industry_description_obstetriciansofficesegcentersclinics,0.0
categorical__industry_description_obstetricalhospital,0.0
categorical__industry_description_observatoriesresearchinstitutions,0.0
categorical__industry_description_oatsrolledecerealbreakfastfoodmanufacturing,0.0
categorical__industry_description_oatmealecerealbreakfastfoodmanufacturing,0.0
categorical__industry_description_oatflourmanufacturing,0.0
categorical__industry_description_nylonyarntwistingwindingpurchasedyarn,0.0
categorical__industry_description_nylonthreadmanufacturing,0.0
categorical__industry_description_nylonspunyarnsmadepurchasedfiber,0.0
categorical__industry_description_nylonresinsmanufacturing,0.0
categorical__industry_description_nylonfibersfilamentsmanufacturing,0.0
categorical__industry_description_officefurnitureexceptwoodpaddedupholsteredplainexceptwoodmanufacturing,0.0
categorical__industry_description_officefurnitureexceptwoodmanufacturing,0.0
categorical__industry_description_officeequipmentmerchantwholesalers,0.0
categorical__industry_description_officebuildingrentalleasing,0.0
categorical__industry_description_officebuildingconstruction,0.0
categorical__industry_description_officebuilding,0.0
categorical__industry_description_officeadministrativeservicesmanufacturing,0.0
categorical__industry_description_ambulanceservices,0.0
categorical__industry_description_officeadministrativeservice,0.0
categorical__industry_description_officeadministrationservices,0.0
categorical__industry_description_officeadmin,0.0
categorical__industry_description_office,0.0
categorical__industry_description_offhighwaytrucksmanufacturing,0.0
categorical__industry_description_offhighwaytrackedvehiclesexceptconstructionarmoredmilitarymanufacturing,0.0
categorical__industry_description_ofcsphysiciansmentalhlthspec,0.0
categorical__industry_description_ofcsphysiciansexcmentalhlth,0.0
categorical__industry_description_officesphysicians,0.0
categorical__industry_description_officesotherholdingcompanies,0.0
categorical__industry_description_officesotherhealthpractitioners,0.0
categorical__industry_description_officesmentalhealthphysicians,0.0
categorical__industry_description_officeservicescompany,0.0
categorical__industry_description_officesclinicsdoctorsmedicine,0.0
categorical__industry_description_offices,0.0
categorical__industry_description_officephysicians,0.0
categorical__industry_description_officepaperegcomputerprinterphotocopyplainpapermadepapermills,0.0
categorical__industry_description_officepaperegcomputerprinterphotocopyplainpapercutsheetmadepurchasedpaper,0.0
categorical__industry_description_ambulanceservicecosallotheremplys,0.0
categorical__industry_description_officemachinerepairmaintenanceservicesexceptcommunicationequipment,0.0
categorical__industry_description_officefurniturestores,0.0
categorical__industry_description_officefurniturepaddedupholsteredplainwoodmanufacturing,0.0
categorical__industry_description_officefurnituremodularsysteminstallation,0.0
categorical__industry_description_officefurnituremerchantwholesalers,0.0
categorical__industry_description_oilanimalrendering,0.0
categorical__industry_description_oiladditivepreparationsmanufacturing,0.0
categorical__industry_description_offtrackbettingparlors,0.0
categorical__industry_description_offshorecrudepetroleumproduction,0.0
categorical__industry_description_offsetprintingpressesmanufacturing,0.0
categorical__industry_description_ambulanceservice,0.0
categorical__industry_description_offsetinksmanufacturing,0.0
categorical__industry_description_offroadallterrainvehiclesatvswheeledtrackeddealers,0.0
categorical__industry_description_officewarehousedistributioncentercompanybrandedfireextinguisherssmokealarmscarbonmonoxidealarms,0.0
categorical__industry_description_officesupplystores,0.0
categorical__industry_description_officesuppliesexceptfurnituremachinesmerchantwholesalers,0.0
categorical__industry_description_officesuppliesdiecutpapermadepurchasedpaperpaperboard,0.0
categorical__industry_description_officesspecialtytherapists,0.0
categorical__industry_description_officesphysiciansmentalhealthspecialists,0.0
categorical__industry_description_officesphysiciansexceptmentalhealthspecialists,0.0
categorical__industry_description_officesphysiciansexceptmentalhealth,0.0
categorical__industry_description_oilgasexplorationproduction,0.0
categorical__industry_description_oilgas,0.0
categorical__industry_description_oilfiltersautomotivetruckbusmanufacturing,0.0
categorical__industry_description_oilfieldtoolsmanufactoring,0.0
categorical__industry_description_oilfieldserviceswaterhaulingetc,0.0
categorical__industry_description_oilfieldservicesoilgassupportservices,0.0
categorical__industry_description_ambulancesassemblingpurchasedchassis,0.0
categorical__industry_description_oilfieldroadconstruction,0.0
categorical__industry_description_oilfieldmachineryequipmentrentalleasing,0.0
categorical__industry_description_oilfieldexplorationexceptsurveyingcontractbasis,0.0
categorical__industry_description_oilfieldcontractor,0.0
categorical__industry_description_oilfiedrotatingequiipmentrepair,0.0
categorical__industry_description_oilepetroleumrefineries,0.0
categorical__industry_description_oildrillingmudsmerchantwholesalers,0.0
categorical__industry_description_oilcompanyheadquarters,0.0
categorical__industry_description_oilbasedadditivesmaderefinedpetroleum,0.0
categorical__industry_description_oilpetroleummerchantwholesalersexceptbulkstationsterminals,0.0
categorical__industry_description_oilpetroleumbulkstationsterminals,0.0
categorical__industry_description_oilkernelsmerchantwholesalers,0.0
categorical__industry_description_oilgaswelldrillingservicesredrillingspuddingtailingcontractbasis,0.0
categorical__industry_description_oilgaspipelinerelatedstructuresconstruction,0.0
categorical__industry_description_oilgaspipelineotherrelatedstructures,0.0
categorical__industry_description_oilgasoffshorefloatingplatformsmanufacturing,0.0
categorical__industry_description_oilgasfieldtypedrillingmachineryequipmentexceptoffshorefloatingplatformsmanufacturing,0.0
categorical__industry_description_ambulancemerchantwholesalers,0.0
categorical__industry_description_oilgasfieldexplorationownaccount,0.0
categorical__industry_description_oilgasfieldequipmentmanufacturingwarehousing,0.0
categorical__industry_description_oilgasfieldequipmentmanufacturing,0.0
categorical__industry_description_oilgasfieldequipmentmachinesequipmentmanufacturingeducation,0.0
categorical__industry_description_oilgasfielddistributionlineconstruction,0.0
categorical__industry_description_oilgasfielddevelopmentownaccount,0.0
categorical__industry_description_oilgasextraction,0.0
categorical__industry_description_oilwellrigbuildingrepairingdismantlingcontractbasis,0.0
categorical__industry_description_oilwelloilfieldpumpsmanufacturing,0.0
categorical__industry_description_oilwellmachineryequipmentmerchantwholesalers,0.0
categorical__industry_description_oilwellloggingcontractbasis,0.0
categorical__industry_description_oilwelldrillingmachineryequipmentrentalleasing,0.0
categorical__industry_description_oilwastemerchantwholesalers,0.0
categorical__industry_description_oilsvegetableanimalmedicinaluncompoundedmanufacturing,0.0
categorical__industry_description_oilstoragetanksheavygaugemetalmanufacturing,0.0
categorical__industry_description_oilspillcleanupservices,0.0
categorical__industry_description_oilspetroleumlubricatingrerefiningused,0.0
categorical__industry_description_oilslubricatingsyntheticmanufacturing,0.0
categorical__industry_description_oilslubricatingpetroleummaderefinedpetroleum,0.0
categorical__industry_description_oilsegcuttinglubricatingsyntheticmanufacturing,0.0
categorical__industry_description_oilseedgraincombinationfarmingfieldseedproduction,0.0
categorical__industry_description_oilseedcrushingextractingmachinerymanufacturing,0.0
categorical__industry_description_oilsealmanufacturer,0.0
categorical__industry_description_operationsallemployeesautomobiletowingcompani,0.0
categorical__industry_description_operatingsystemssoftwarecomputerpackaged,0.0
categorical__industry_description_operatingroomtablesmanufacturing,0.0
categorical__industry_description_operacompanies,0.0
categorical__industry_description_onionfarmingfieldbeddingplantseedproduction,0.0
categorical__industry_description_onealsteelinc,0.0
categorical__industry_description_onealmetalstexaslp,0.0
categorical__industry_description_onealmetalspennsylvaniainc,0.0
categorical__industry_description_onealflatrolledmetalsllc,0.0
categorical__industry_description_oncologistsofficesegcentersclinics,0.0
categorical__industry_description_olivesbrined,0.0
categorical__industry_description_oleicacidestersmanufacturing,0.0
categorical__industry_description_olefinsmaderefinedpetroleumliquidhydrocarbons,0.0
categorical__industry_description_oldsoldiershomesnursingcare,0.0
categorical__industry_description_oldagehomesnursingcare,0.0
categorical__industry_description_oilwellsupplyhousesmerchantwholesalers,0.0
categorical__industry_description_optometristsofficesegcentersclinics,0.0
categorical__industry_description_optoelectronicdevicesmanufacturing,0.0
categorical__industry_description_opticaltestinspectionequipmentmanufacturing,0.0
categorical__industry_description_opticalreadersscannersmanufacturing,0.0
categorical__industry_description_opticalinstrumentlensmanufacturing,0.0
categorical__industry_description_opticalgunsightingfirecontrolequipmentinstrumentsmanufacturing,0.0
categorical__industry_description_opticalgoodsmanufacturer,0.0
categorical__industry_description_opticalelectricalequipmentmanufacturing,0.0
categorical__industry_description_opticalalignmentdisplayinstrumentsexceptphotographicmanufacturing,0.0
categorical__industry_description_ophthalmometersophthalmoscopesmanufacturing,0.0
categorical__industry_description_ophthalmologistsofficesegcentersclinics,0.0
categorical__industry_description_ophthalmicinstrumentsapparatusexceptlasersurgicalmanufacturing,0.0
categorical__industry_description_ophthalmicgoodsmanufacturing,0.0
categorical__industry_description_ophthalmicgoodsexceptcamerasmerchantwholesalers,0.0
categorical__industry_description_ambulancefireservicecombined,0.0
categorical__industry_description_operationsnocdepa,0.0
categorical__industry_description_ornamentalmetalworkmanufacturing,0.0
categorical__industry_description_ornamentalmetalworkinstallation,0.0
categorical__industry_description_ornamentalironworkmerchantwholesalers,0.0
categorical__industry_description_ornamentalarchitecturalmetalworkmanufacturing,0.0
categorical__industry_description_ornamentalarchitecturalmetalworkmanufactur,0.0
categorical__industry_description_orientedstrandboardosbmanufacturing,0.0
categorical__industry_description_ambulancecorp,0.0
categorical__industry_description_organizersclosetsdrawersshelvesplasticsmanufacturing,0.0
categorical__industry_description_organicchemicalsmerchantwholesalers,0.0
categorical__industry_description_organdonorcentersbody,0.0
categorical__industry_description_organbanksbody,0.0
categorical__industry_description_oreconcentratesmerchantwholesalers,0.0
categorical__industry_description_ordertakingofficesmailorderhouses,0.0
categorical__industry_description_orchestras,0.0
categorical__industry_description_orangeoilmanufacturing,0.0
categorical__industry_description_ambulancebodiesmanufacturing,0.0
categorical__industry_description_osteopathicphysiciansexceptmentalhealthofficesegcentersclinics,0.0
categorical__industry_description_osteopathichospitals,0.0
categorical__industry_description_osseinmanufacturing,0.0
categorical__industry_description_osborientedstrandboardmanufacturing,0.0
categorical__industry_description_orthoticprostheticdevicemfgcami,0.0
categorical__industry_description_orthopedicsurgeonsofficesegcentersclinics,0.0
categorical__industry_description_amatolsmanufacturing,0.0
categorical__industry_description_orthopedichospitals,0.0
categorical__industry_description_orthopedichosieryelasticmanufacturing,0.0
categorical__industry_description_amateursportsteamsrecreational,0.0
categorical__industry_description_orthopedicdevicesmanufacturing,0.0
categorical__industry_description_orthodontistsofficesegcentersclinics,0.0
categorical__industry_description_orthodonticappliancecustommadedentallaboratories,0.0
categorical__industry_description_ornamentalwoodworkegcornicesmantelsmanufacturing,0.0
categorical__industry_description_ornamentalstatuaryprecastconcreteproductsmanufacturing,0.0
categorical__industry_description_ornamentalplantgrowing,0.0
categorical__industry_description_aftershavepreparationsmanufacturing,0.0
categorical__industry_description_aftermarketsupportmaintenancerepairoverhaulmroaircraftsystemscargolightingactuationheliservolandinggearstructuralsisohwvsishoistwinchamsfansordermanagementspareslogisticsaircraftgroundservices,0.0
categorical__industry_description_aftercoolerseheatexchangersmanufacturing,0.0
categorical__industry_description_amalgamsdentalmanufacturing,0.0
categorical__industry_description_aerospaceproductspartsmanfacturing,0.0
categorical__industry_description_aerospacemfg,0.0
categorical__industry_description_aerospacemanufacturing,0.0
categorical__industry_description_aerospaceenginepartsmanufacturer,0.0
categorical__industry_description_aerospaceelectronicsystems,0.0
categorical__industry_description_aerospace,0.0
categorical__industry_description_aerosolvalvesmanufacturing,0.0
categorical__industry_description_aerosolpackagingservices,0.0
categorical__industry_description_aerosolcanslightgaugemetalmanufacturing,0.0
categorical__industry_description_aerosolcanfillingjobordercontractbasis,0.0
categorical__industry_description_amalgamatorsemetallurgicalminingmachinerymanufacturing,0.0
categorical__industry_description_aeronauticalequipmentsuppliesmerchantwholesalers,0.0
categorical__industry_description_aluminumtubemadedrawingextrudingpurchasedaluminum,0.0
categorical__industry_description_othercommunicationenergywiremanufacturing,0.0
categorical__industry_description_othercommercialserviceindustrymachinerymanufacturing,0.0
categorical__industry_description_otherchemicalalliedproductsmerchantwholesalers,0.0
categorical__industry_description_otherbuildingmaterialsdealer,0.0
categorical__industry_description_otherbuildingmaterialdealers,0.0
categorical__industry_description_otherbuildingmaterial,0.0
categorical__industry_description_otherbuildingfinishingcontractors,0.0
categorical__industry_description_otherbuildingequipmentcontractors,0.0
categorical__industry_description_otherautomotivemechanicalelectricalrepairmaintenance,0.0
categorical__industry_description_otherambulatoryhealthcareservices,0.0
categorical__industry_description_otherairportservices,0.0
categorical__industry_description_otherairportoperations,0.0
categorical__industry_description_otheraircraftpartsauxiliaryequipmentmanufacturing,0.0
categorical__industry_description_otheractivitiesrelatedrealestate,0.0
categorical__industry_description_otheraccountingservices,0.0
categorical__industry_description_otherjusticepublicordersafetyactivites,0.0
categorical__industry_description_otherindustrialmachinerymanufacturing,0.0
categorical__industry_description_aluminumtubebloomsmadeextrudingpurchasedaluminum,0.0
categorical__industry_description_aluminumsulfatemanufacturing,0.0
categorical__industry_description_otherguidedmissilespacevehiclepartsauxiliaryequipmentmanufacturing,0.0
categorical__industry_description_othergroceryrelatedproductsmerchantwholesaler,0.0
categorical__industry_description_othergroceryrelatedproductsmerchandising,0.0
categorical__industry_description_othergroceryrelatedprod,0.0
categorical__industry_description_aluminumsmeltingsecondarymakingingotbilletexceptrolling,0.0
categorical__industry_description_otherfoundationstructurebuildingexteriorcontractors,0.0
categorical__industry_description_otherengineequipmentmanufacturing,0.0
categorical__industry_description_otherelectroniccomponentmanufacturing,0.0
categorical__industry_description_otherdirectsellingestablishment,0.0
categorical__industry_description_otherconvertedpaperproductmanufacturing,0.0
categorical__industry_description_otherconcreteproductmanufacturing,0.0
categorical__industry_description_othercomputerrelatedservices,0.0
categorical__industry_description_othersupportactivitiesroadtransportation,0.0
categorical__industry_description_ammunitioncartsmanufacturing,0.0
categorical__industry_description_othersocialadvocacyorganizations,0.0
categorical__industry_description_othersnackfoodmfg,0.0
categorical__industry_description_otherservicesbuildingsdwellings,0.0
categorical__industry_description_otherretailstores,0.0
categorical__industry_description_ammunitionboxeswoodmanufacturing,0.0
categorical__industry_description_otherpressedblownglassglasswaremanufacturing,0.0
categorical__industry_description_othermotorvehiclepartsmanufacturing,0.0
categorical__industry_description_othermiscellaneousnondurablegoodsmerchantwholesalers,0.0
categorical__industry_description_othermiscellaneousdurablegoodsmerchantwholesalers,0.0
categorical__industry_description_othermiscellaneousdurablegoodsmerchandisewholesale,0.0
categorical__industry_description_othermillworkincludingflooring,0.0
categorical__industry_description_othermillwork,0.0
categorical__industry_description_othermetalvalvepipefittingmanufacturing,0.0
categorical__industry_description_othermeasuringcontrollingdevicemanufacturing,0.0
categorical__industry_description_outpatienttherapycasemanagementadministration,0.0
categorical__industry_description_outpatienttherapyadministration,0.0
categorical__industry_description_ammunitionboxeslightgaugemetalmanufacturing,0.0
categorical__industry_description_outpatientmentalhealthsubstanceabusecenters,0.0
categorical__industry_description_outpatientmentalhealthsubstanceabusecente,0.0
categorical__industry_description_ammoniumsulfatemanufacturing,0.0
categorical__industry_description_outpatientfamilypracticemedicinewbehavioralhealthservices,0.0
categorical__industry_description_outpatientclinicprovidingrehabservicespmc,0.0
categorical__industry_description_outletboxeselectricalwiringmanufacturing,0.0
categorical__industry_description_outdoorsportingequipmentstores,0.0
categorical__industry_description_outdooramusementcompany,0.0
categorical__industry_description_outdooradventureoperationsegwhitewaterraftingaccommodations,0.0
categorical__industry_description_otolaryngologistsofficesegcentersclinics,0.0
categorical__industry_description_ammoniumplantconstruction,0.0
categorical__industry_description_otherwarehousingstorage,0.0
categorical__industry_description_otherutilitysupportservices,0.0
categorical__industry_description_overheaddoorcommercialindustrialtypeinstallation,0.0
categorical__industry_description_overheadconveyorsmanufacturing,0.0
categorical__industry_description_overhead,0.0
categorical__industry_description_overhaulrepairaircraftengines,0.0
categorical__industry_description_overallsworkmensboyscutsewnpurchasedfabricexceptapparelcontractors,0.0
categorical__industry_description_overalljacketsworkmensboyscutsewnpurchasedfabricexceptapparelcontractors,0.0
categorical__industry_description_ovensindustrialprocesslaboratorytypemanufacturing,0.0
categorical__industry_description_ovensfreestandinghouseholdtypemanufacturing,0.0
categorical__industry_description_ovenscommercialtypemerchantwholesalers,0.0
categorical__industry_description_ovenscommercialtypemanufacturing,0.0
categorical__industry_description_ovensbakerymanufacturing,0.0
categorical__industry_description_ovencleanersmanufacturing,0.0
categorical__industry_description_ovccrushrefinepackaging,0.0
categorical__industry_description_ovccrushrefine,0.0
categorical__industry_description_outsidesalesservicesskf,0.0
categorical__industry_description_outpatienttreatmentcentersclinicsdrugaddiction,0.0
categorical__industry_description_packaging,0.0
categorical__industry_description_packagestoreseliquor,0.0
categorical__industry_description_packagedgases,0.0
categorical__industry_description_packagedgas,0.0
categorical__industry_description_packagedfrozenfoodmerchantwholesalers,0.0
categorical__industry_description_pacifiersrubbermanufacturing,0.0
categorical__industry_description_pacemakersmanufacturing,0.0
categorical__industry_description_p100800,0.0
categorical__industry_description_p100000padmin,0.0
categorical__industry_description_oxygenequipmentrentalehomeuse,0.0
categorical__industry_description_oxalicacidmanufacturing,0.0
categorical__industry_description_oxalatesegammoniumoxalateethyloxalatesodiumoxalatemanufacturing,0.0
categorical__industry_description_overpassconstruction,0.0
categorical__industry_description_overheadtravelingcranesmanufacturing,0.0
categorical__industry_description_overheadtravelingcranehoistmonorailsyst,0.0
categorical__industry_description_overheaddoorresidentialtypeinstallation,0.0
categorical__industry_description_packingfruitsvegetables,0.0
categorical__industry_description_packingcrateswoodmanufacturing,0.0
categorical__industry_description_packersfluidsmanufacturing,0.0
categorical__industry_description_packdeliverherbs,0.0
categorical__industry_description_ammoniumhydroxidemanufacturing,0.0
categorical__industry_description_packagingplasticsegblisterbubblemanufacturing,0.0
categorical__industry_description_ammoniumcompoundsnotspecifiedelsewhereprocessmanufacturing,0.0
categorical__industry_description_packaginglabelingservices,0.0
categorical__industry_description_packagingindustrialdesignservices,0.0
categorical__industry_description_packagingfreshfarmdriedfruitsvegetables,0.0
categorical__industry_description_packagingfreshfarmdriedfruits,0.0
categorical__industry_description_packagingfoamplasticsexceptpolystyrenemanufacturing,0.0
categorical__industry_description_packagingfilmplasticssinglewebmultiwebmanufacturing,0.0
categorical__industry_description_packagingdistribution,0.0
categorical__industry_description_packagingcustomergoods,0.0
categorical__industry_description_packagingcoatingsmanufacturing,0.0
categorical__industry_description_paintinglineshighwaysstreetsbridges,0.0
categorical__industry_description_paintingexceptroofcontractors,0.0
categorical__industry_description_paintingdrywall,0.0
categorical__industry_description_paintingcontractor,0.0
categorical__industry_description_painting,0.0
categorical__industry_description_paintherapycentersclinicsoutpatient,0.0
categorical__industry_description_paintcoatingmanufacturing,0.0
categorical__industry_description_paintbrushesmanufacturing,0.0
categorical__industry_description_pailswoodmanufacturing,0.0
categorical__industry_description_pailsplywoodmanufacturing,0.0
categorical__industry_description_pailsplasticsmanufacturing,0.0
categorical__industry_description_padswaddingnonwovenmanufacturing,0.0
categorical__industry_description_padsdeskmadepurchasedpaper,0.0
categorical__industry_description_padscorrugatedsolidfiberboardmadepurchasedpaperpaperboard,0.0
categorical__industry_description_paddleswoodmanufacturing,0.0
categorical__industry_description_packingpreparinggoodsshipping,0.0
categorical__industry_description_palletcontainerswoodwoodmetalcombinationmanufacturing,0.0
categorical__industry_description_palletcontainerswoodwoodmeta,0.0
categorical__industry_description_paintwallpaperstripping,0.0
categorical__industry_description_paintvarnishremoversmanufacturing,0.0
categorical__industry_description_paintstores,0.0
categorical__industry_description_paintstickswoodmanufacturing,0.0
categorical__industry_description_paintsticksmetalmanufacturing,0.0
categorical__industry_description_paintsexceptartistsmerchantwholesalers,0.0
categorical__industry_description_ammoniumchloridemanufacturing,0.0
categorical__industry_description_paintsemulsionelatexpaintmanufacturing,0.0
categorical__industry_description_paintrollersmerchantwholesalers,0.0
categorical__industry_description_paintrollersmanufacturing,0.0
categorical__industry_description_paintmanufacturingretail,0.0
categorical__industry_description_paintingsprayingcoatingroof,0.0
categorical__industry_description_paintingpaperhangingnocshopoperations,0.0
categorical__industry_description_paintingmetalsmetalproductstrade,0.0
categorical__industry_description_panelsprefabricatedwoodbuildingmanufacturing,0.0
categorical__industry_description_panelsprefabricatedmetalbuildingmanufacturing,0.0
categorical__industry_description_panelshardwoodplywoodmanufacturing,0.0
categorical__industry_description_panelrigidboardinsulationinstallation,0.0
categorical__industry_description_panelmetalinstallation,0.0
categorical__industry_description_panelinginstallation,0.0
categorical__industry_description_panelboardselectricpowerdistributionmerchantwholesalers,0.0
categorical__industry_description_panelboardselectricpowerdistributionmanufacturing,0.0
categorical__industry_description_palmiticacidestersaminesmanufacturing,0.0
categorical__industry_description_palletswoodwoodmetalcombinationmanufacturing,0.0
categorical__industry_description_palletsortrepair,0.0
categorical__industry_description_palletsmetalmanufacturing,0.0
categorical__industry_description_palletskidjacksmanufacturing,0.0
categorical__industry_description_palletpartswoodmanufacturing,0.0
categorical__industry_description_palletpartsmetalmanufacturing,0.0
categorical__industry_description_palletmoversmanufacturing,0.0
categorical__industry_description_paperdishesegcupsplatesmadepurchasedpaperpaperboard,0.0
categorical__industry_description_paperdishesegcupsplatesmademoldedpulp,0.0
categorical__industry_description_papercupsmadepurchasedpaperpaperboard,0.0
categorical__industry_description_papercorrugatedmadepurchasedpaperpaperboard,0.0
categorical__industry_description_paperconverting,0.0
categorical__industry_description_paperboardproductsegcontainersmadepaperboardmills,0.0
categorical__industry_description_paperboardpastedlinedlaminatedsurfacecoatedmadepurchasedpaperboard,0.0
categorical__industry_description_paperboardpaperboardproductsexceptofficesuppliesmerchantwholesalers,0.0
categorical__industry_description_paperboardmills,0.0
categorical__industry_description_paperboardegcandrumstockcontainerboardcorrugatingmediumfoldingcartonstocklinerboardtubemanufacturing,0.0
categorical__industry_description_paperboardcontainermanufacturing,0.0
categorical__industry_description_paperboardcoatinglaminatingtreatingpaperboardmills,0.0
categorical__industry_description_paperbagsuncoatedmadepurchasedpaper,0.0
categorical__industry_description_paperbagscoatedmadepurchasedpaper,0.0
categorical__industry_description_paperbagmakingmachinerymanufacturing,0.0
categorical__industry_description_panelworkwoodmillworkmanufacturing,0.0
categorical__industry_description_papernewsprintuncoatedgroundwoodmanufacturing,0.0
categorical__industry_description_papernapkinstableclothsmadepurchasedpaper,0.0
categorical__industry_description_papermillsuncoatedgroundwood,0.0
categorical__industry_description_papermillsnewsprint,0.0
categorical__industry_description_papermillsexceptnewsprintuncoatedgroundwoodpapermills,0.0
categorical__industry_description_papermills,0.0
categorical__industry_description_papermillmachineryrepair,0.0
categorical__industry_description_papermill,0.0
categorical__industry_description_papermanufacturingconverting,0.0
categorical__industry_description_papermakingmachineryrepairmaintenanceservices,0.0
categorical__industry_description_papermakingmachinerymanufacturing,0.0
categorical__industry_description_paperexceptofficesuppliesprintingpaperstationerywritingpapermerchantwholesalers,0.0
categorical__industry_description_paperexceptnewsprintuncoatedgroundwoodproductsmadepapermills,0.0
categorical__industry_description_paperexceptnewsprintuncoatedgroundwoodmanufacturing,0.0
categorical__industry_description_paperexceptnewsprintuncoatedgroundwoodcoatedlaminatedtreatedmadepapermills,0.0
categorical__industry_description_paperegfineprintingwritingbulkmerchantwholesalers,0.0
categorical__industry_description_paraffinservicesoilgasfieldcontractbasis,0.0
categorical__industry_description_parachutesmanufacturing,0.0
categorical__industry_description_papertowelsmadepurchasedpaper,0.0
categorical__industry_description_papertowelsmadepapermills,0.0
categorical__industry_description_paperstockconversionpaperproductsegbagsackstockenvelopestocktissuestockwallpaperstockmanufacturing,0.0
categorical__industry_description_papershredding,0.0
categorical__industry_description_paperscrapmerchantwholesalers,0.0
categorical__industry_description_paperpulpmillconstruction,0.0
categorical__industry_description_paperproductsexceptofficesupplydiecutmadepurchasedpaperpaperboard,0.0
categorical__industry_description_paperproducts,0.0
categorical__industry_description_paperplatesmadepurchasedpaperpaperboard,0.0
categorical__industry_description_paperpaperboardcuttingfoldingmachinerymanufacturing,0.0
categorical__industry_description_paperpaperboardcorrugatingmachinerymanufacturing,0.0
categorical__industry_description_paperpaperboardconvertingmachinerymanufacturing,0.0
categorical__industry_description_paperofficeegcarboncomputercopiertypewritermerchantwholesalers,0.0
categorical__industry_description_papernoveltiesmadepurchasedpaper,0.0
categorical__industry_description_parksnature,0.0
categorical__industry_description_parksegthemewateramusement,0.0
categorical__industry_description_parkrecreationalopenspaceimprovementconstruction,0.0
categorical__industry_description_parkingservicesvalet,0.0
categorical__industry_description_parkingsecurityservices,0.0
categorical__industry_description_parkingmetersmanufacturing,0.0
categorical__industry_description_parkinglotpavingsealing,0.0
categorical__industry_description_parkinglotmarkinglinepainting,0.0
categorical__industry_description_parkinggaragesautomobile,0.0
categorical__industry_description_parkinggarageconstruction,0.0
categorical__industry_description_parkerizingmetalsmetalproductstrade,0.0
categorical__industry_description_parentingsupportservices,0.0
categorical__industry_description_ammoniafertilizermaterialmerchantwholesalers,0.0
categorical__industry_description_parcelmailingservicescombinedonemoreotherofficesupportservicesprivate,0.0
categorical__industry_description_paratransittransportationservices,0.0
categorical__industry_description_paraffinsmaderefinedpetroleumliquidhydrocarbons,0.0
categorical__industry_description_ammoniaexceptfertilizermaterialmerchantwholesalers,0.0
categorical__industry_description_partitionsfreestandingprefabricatedmanufacturing,0.0
categorical__industry_description_partitionsfloorattachmentprefabricatedmanufacturing,0.0
categorical__industry_description_partitionscorrugatedsolidfibermadepurchasedpaperpaperboard,0.0
categorical__industry_description_partitionmoveabledemountableinstallation,0.0
categorical__industry_description_partitionegofficewashroommetalinstallation,0.0
categorical__industry_description_particleboardmanufacturing,0.0
categorical__industry_description_particlebeamexcitationinstrumentslaboratorytypemanufacturing,0.0
categorical__industry_description_particleacceleratorshighvoltagemanufacturing,0.0
categorical__industry_description_parquetflooringinstallation,0.0
categorical__industry_description_parquetflooringhardwoodmanufacturing,0.0
categorical__industry_description_paroleofficespubliclyadministered,0.0
categorical__industry_description_paroleofficesprobationoffices,0.0
categorical__industry_description_parkwayconstruction,0.0
categorical__industry_description_parksrecreationcommissiongovernment,0.0
categorical__industry_description_parksrecreation,0.0
categorical__industry_description_passengervanrentaldriverexceptshuttleservicetaxi,0.0
categorical__industry_description_passengertransportationinlandwatersexceptgreatlakessystem,0.0
categorical__industry_description_ammoniaanhydrousaqueousmanufacturing,0.0
categorical__industry_description_passengershipbuilding,0.0
categorical__industry_description_passengerrailwayslinehaul,0.0
categorical__industry_description_passengercarriersairscheduled,0.0
categorical__industry_description_passengercarrental,0.0
categorical__industry_description_passengercarleasing,0.0
categorical__industry_description_aminoresinsmanufacturing,0.0
categorical__industry_description_passengerairtransportationnonscheduled,0.0
categorical__industry_description_partyrentalsupplycenters,0.0
categorical__industry_description_partyplanningservices,0.0
categorical__industry_description_partygoodsegpapersuppliesdecorationsnoveltiesstores,0.0
categorical__industry_description_partyebanquetequipmentrental,0.0
categorical__industry_description_partsusedmotorvehiclemerchantwholesalers,0.0
categorical__industry_description_partsnewmotorvehiclemerchantwholesalers,0.0
categorical__industry_description_patrollingevisualinspectionelectrictransmissiongaslines,0.0
categorical__industry_description_patioconstruction,0.0
categorical__industry_description_patioblockconcretemanufacturing,0.0
categorical__industry_description_patientmonitoringequipmentmerchantwholesalers,0.0
categorical__industry_description_pathologylaboratoriesmedical,0.0
categorical__industry_description_pathologistssurgicalofficesegcentersclinics,0.0
categorical__industry_description_pathologicalanalysislaboratories,0.0
categorical__industry_description_patentmedicinepreparationsmanufacturing,0.0
categorical__industry_description_pastriesegdanishfrenchfreshmadecommercialbakeries,0.0
categorical__industry_description_pasteurizingmilk,0.0
categorical__industry_description_pasteurizingequipmentfoodmanufacturing,0.0
categorical__industry_description_pastesfruitvegetablecanning,0.0
categorical__industry_description_pastesadhesivemanufacturing,0.0
categorical__industry_description_pastamixesmadepurchaseddryingredients,0.0
categorical__industry_description_pastafreshmanufacturing,0.0
categorical__industry_description_passengervehiclefleetleasing,0.0
categorical__industry_description_peanutroastingmachinesefoodmanufacturingtypemanufacturing,0.0
categorical__industry_description_peanutfarming,0.0
categorical__industry_description_peanutbuttermanufacturing,0.0
categorical__industry_description_peanutbutterblendedjellymanufacturing,0.0
categorical__industry_description_peacecorps,0.0
categorical__industry_description_payrollservices,0.0
categorical__industry_description_payrollprocessingservices,0.0
categorical__industry_description_pavingresidentialcommercialdrivewayparkinglot,0.0
categorical__industry_description_pavingmachinerymanufacturing,0.0
categorical__industry_description_pavingcontractor,0.0
categorical__industry_description_pavingblocksmixturesmadepurchasedasphalticmaterials,0.0
categorical__industry_description_pavingblocksconcretemanufacturing,0.0
categorical__industry_description_paverbrickegdrivewaypatiosidewalkinstallation,0.0
categorical__industry_description_patternsplansegclothingpatternscommercialprintingexceptblueprintingscreenpublishing,0.0
categorical__industry_description_patternsexceptshoeindustrialmanufacturing,0.0
categorical__industry_description_patrolservicessecurity,0.0
categorical__industry_description_perfumematerialsebasicsyntheticchemicalssuchterpineolmanufacturing,0.0
categorical__industry_description_performingartscenteroperators,0.0
categorical__industry_description_americanindianalaskanativetribalcouncils,0.0
categorical__industry_description_pepperespicemanufacturing,0.0
categorical__industry_description_pepperegbellchiligreenhotredsweetfarming,0.0
categorical__industry_description_peoprofessionalemployerorganizations,0.0
categorical__industry_description_pentoliteexplosivematerialsmanufacturing,0.0
categorical__industry_description_pentanesmaderefinedpetroleumliquidhydrocarbons,0.0
categorical__industry_description_pensmanufacturing,0.0
categorical__industry_description_penetratingfluidssyntheticmanufacturing,0.0
categorical__industry_description_pediatriciansexceptmentalhealthofficesegcentersclinics,0.0
categorical__industry_description_pecanhullingshelling,0.0
categorical__industry_description_pecanfarming,0.0
categorical__industry_description_pearlessencepigmentsyntheticmanufacturing,0.0
categorical__industry_description_pearfarming,0.0
categorical__industry_description_americanindianalaskanativetribalchiefschairmansoffice,0.0
categorical__industry_description_personalwatercraftmanufacturing,0.0
categorical__industry_description_personalsafetydevicesnotspecifiedelsewheremanufacturing,0.0
categorical__industry_description_personalleathergoodsegcoinpurseseyeglasscaseskeycasessmallmanufacturing,0.0
categorical__industry_description_personalholdingcompanies,0.0
categorical__industry_description_personalcomputersmanufacturing,0.0
categorical__industry_description_personalcarehome,0.0
categorical__industry_description_peroxidesorganicmanufacturing,0.0
categorical__industry_description_permanentmoldcastingsnonferrousmetalexceptaluminumunfinishedmanufacturing,0.0
categorical__industry_description_permanentmoldcastingsaluminumunfinishedmanufacturing,0.0
categorical__industry_description_perliteexpandedmanufacturing,0.0
categorical__industry_description_perishablepreparedfoodmanufacturing,0.0
categorical__industry_description_peripheralequipmentcomputermerchantwholesalers,0.0
categorical__industry_description_peripheralcontrollerboardsmanufacturing,0.0
categorical__industry_description_periodicalscommercialprintingexceptscreenpublishing,0.0
categorical__industry_description_perfumestores,0.0
categorical__industry_description_perfumesmanufacturing,0.0
categorical__industry_description_petpetsupplies,0.0
categorical__industry_description_petfoodmerchantwholesalers,0.0
categorical__industry_description_amusementrideconcessionoperatorsesupplyingservicingothersfacilities,0.0
categorical__industry_description_petcare,0.0
categorical__industry_description_pesticidesmanufacturing,0.0
categorical__industry_description_pesticidesexceptagriculturalmerchantwholesalers,0.0
categorical__industry_description_pesticidesagriculturalmerchantwholesalers,0.0
categorical__industry_description_pesticidemanufacturing,0.0
categorical__industry_description_pestcontrolservicesforestry,0.0
categorical__industry_description_amusementparkexhibitionoperatation,0.0
categorical__industry_description_amusementparkequipmentmerchantwholesalers,0.0
categorical__industry_description_amusementmachinescoinoperatedmanufacturing,0.0
categorical__industry_description_pertroleumrailterminal,0.0
categorical__industry_description_personnelofficesgovernment,0.0
categorical__industry_description_personnelmanagementassociations,0.0
categorical__industry_description_personnelegindustrialofficesuppliers,0.0
categorical__industry_description_petroleumproductswholesalers,0.0
categorical__industry_description_petroleumpolymerresinsmanufacturing,0.0
categorical__industry_description_petroleumpipelinesrefined,0.0
categorical__industry_description_amusementarcades,0.0
categorical__industry_description_petroleumpetroleumproductswholesalers,0.0
categorical__industry_description_amplifiersmagneticpulsemasermanufacturing,0.0
categorical__industry_description_petroleumpetroleumproductsbulkstationsterminals,0.0
categorical__industry_description_petroleumlubricatingoilsmaderefinedpetroleum,0.0
categorical__industry_description_petroleumlubricatingoilsmadepetroleumrefineries,0.0
categorical__industry_description_petroleumlubricatingoilgreasemanufacturing,0.0
categorical__industry_description_petroleumengineeringservices,0.0
categorical__industry_description_petroleumbulkterminal,0.0
categorical__industry_description_petroleumbulkstationsterminalsrail,0.0
categorical__industry_description_petroleumbulkstationsterminals,0.0
categorical__industry_description_petroleumbrokers,0.0
categorical__industry_description_petpetsuppliesstores,0.0
categorical__industry_description_amplifiersegautohomemusicalinstrumentpublicaddressmanufacturing,0.0
categorical__industry_description_pharmaceuticalpreparationmanufacturing,0.0
categorical__industry_description_pharmaceuticalpreparation,0.0
categorical__industry_description_pharmaceuticalmanufacturingplantconstruction,0.0
categorical__industry_description_pharmaceuticaldistribution,0.0
categorical__industry_description_pharmaceutical,0.0
categorical__industry_description_amphetaminesuncompoundedmanufacturing,0.0
categorical__industry_description_petsuppliesexceptpetfoodmerchantwholesalers,0.0
categorical__industry_description_petsmerchantwholesalers,0.0
categorical__industry_description_petroleumwaxesmaderefinedpetroleum,0.0
categorical__industry_description_petroleumtrucking,0.0
categorical__industry_description_petroleumterminal,0.0
categorical__industry_description_petroleumstoragetanksheavygaugemetalmanufacturing,0.0
categorical__industry_description_petroleumrefiningmachinerymanufacturing,0.0
categorical__industry_description_petroleumrefineryconstruction,0.0
categorical__industry_description_ammunitionsportingmerchantwholesalers,0.0
categorical__industry_description_phosphoruscompoundsnotspecifiedelsewhereprocessmanufacturing,0.0
categorical__industry_description_phosphoricacidestersmanufacturing,0.0
categorical__industry_description_phosphaticfertilizermaterialsmanufacturing,0.0
categorical__industry_description_phosgenemanufacturing,0.0
categorical__industry_description_phonographrecordsmanufacturing,0.0
categorical__industry_description_phenolmanufacturing,0.0
categorical__industry_description_phenolicresinsmanufacturing,0.0
categorical__industry_description_phenolformaldehyderesinsmanufacturing,0.0
categorical__industry_description_ammunitionsmanufacturing,0.0
categorical__industry_description_pharmacueticalwholesale,0.0
categorical__industry_description_pharmaciesdrugstores,0.0
categorical__industry_description_pharmacies,0.0
categorical__industry_description_pharmaceuticalspreparationsmanufacturing,0.0
categorical__industry_description_pharmaceuticalsmerchantwholesalers,0.0
categorical__industry_description_pharmaceuticalresearchdevelopment,0.0
categorical__industry_description_pharmaceuticalpreparationsmanufacturing,0.0
categorical__industry_description_ammunitionsmallarmse30mmless118inchlessmanufacturing,0.0
categorical__industry_description_physicalfitnesscenters,0.0
categorical__industry_description_physicaldistributionconsultingservices,0.0
categorical__industry_description_photovoltaicpanelsmadepurchasedcells,0.0
categorical__industry_description_photovoltaicdevicessolidstatemanufacturing,0.0
categorical__industry_description_photovoltaiccellsmanufacturing,0.0
categorical__industry_description_photonicintegratedcircuitsmanufacturing,0.0
categorical__industry_description_photomasksmanufacturing,0.0
categorical__industry_description_photographyservicesportraitegstillvideo,0.0
categorical__industry_description_ammunitionloadingassemblingplants,0.0
categorical__industry_description_photographicmicrographicxrayplasticssheetfilmexceptsensitizedmanufacturing,0.0
categorical__industry_description_photographicfilmpaperplatechem,0.0
categorical__industry_description_photographicfilmclothpaperplatesensitizedmanufacturing,0.0
categorical__industry_description_photographicequipmentsuppliesmerchantwholesalers,0.0
categorical__industry_description_photographicchemicalsmanufacturing,0.0
categorical__industry_description_photofinishinglabsexceptonehour,0.0
categorical__industry_description_picnicgrounds,0.0
categorical__industry_description_pickupdropoffsitesdrycleanerslaundries,0.0
categorical__industry_description_pickupcanopiescapscoversmanufacturing,0.0
categorical__industry_description_picklingmetalsmetalproductstrade,0.0
categorical__industry_description_picklesmanufacturing,0.0
categorical__industry_description_pickermachinerytextilesmanufacturing,0.0
categorical__industry_description_physicsresearchdevelopmentlaboratoriesservices,0.0
categorical__industry_description_physiciansmentalhealthofficesegcentersclinics,0.0
categorical__industry_description_ammunitionexceptsportingmerchantwholesalers,0.0
categorical__industry_description_physiciansassistantsofficesegcentersclinics,0.0
categorical__industry_description_physicianpractices,0.0
categorical__industry_description_physicalvapordepositioncoatings,0.0
categorical__industry_description_physicaltherapyofficesegcentersclinics,0.0
categorical__industry_description_physicaltherapistsofficesegcentersclinics,0.0
categorical__industry_description_ammunitionexceptsmallarmsmanufacturing,0.0
categorical__industry_description_physicalpropertiestestinginspectionequipmentmanufacturing,0.0
categorical__industry_description_pilingeboredcastplacedrilledbuildingfoundationcontractors,0.0
categorical__industry_description_piledrivingmarine,0.0
categorical__industry_description_piledrivingbuildingfoundation,0.0
categorical__industry_description_pigmentspaintmerchantwholesalers,0.0
categorical__industry_description_pigmentsexceptboneblackcarbonblacklampblackinorganicmanufacturing,0.0
categorical__industry_description_pigmentsexceptanimalblackboneblackorganicmanufacturing,0.0
categorical__industry_description_pigironmerchantwholesalers,0.0
categorical__industry_description_pigfarming,0.0
categorical__industry_description_piezoelectricdevicesmanufacturing,0.0
categorical__industry_description_piezoelectriccrystalsmanufacturing,0.0
categorical__industry_description_piesfrozenmanufacturing,0.0
categorical__industry_description_piesfreshmadecommercialbakeries,0.0
categorical__industry_description_piersamusement,0.0
categorical__industry_description_pierconstruction,0.0
categorical__industry_description_piecegoodsexceptburlapfeltmerchantwholesalers,0.0
categorical__industry_description_picnicjugsplasticsexceptfoammanufacturing,0.0
categorical__industry_description_pipelinefacilitycrudeoil,0.0
categorical__industry_description_pipelineconstructionoilgasfieldgatheringlinespointdistributioncontractbasis,0.0
categorical__industry_description_pipeironsteelmadeironsteelmills,0.0
categorical__industry_description_pipehangerssupportsmetalmanufacturing,0.0
categorical__industry_description_pipefittingsrigidplasticsmanufacturing,0.0
categorical__industry_description_pipefittingsrigidplasticsmanufactu,0.0
categorical__industry_description_pipefittingcontractors,0.0
categorical__industry_description_ammunitionemore30mmmore118inchmanufacturing,0.0
categorical__industry_description_pipefabricatedmetalplatemanufacturing,0.0
categorical__industry_description_pipeegheavyrivetedlockjointseamlessweldedmadepurchasedironsteel,0.0
categorical__industry_description_pipeductboilerinsulation,0.0
categorical__industry_description_pipecuttingthreadingmachinesmetalworkingmanufacturing,0.0
categorical__industry_description_pipeconcretemanufacturing,0.0
categorical__industry_description_pipecleanersmanufacturing,0.0
categorical__industry_description_pinsexceptpreciousmanufacturing,0.0
categorical__industry_description_pillowsbedmadepurchasedmaterials,0.0
categorical__industry_description_piperigidplasticsmanufacturing,0.0
categorical__industry_description_piperigidplasticmanufacturing,0.0
categorical__industry_description_piperailingsmetalmanufacturing,0.0
categorical__industry_description_pipepipefittingsmadepurchasedmetalpipe,0.0
categorical__industry_description_pipepipefittingscastironmanufacturing,0.0
categorical__industry_description_pipemetalmerchantwholesalers,0.0
categorical__industry_description_pipeliningexceptthermalinsulatingcontractors,0.0
categorical__industry_description_pipelinetransportationrefinedpetroleumproducts,0.0
categorical__industry_description_pipelinetransportationnaturalgas,0.0
categorical__industry_description_pipelinetransportationgasolineotherrefinedpetroleumproducts,0.0
categorical__industry_description_pipelinetransportationexceptcrudeoilnaturalgasrefinedpetroleumproducts,0.0
categorical__industry_description_pipelinetransportationcrudeoil,0.0
categorical__industry_description_pipelineterminalfacilitiesindependentlyoperated,0.0
categorical__industry_description_anglevalvesindustrialtypemanufacturing,0.0
categorical__industry_description_pipelineinspectionevisualservices,0.0
categorical__industry_description_pipelinegasoilconstruction,0.0
categorical__industry_description_pizzeriasfullservice,0.0
categorical__industry_description_pizzasfrozenmerchantwholesalers,0.0
categorical__industry_description_pizzasfrozenmanufacturing,0.0
categorical__industry_description_pizzasfreshmanufacturing,0.0
categorical__industry_description_pizzasexceptfrozenmerchantwholesalers,0.0
categorical__industry_description_angleringsemachinetoolaccessorymanufacturing,0.0
categorical__industry_description_pizzaparlorsfullservice,0.0
categorical__industry_description_pizzadoughsmadepurchasedflour,0.0
categorical__industry_description_pizzadeliveryshops,0.0
categorical__industry_description_pitchroofingmadepurchasedasphalticmaterials,0.0
categorical__industry_description_pistonspistonringsmanufacturing,0.0
categorical__industry_description_pipetobaccopreparedmanufacturing,0.0
categorical__industry_description_pipetestingservicesoilgasfieldcontractbasis,0.0
categorical__industry_description_pipetesting,0.0
categorical__industry_description_pipesorganmanufacturing,0.0
categorical__industry_description_pipesealingcompoundsmanufacturing,0.0
categorical__industry_description_plantornamentalgrowing,0.0
categorical__industry_description_plantingmachinesfarmtypemanufacturing,0.0
categorical__industry_description_plantingmachineryequipmentfarmtypemerchantwholesalers,0.0
categorical__industry_description_plantingcrops,0.0
categorical__industry_description_plantgrowthregulantsmanufacturing,0.0
categorical__industry_description_planshealthwelfarerelatedemployeebenefit,0.0
categorical__industry_description_planingpurchasedlumber,0.0
categorical__industry_description_planingmillsmillwork,0.0
categorical__industry_description_planingmillsexceptmillwork,0.0
categorical__industry_description_planerswoodworkingtypestationarymanufacturing,0.0
categorical__industry_description_planersmetalworkingmanufacturing,0.0
categorical__industry_description_placingtyingreinforcingrodconstructionsite,0.0
categorical__industry_description_placesworship,0.0
categorical__industry_description_placentabanks,0.0
categorical__industry_description_pl,0.0
categorical__industry_description_pizzeriaslimitedserviceegtakeout,0.0
categorical__industry_description_plasticsbasicshapesegfilmrodsheetsheetingtubingmerchantwholesalers,0.0
categorical__industry_description_plasticrecycling,0.0
categorical__industry_description_plasticizersebasicsyntheticchemicalsmanufacturing,0.0
categorical__industry_description_plasticinjectionmolding,0.0
categorical__industry_description_plasticglassothermediablastingservices,0.0
categorical__industry_description_plasticextrusionpipemanufacturing,0.0
categorical__industry_description_plasticbagswraps,0.0
categorical__industry_description_plasteringeornamentalplaincontractors,0.0
categorical__industry_description_plastergypsummanufacturing,0.0
categorical__industry_description_plasmaweldingequipmentmanufacturing,0.0
categorical__industry_description_plasmasmanufacturing,0.0
categorical__industry_description_angleironsmetalmanufacturing,0.0
categorical__industry_description_plasmapheresiscenters,0.0
categorical__industry_description_plasmapheresiscenter,0.0
categorical__industry_description_anestheticpreparationsmanufacturing,0.0
categorical__industry_description_anesthesiologistsofficesegcentersclinics,0.0
categorical__industry_description_anesthesiaapparatusmanufacturing,0.0
categorical__industry_description_plasticsproductsmanufacturing,0.0
categorical__industry_description_plasticsplumbingfixturemanufacturing,0.0
categorical__industry_description_plasticspipepipefittingmanufacturing,0.0
categorical__industry_description_plasticspipefittingmanufacturing,0.0
categorical__industry_description_plasticsmoldingassembly,0.0
categorical__industry_description_plasticsmisc,0.0
categorical__industry_description_plasticsmaterialsmerchantwholesalers,0.0
categorical__industry_description_plasticsmaterialsbasicformsshapesmerchantwholesalers,0.0
categorical__industry_description_plasticsmaterialresinmanufacturing,0.0
categorical__industry_description_plasticsmanufacturing,0.0
categorical__industry_description_plasticslaminatedoverparticleboardegfixturetopsmanufacturing,0.0
categorical__industry_description_plasticsincludingfiberglassfurnitureexceptupholsteredhouseholdtypemanufacturing,0.0
categorical__industry_description_plasticsfoamproductsexceptdisposablemerchantwholesalers,0.0
categorical__industry_description_plasticsfilmunlaminatedsheetexceptpackagingmanufacturing,0.0
categorical__industry_description_plasticscoatingtextilesapparel,0.0
categorical__industry_description_platinumrefiningprimary,0.0
categorical__industry_description_platinumplatinumalloyrollingdrawingextrudingpurchasedmetalsscrap,0.0
categorical__industry_description_platingmetalsmetalproductstrade,0.0
categorical__industry_description_platinglandinggearcomponents,0.0
categorical__industry_description_plateworkmanufacturing,0.0
categorical__industry_description_plateworkfabricatedmetalmanufacturing,0.0
categorical__industry_description_anchorboltmanufacturing,0.0
categorical__industry_description_platelaminatedplasticsmanufacturing,0.0
categorical__industry_description_plateironsteelmadeironsteelmills,0.0
categorical__industry_description_plastisolcoatingcompoundsmanufacturing,0.0
categorical__industry_description_plasticsworkingmachinerymanufacturing,0.0
categorical__industry_description_plasticsurgeonsofficesegcentersclinics,0.0
categorical__industry_description_plasticssyntheticresinsregeneratingprecipitatingcoagulating,0.0
categorical__industry_description_plasticsscrapmerchantwholesalers,0.0
categorical__industry_description_plasticsrubberbeltshosesfittingsmanufacturing,0.0
categorical__industry_description_plasticsresinscustomcompoundingpurchased,0.0
categorical__industry_description_plumbingfittingscouplingsegcompressionfittingsmetalelbowsmetalunionsmanufacturing,0.0
categorical__industry_description_plumbingequipmentmerchantwholesalers,0.0
categorical__industry_description_analyzerstestingelectricalcharacteristicsmanufacturing,0.0
categorical__industry_description_plumbingconstruction,0.0
categorical__industry_description_plumbersputtymanufacturing,0.0
categorical__industry_description_plumbers,0.0
categorical__industry_description_plugvalvesindustrialtypemanufacturing,0.0
categorical__industry_description_plugswoodmanufacturing,0.0
categorical__industry_description_plugsmagneticmetaldrainmanufacturing,0.0
categorical__industry_description_plugefloricultureproductsgrowing,0.0
categorical__industry_description_plowsfarmtypemanufacturing,0.0
categorical__industry_description_plowsconstructionegexcavatinggradingmanufacturing,0.0
categorical__industry_description_pliershandtoolsmanufacturing,0.0
categorical__industry_description_pleasureboatsmanufacturing,0.0
categorical__industry_description_playgroundequipmentmanufacturing,0.0
categorical__industry_description_playgroundequipmentinstallation,0.0
categorical__industry_description_plumbingsupplystores,0.0
categorical__industry_description_analyzersindustrialprocesscontroltypemanufacturing,0.0
categorical__industry_description_plumbinghvacserviceprovider,0.0
categorical__industry_description_plumbingheatingvalvesmerchantwholesalers,0.0
categorical__industry_description_plumbingheatinginlinevalvesegcheckcutoffsstopmanufacturing,0.0
categorical__industry_description_analyticallaboratoryinstrumentmfg,0.0
categorical__industry_description_plumbingheatingairconditioningcontractors,0.0
categorical__industry_description_plumbingheatingairconditioningcontractor,0.0
categorical__industry_description_plumbingheatingairconditioning,0.0
categorical__industry_description_plumbingheatingac,0.0
categorical__industry_description_plumbingfixturesvitreouschinamanufacturing,0.0
categorical__industry_description_plumbingfixturesmetalmanufacturing,0.0
categorical__industry_description_plumbingfixturesmerchantwholesalers,0.0
categorical__industry_description_plumbingfixturesegshowerstallstoiletsurinalsplasticsfiberglassmanufacturing,0.0
categorical__industry_description_plumbingfixtureinstallation,0.0
categorical__industry_description_plumbingfixturefittingstrimallmaterialsmanufacturing,0.0
categorical__industry_description_polesroundwoodcuttingtreating,0.0
categorical__industry_description_polesconcretemanufacturing,0.0
categorical__industry_description_polelineconstruction,0.0
categorical__industry_description_pointsaleterminalsmanufacturing,0.0
categorical__industry_description_pointingdevicescomputerperipheralequipmentmanufacturing,0.0
categorical__industry_description_pneumaticvalvesfluidpowermanufacturing,0.0
categorical__industry_description_pneumatictubeconveyorsysteminstallation,0.0
categorical__industry_description_pneumatictubeconveyorsmanufacturing,0.0
categorical__industry_description_pneumatichosefittingsfluidpowermanufacturing,0.0
categorical__industry_description_pneumaticdeicerselectronicscomponentsheatedcompositesspecialtyheatedproductsheatedelastomerics,0.0
categorical__industry_description_pneumaticcylindersfluidpowermanufacturing,0.0
categorical__industry_description_plywoodsoftwoodmanufacturing,0.0
categorical__industry_description_plywoodmerchantwholesalers,0.0
categorical__industry_description_plywoodhardwoodmanufacturing,0.0
categorical__industry_description_plywoodfacednonwoodmaterialssoftwoodmanufacturing,0.0
categorical__industry_description_plywoodfacednonwoodmaterialshardwoodmanufacturing,0.0
categorical__industry_description_polyesterfilamentyarnthrowingtwistingtexturizingwindingpurchasedyarn,0.0
categorical__industry_description_polyesterfibersfilamentsmanufacturing,0.0
categorical__industry_description_polycarbonateresinsmanufacturing,0.0
categorical__industry_description_polishothersanitationgoodmfgbleachmfg,0.0
categorical__industry_description_polishothersanitationgoodmfgbleachhouseholdcleanermfg,0.0
categorical__industry_description_polishingpreparationsmanufacturing,0.0
categorical__industry_description_polishingmetalsmetalproductstrade,0.0
categorical__industry_description_polishingbuffingmachinesmetalworkingmanufacturing,0.0
categorical__industry_description_polishesegautomobilefurnituremetalshoestovemerchantwholesalers,0.0
categorical__industry_description_polishesegautomobilefurnituremetalshoemanufacturing,0.0
categorical__industry_description_policeprotection,0.0
categorical__industry_description_policefiredepartmentscombined,0.0
categorical__industry_description_policedepartment,0.0
categorical__industry_description_policeamericanindianalaskanativetribal,0.0
categorical__industry_description_police,0.0
categorical__industry_description_poleswoodtreating,0.0
categorical__industry_description_polystyreneresinsmanufacturing,0.0
categorical__industry_description_polystyrenefoamproducts,0.0
categorical__industry_description_polystyrenefoamproductmanufacturing,0.0
categorical__industry_description_analyticallaboratoryinstrumentmanufacturing,0.0
categorical__industry_description_polypropylenespunyarnsmadepurchasedfiber,0.0
categorical__industry_description_polypropyleneresinsmanufacturing,0.0
categorical__industry_description_polypropylenefilmunlaminatedsheetexceptpackagingmanufacturing,0.0
categorical__industry_description_polypropylenefilamentyarnthrowingtwistingtexturizingwindingpuchasedyarn,0.0
categorical__industry_description_polyolefinfibersfilamentsmanufacturing,0.0
categorical__industry_description_polymethacrylateresinsmanufacturing,0.0
categorical__industry_description_polyethyleneterephthalatepetfibersfilamentsmanufacturing,0.0
categorical__industry_description_polyethyleneterephathalatepetresinsmanufacturing,0.0
categorical__industry_description_polyethyleneresinsmanufacturing,0.0
categorical__industry_description_polyethylenefilmunlaminatedsheetexceptpackagingmanufacturing,0.0
categorical__industry_description_polyesterthreadmanufacturing,0.0
categorical__industry_description_polyesterresinsmanufacturing,0.0
categorical__industry_description_portablecookingappliancesexceptconvectionmicrowaveovenshouseholdtypeelectricmanufacturing,0.0
categorical__industry_description_portablebuildingsprefabricatedmetalmanufacturing,0.0
categorical__industry_description_porkrindsmanufacturing,0.0
categorical__industry_description_porkprocessing,0.0
categorical__industry_description_porkprimalsubprimalcutsmadepurchasedcarcasses,0.0
categorical__industry_description_porkcarcasseshalfcarcassesprimalsubprimalcutsproducedslaughteringplants,0.0
categorical__industry_description_popularmusicalgroups,0.0
categorical__industry_description_popcornexceptpoppedmanufacturing,0.0
categorical__industry_description_popcornexceptcandycoveredpoppedmanufacturing,0.0
categorical__industry_description_popcorncandycoveredpoppedmanufacturing,0.0
categorical__industry_description_poolswimmingequipmentmerchantwholesalers,0.0
categorical__industry_description_polyvinylfilmunlaminatedsheetexceptpackagingmanufacturing,0.0
categorical__industry_description_polyvinylchloridepvcresinsmanufacturing,0.0
categorical__industry_description_polyvinylalcoholresinsmanufacturing,0.0
categorical__industry_description_polyurethaneresinsmanufacturing,0.0
categorical__industry_description_polyurethanecoatingsmanufacturing,0.0
categorical__industry_description_posterscommercialprintingexceptscreenpublishing,0.0
categorical__industry_description_postcardscommercialprintingexceptscreenpublishing,0.0
categorical__industry_description_postalstationsoperatedcontractbasis,0.0
categorical__industry_description_postalservicesoperateduspostalservice,0.0
categorical__industry_description_postaldeliveryserviceslocaloperateduspostalservice,0.0
categorical__industry_description_postaldeliveryserviceslocaloperatedcontractbasis,0.0
categorical__industry_description_portraitphotographystudios,0.0
categorical__industry_description_portfoliofundmanaging,0.0
categorical__industry_description_portfacilityoperation,0.0
categorical__industry_description_porterbrewing,0.0
categorical__industry_description_portauthoritiesdistrictsnonoperating,0.0
categorical__industry_description_portabletoiletsplasticsmanufacturing,0.0
categorical__industry_description_portabletoiletrentingservicing,0.0
categorical__industry_description_portabletoiletpumpingecleaningservices,0.0
categorical__industry_description_portableintrusiondetectionsignalingdevicesmanufacturing,0.0
categorical__industry_description_portableelectricspaceheatersmanufacturing,0.0
categorical__industry_description_potatosticksmanufacturing,0.0
categorical__industry_description_potatostarchesmanufacturing,0.0
categorical__industry_description_potatoproductsegflakesgranulesdehydrating,0.0
categorical__industry_description_analyticalinstrumentsegchromatographicphotometersspectrographsmerchantwholesalers,0.0
categorical__industry_description_potatoespeeledcutmanufacturing,0.0
categorical__industry_description_analgesicpreparationsmanufacturing,0.0
categorical__industry_description_amusementthemeparks,0.0
categorical__industry_description_potassiumpermanganatemanufacturing,0.0
categorical__industry_description_potassiumcarbonatemanufacturing,0.0
categorical__industry_description_potassicfertilizersmademixingpurchasedmaterials,0.0
categorical__industry_description_potabletoiletservs,0.0
categorical__industry_description_postswoodtreating,0.0
categorical__industry_description_postsconcretemanufacturing,0.0
categorical__industry_description_postpressservicesegbevelingbronzingfoldinggluingedgingfoilstampinggildingprintedmaterials,0.0
categorical__industry_description_postholedigging,0.0
categorical__industry_description_postframingcontractors,0.0
categorical__industry_description_pouredconcretefoundationstructurecontracto,0.0
categorical__industry_description_amusementthemepark,0.0
categorical__industry_description_poultryprocessing,0.0
categorical__industry_description_poultrypoultryproductsexceptcannedpackagedfrozenmerchantwholesalers,0.0
categorical__industry_description_poultrypackagedfrozenmerchantwholesalers,0.0
categorical__industry_description_poultrylivedressedmerchantwholesalers,0.0
categorical__industry_description_poultryhatcheries,0.0
categorical__industry_description_poultryfeedssupplementsconcentratesmanufacturing,0.0
categorical__industry_description_animaloilrendering,0.0
categorical__industry_description_poultryegcannedcookedfreshfrozenmanufacturing,0.0
categorical__industry_description_poultrycatchingservices,0.0
categorical__industry_description_poultrycannedmerchantwholesalers,0.0
categorical__industry_description_poultrybroodersfeederswaterersmanufacturing,0.0
categorical__industry_description_pottingsoilmanufacturing,0.0
categorical__industry_description_potteryproductsmanufacturing,0.0
categorical__industry_description_potspansfabricatedmetalmanufacturing,0.0
categorical__industry_description_aerobicdanceexercisecenters,0.0
categorical__industry_description_aerialworkplatformsmanufacturing,0.0
categorical__industry_description_aerialpickertruckconstructionrentaloperator,0.0
categorical__industry_description_advisorycommissionslegislative,0.0
categorical__industry_description_advisorycommissionsexecutivegovernment,0.0
categorical__industry_description_advertisingspecialtyegkeychainmagnetpendistributionservices,0.0
categorical__industry_description_advertisingservicesindooroutdoordisplay,0.0
categorical__industry_description_advertisingperiodicalpublishersprintingcombined,0.0
categorical__industry_description_advertisingmaterialsegcouponsflyerscommercialprintingexceptscreenpublishing,0.0
categorical__industry_description_advertisingmaterialpreparationservicesmailingotherdirectdistribution,0.0
categorical__industry_description_advertisingagencyconsultingservices,0.0
categorical__industry_description_advertisingagencies,0.0
categorical__industry_description_advancedtechnicalceramicproductmanufacturing,0.0
categorical__industry_description_adulttrainingfacility,0.0
categorical__industry_description_adultliteracyinstruction,0.0
categorical__industry_description_adrenalmedicinalpreparationsmanufacturing,0.0
categorical__industry_description_powercircuitbreakersmanufacturing,0.0
categorical__industry_description_powerboilersmanufacturing,0.0
categorical__industry_description_powerboilerinstallationonly,0.0
categorical__industry_description_powerboilerheatexchangermanufacturing,0.0
categorical__industry_description_power,0.0
categorical__industry_description_powdersbakingmanufacturing,0.0
categorical__industry_description_powdernonferrousmetalsexceptaluminumcoppermadepurchasedmetal,0.0
categorical__industry_description_powdermetallurgypartmanufacturing,0.0
categorical__industry_description_powdermadepurchasedironsteel,0.0
categorical__industry_description_powdermadepurchasedaluminum,0.0
categorical__industry_description_powderironsteelmadeironsteelmills,0.0
categorical__industry_description_powderedmilkmanufacturing,0.0
categorical__industry_description_powdereddrinkmixesexceptchocolatecoffeeteamilkbasedmanufacturing,0.0
categorical__industry_description_powdercoatingsmanufacturing,0.0
categorical__industry_description_powdercoatingmetalsmetalproductstrade,0.0
categorical__industry_description_pouredconcretefoundationstructurecontractors,0.0
categorical__industry_description_powerplanthydroelectricconstruction,0.0
categorical__industry_description_powerplantexcepthydroelectricconstruction,0.0
categorical__industry_description_powerlinestringing,0.0
categorical__industry_description_powergeneratorsmanufacturing,0.0
categorical__industry_description_powergenerationwindelectric,0.0
categorical__industry_description_powergenerationsolarelectric,0.0
categorical__industry_description_powergenerationnuclearelectric,0.0
categorical__industry_description_powergenerationhydroelectric,0.0
categorical__industry_description_animalhospitals,0.0
categorical__industry_description_powergenerationbiomass,0.0
categorical__industry_description_powergeneratingequipmentinstallation,0.0
categorical__industry_description_powerequipmentstoresoutdoor,0.0
categorical__industry_description_powerdrivenhandtoolsmanufacturing,0.0
categorical__industry_description_powerdistributionspecialtytransformermanufacturing,0.0
categorical__industry_description_powerconverterunitseacdcstaticmanufacturing,0.0
categorical__industry_description_powercommunicationlinerelatedstructuresconstruction,0.0
categorical__industry_description_prefabricatedbuildingsmetalmanufacturing,0.0
categorical__industry_description_precutsinglefamilyhousingassemblysitegeneralcontractors,0.0
categorical__industry_description_animalhairmerchantwholesalers,0.0
categorical__industry_description_precioussemipreciousstonesmerchantwholesalers,0.0
categorical__industry_description_preciousmetalsrecoveringscrapalloyingpurchasedmetals,0.0
categorical__industry_description_precastconcreteproductsexceptbrickblockpipemanufacturing,0.0
categorical__industry_description_precastconcretepipemanufacturing,0.0
categorical__industry_description_precastconcretepanelslabforminstallation,0.0
categorical__industry_description_precastconcreteblockbrickmanufacturing,0.0
categorical__industry_description_powerwindowdoorlocksystemsautomotivetruckbusmanufacturing,0.0
categorical__industry_description_powerwashercleaningequipmentmanufacturing,0.0
categorical__industry_description_powertransmissionequipmentelectricalmerchantwholesalers,0.0
categorical__industry_description_powertransformerselectricmanufacturing,0.0
categorical__industry_description_powerswitchboardsmanufacturing,0.0
categorical__industry_description_powersuppliesregulatedunregulatedmanufacturing,0.0
categorical__industry_description_powerplantlngterminal,0.0
categorical__industry_description_preparingsubdividinglandsale,0.0
categorical__industry_description_preparinggoodstransportationecratingpacking,0.0
categorical__industry_description_preparedsaucesexceptgravytomatobasedmanufacturing,0.0
categorical__industry_description_preparedmealsperishablepackagedindividualresale,0.0
categorical__industry_description_preparedfoodsfrozenexceptdairyproductsmerchantwholesalers,0.0
categorical__industry_description_preparedfoodsfrozendairymerchantwholesalers,0.0
categorical__industry_description_preparedfoodsexceptfrozenmerchantwholesalers,0.0
categorical__industry_description_preparedflourmixesmadeflourmills,0.0
categorical__industry_description_preparationoilgasfielddrillingsitesexceptsitepreparationrelatedconstructioncontractoractivitiescontractbasis,0.0
categorical__industry_description_prekprogram,0.0
categorical__industry_description_prek5thgradeelementaryschool,0.0
categorical__industry_description_prefabricatedwoodframecomponentegtrussesinstallation,0.0
categorical__industry_description_prefabricatedwoodbuildingmanufacturing,0.0
categorical__industry_description_prefabricatedmetalbuildingcomponentsmanufacturing,0.0
categorical__industry_description_prefabricatedindustrialbuildingexceptwarehouseserection,0.0
categorical__industry_description_prefabricatedhomesexceptmobilehomeswoodmanufacturing,0.0
categorical__industry_description_pressuresensitivepapertapeexceptmedicalmadepurchasedmaterials,0.0
categorical__industry_description_pressureinstrumentsindustrialprocesstypemanufacturing,0.0
categorical__industry_description_pressurecontrolvalvesexceptfluidpowerindustrialtypemanufacturing,0.0
categorical__industry_description_pressureclutchplateassembliesautomotivetruckbusmanufacturing,0.0
categorical__industry_description_pressforgingsmadepurchasednonferrousmetalsunfinished,0.0
categorical__industry_description_pressforgingsmadepurchasedironsteelunfinished,0.0
categorical__industry_description_pressesprintingexcepttextilemanufacturing,0.0
categorical__industry_description_pressesmetalbalingmanufacturing,0.0
categorical__industry_description_pressesegbendingpunchingshearingstampingmetalformingmanufacturing,0.0
categorical__industry_description_pressedlogssawdustotherwoodparticlesnonpetroleumbindermanufacturing,0.0
categorical__industry_description_pressbrakesmetalworkingmanufacturing,0.0
categorical__industry_description_preservingpurchasedwoodwoodproducts,0.0
categorical__industry_description_prescriptiondrugsmerchantwholesalers,0.0
categorical__industry_description_animalfeedspreparedexceptdogcatmanufacturing,0.0
categorical__industry_description_preschoolcenters,0.0
categorical__industry_description_prepressprintingservicesegcolorseparationimagesettingphotocompositiontypesetting,0.0
categorical__industry_description_animalfeedsprepareddogcatmanufacturing,0.0
categorical__industry_description_primarysmeltingnonferrousmetalsexceptaluminum,0.0
categorical__industry_description_primarysmeltingaluminum,0.0
categorical__industry_description_primaryschools,0.0
categorical__industry_description_primaryrefiningnonferrousmetalsexceptaluminum,0.0
categorical__industry_description_primarybatterymanufacturing,0.0
categorical__industry_description_primaryaluminumproductionmanufacturingaluminumshapesegbaringotrodsheet,0.0
categorical__industry_description_primaryaluminumproductionmanufacturingaluminumalloys,0.0
categorical__industry_description_pretzelssoftmanufacturing,0.0
categorical__industry_description_pretzelshopspremisebakingcarryoutservice,0.0
categorical__industry_description_pretzelsexceptsoftmanufacturing,0.0
categorical__industry_description_prestressedconcreteproductsexceptblocksbrickspipesmanufacturing,0.0
categorical__industry_description_pressurewashingegbuildingsdecksfences,0.0
categorical__industry_description_pressurevacuumindicatorsaircraftenginemanufacturing,0.0
categorical__industry_description_pressuretreatedlumbermadepurchasedlumber,0.0
categorical__industry_description_pressuretransducersmanufacturing,0.0
categorical__industry_description_printinglithographicexceptbooksgreygoods,0.0
categorical__industry_description_printingletterpressexceptbooksgreygoods,0.0
categorical__industry_description_animalfeedsmanufacturing,0.0
categorical__industry_description_printinginkmanufacturing,0.0
categorical__industry_description_printinggravureexceptbooksgreygoods,0.0
categorical__industry_description_printingflexographicexceptbooksgreygoods,0.0
categorical__industry_description_printingengravingpaperproducts,0.0
categorical__industry_description_printingdigitalegbillboardsotherlargeformatgraphicalmaterialshighresolutionexceptbooksgreygoods,0.0
categorical__industry_description_printingbookspublishing,0.0
categorical__industry_description_printingbindingbookspublishing,0.0
categorical__industry_description_animalfeedsexceptpetfoodmerchantwholesalers,0.0
categorical__industry_description_printerscomputermerchantwholesalers,0.0
categorical__industry_description_printerscomputermanufacturing,0.0
categorical__industry_description_printedcircuitlaminatesmanufacturing,0.0
categorical__industry_description_printedcircuitboardsbaremanufacturing,0.0
categorical__industry_description_printedcircuitassembly,0.0
categorical__industry_description_printshopsquickexceptprintingbooks,0.0
categorical__industry_description_printshopslithographicoffsetexceptprintingbooks,0.0
categorical__industry_description_printshopsletterpressexceptprintingbooks,0.0
categorical__industry_description_printshopsgravureexceptprintingbooks,0.0
categorical__industry_description_printshopsflexographicexceptprintingbooks,0.0
categorical__industry_description_printshopsengravingexceptprintingbooks,0.0
categorical__industry_description_animalfeedmillsdogcatmanufacturing,0.0
categorical__industry_description_printingtextileproductsexceptapparel,0.0
categorical__industry_description_printingscreenexceptbooksmanifoldbusinessformsgreygoods,0.0
categorical__industry_description_printingquickexceptbooksgreygoods,0.0
categorical__industry_description_printingpressrollersmanufacturing,0.0
categorical__industry_description_printingpressesexcepttextilemanufacturing,0.0
categorical__industry_description_printingprepressservicesegcolorseparationimagesettingphotocompositiontypesetting,0.0
categorical__industry_description_animalfeedmanufacturer,0.0
categorical__industry_description_printingpaperbulkmerchantwholesalers,0.0
categorical__industry_description_printingmanifoldbusinessforms,0.0
categorical__industry_description_probeselectricmedicalmanufacturing,0.0
categorical__industry_description_probationofficespubliclyadministered,0.0
categorical__industry_description_privatewarehousingstoragerefrigerated,0.0
categorical__industry_description_animalfatsrendering,0.0
categorical__industry_description_privatewarehousingstoragefarmproductsexceptrefrigerated,0.0
categorical__industry_description_animalfatsexceptpoultrysmallgameproducedslaughteringplants,0.0
categorical__industry_description_privateutilitylocating,0.0
categorical__industry_description_privateschoolselementarysecondary,0.0
categorical__industry_description_privatemailcenters,0.0
categorical__industry_description_privatehouseholdsemployees,0.0
categorical__industry_description_privatedrivewayparkingarealightingcontractors,0.0
categorical__industry_description_privatecollegesexceptcommunityjuniorcollege,0.0
categorical__industry_description_animalexhibitslive,0.0
categorical__industry_description_prisonfarms,0.0
categorical__industry_description_prisonconstruction,0.0
categorical__industry_description_printshopsscreen,0.0
categorical__industry_description_productivityimprovementconsultingservices,0.0
categorical__industry_description_productionsalesdeliverysoftdrinksbottledbeverages,0.0
categorical__industry_description_productioncottondelintingproduction,0.0
categorical__industry_description_productdesigncenterproducttestcentersmokealarmscarbonmonoxidealarms,0.0
categorical__industry_description_producemarkets,0.0
categorical__industry_description_anilinemanufacturing,0.0
categorical__industry_description_procurements,0.0
categorical__industry_description_processservingservices,0.0
categorical__industry_description_processpipinginstallation,0.0
categorical__industry_description_anhydrousammoniamanufacturing,0.0
categorical__industry_description_processedmeatsmanufacturing,0.0
categorical__industry_description_processedmeatsegluncheonsausagemerchantwholesalers,0.0
categorical__industry_description_processedcheesesmanufacturing,0.0
categorical__industry_description_processcontrolinstrumentsindustrialmanufacturing,0.0
categorical__industry_description_anheuserbuschdist,0.0
categorical__industry_description_probessurgicalmanufacturing,0.0
categorical__industry_description_profileshapesegplaterodsheetlaminatedplasticsmanufacturing,0.0
categorical__industry_description_professionalsportspromotersfacilities,0.0
categorical__industry_description_professionalsportsclubs,0.0
categorical__industry_description_professionalofficebuildingrentalleasing,0.0
categorical__industry_description_professionalmembershipassociations,0.0
categorical__industry_description_professionalmanagementdevelopmenttraining,0.0
categorical__industry_description_professionalmagazinesperiodicalsscreenprintingpublishing,0.0
categorical__industry_description_professionalmagazinesperiodicalscommercialprintingexceptscreenpublishing,0.0
categorical__industry_description_professionalmagazineperiodicalpublishersprintingcombined,0.0
categorical__industry_description_professionalinstrumentsmerchantwholesalers,0.0
categorical__industry_description_professionalfootballclubs,0.0
categorical__industry_description_professionalequipmentsuppliesexceptdentalmedicalophthalmicmerchantwholesalers,0.0
categorical__industry_description_professionalemployerorganization,0.0
categorical__industry_description_antennahouseholdtypeinstallation,0.0
categorical__industry_description_professionalbaseballclubs,0.0
categorical__industry_description_producttestinglaboratoriesservices,0.0
categorical__industry_description_propertymanagersofficescommercialrealestate,0.0
categorical__industry_description_propertymanagementrealestateconstruction,0.0
categorical__industry_description_antacidpreparationsmanufacturing,0.0
categorical__industry_description_propertydamageinsurancecarriersdirect,0.0
categorical__industry_description_propertycasualtyinsurancecarriersdirect,0.0
categorical__industry_description_property,0.0
categorical__industry_description_propanedistribution,0.0
categorical__industry_description_propanebulkstationsterminals,0.0
categorical__industry_description_promotersperformingartssportssimilar,0.0
categorical__industry_description_promotersliveperformingartsproductionsegconcertsfacilities,0.0
categorical__industry_description_promotersconventionsfacilities,0.0
categorical__industry_description_promotersartseventsfacilities,0.0
categorical__industry_description_projectionscreensemotionpictureoverheadslidemanufacturing,0.0
categorical__industry_description_projectionequipmentegmotionpictureslidephotographicmerchantwholesalers,0.0
categorical__industry_description_programmingservicescustomcomputer,0.0
categorical__industry_description_profileshapesegrodtubenonrigidplasticsmanufacturing,0.0
categorical__industry_description_protectivepackaging,0.0
categorical__industry_description_protectivemarinecoatingsmanufacturing,0.0
categorical__industry_description_protectivefootwearrubberrubbersoledfabricuppermanufacturing,0.0
categorical__industry_description_protectivefootwearplasticsplasticssoledfabricuppermanufacturing,0.0
categorical__industry_description_prostheticappliancessuppliesmanufacturing,0.0
categorical__industry_description_propyleneresinsmanufacturing,0.0
categorical__industry_description_propylenemaderefinedpetroleumliquidhydrocarbons,0.0
categorical__industry_description_propyleneglycolmanufacturing,0.0
categorical__industry_description_propulsionunitspartsguidedmissilespacevehiclemanufacturing,0.0
categorical__industry_description_propertytaxassessorsoffices,0.0
categorical__industry_description_propertytaxassessorsoffice,0.0
categorical__industry_description_propertyprotectionservicesexceptarmoredcarsecuritysystems,0.0
categorical__industry_description_propertymanagingnonresidentialrealestate,0.0
categorical__industry_description_propertymanagingcommercialrealestate,0.0
categorical__industry_description_propertymanagersofficesresidentialrealestate,0.0
categorical__industry_description_propertymanagersofficesnonresidentialrealestate,0.0
categorical__industry_description_psychotherapistsmdsdosofficesegcentersclinics,0.0
categorical__industry_description_psychotherapistsexceptmdsdosofficesegcentersclinics,0.0
categorical__industry_description_psychologistsofficesegcentersclinicsclinical,0.0
categorical__industry_description_psychoanalystsexceptmdsdosofficesegcentersclinics,0.0
categorical__industry_description_psychiatristsofficesegcentersclinics,0.0
categorical__industry_description_psychiatricsustanceabusehospital,0.0
categorical__industry_description_psychiatricsubstanceabusehospitals,0.0
categorical__industry_description_psychiatricsubstabusehospitals,0.0
categorical__industry_description_psychiatrichospitalsexceptconvalescent,0.0
categorical__industry_description_psychiatrichospitals,0.0
categorical__industry_description_psychiatrichospital,0.0
categorical__industry_description_psychiatricconvalescenthomeshospitals,0.0
categorical__industry_description_psychiatriccentersclinicsexcepthospitalsoutpatient,0.0
categorical__industry_description_psychhospital,0.0
categorical__industry_description_provisionmasstransitrailservices,0.0
categorical__industry_description_providemaintenanceservicef119engines,0.0
categorical__industry_description_publicrelationsagencies,0.0
categorical__industry_description_publicprosecutorsoffices,0.0
categorical__industry_description_answeringservicestelephone,0.0
categorical__industry_description_publicparkservicemaintenance,0.0
categorical__industry_description_publicopinionresearchservices,0.0
categorical__industry_description_publichealthprogramadministrationnonoperating,0.0
categorical__industry_description_publichealthgovernment,0.0
categorical__industry_description_publichealthadmin,0.0
categorical__industry_description_publicfinanceactivities,0.0
categorical__industry_description_publicfinance,0.0
categorical__industry_description_anodizingequipmentmanufacturing,0.0
categorical__industry_description_publicaffairscommunication,0.0
categorical__industry_description_publicadministration,0.0
categorical__industry_description_publicaddresssystemsequipmentmanufacturing,0.0
categorical__industry_description_publicaddresssysteminstallation,0.0
categorical__industry_description_psychsubstanceabusehospital,0.0
categorical__industry_description_publishersnewspapercombinedprinting,0.0
categorical__industry_description_publishersgreetingcardcombinedprinting,0.0
categorical__industry_description_publicworks,0.0
categorical__industry_description_annunciatorsrelaysolidstatetypesindustrialdisplaymanufacturing,0.0
categorical__industry_description_publicwarehousingstorageexceptselfstoragegeneralmerchandise,0.0
categorical__industry_description_publicwarehousingstorageexceptfarmproductsgeneralmerchandiserefrigeratedselfstorage,0.0
categorical__industry_description_publicwarehouseconstruction,0.0
categorical__industry_description_publicutilityexcepttransportationcommissionsnonoperating,0.0
categorical__industry_description_publicutilityassociations,0.0
categorical__industry_description_publictransportationcommissionsnonoperating,0.0
categorical__industry_description_publictransportation,0.0
categorical__industry_description_publicserviceexcepttransportationcommissionsnonoperating,0.0
categorical__industry_description_publicschoolsystem,0.0
categorical__industry_description_publicsafetypolice,0.0
categorical__industry_description_annularballbearingsmanufacturing,0.0
categorical__industry_description_publicsafety,0.0
categorical__industry_description_pulpproductsmoldedmanufacturing,0.0
categorical__industry_description_pulppaperproducts,0.0
categorical__industry_description_pulppaperpaperboardmoldingmachinerymanufacturing,0.0
categorical__industry_description_pulppaperexceptgroundwoodnewsprintcombinedmanufacturing,0.0
categorical__industry_description_pulppaperboardcombinedmanufacturing,0.0
categorical__industry_description_pulpmillsproducingpaperexceptgroundwoodnewsprint,0.0
categorical__industry_description_pulpmillsproducingpaperboard,0.0
categorical__industry_description_pulpmillsnotmakingpaperpaperboard,0.0
categorical__industry_description_pulpmillproducingpaperboard,0.0
categorical__industry_description_pulpmanufacturingmadebagasselintersragsstrawwastepaperwoodmakingpaper,0.0
categorical__industry_description_pulpmanufacturingechemicalmechanicalsemichemicalprocessesmakingpaper,0.0
categorical__industry_description_pulpmakingmachinerymanufacturing,0.0
categorical__industry_description_pulmonaryspecialistsofficesegcentersclinics,0.0
categorical__industry_description_pullingoilgasfieldcasingstubesrodscontractbasis,0.0
categorical__industry_description_pulleyspowertransmissionmanufacturing,0.0
categorical__industry_description_publishersnewspaperexceptexclusiveinternetpublishing,0.0
categorical__industry_description_qualityassurancetraining,0.0
categorical__industry_description_qualifiedindependentcontractor,0.0
categorical__industry_description_qalvizedproducts,0.0
categorical__industry_description_pyrotechnicsegflaresflashlightbombssignalsmanufacturing,0.0
categorical__industry_description_purchasingsupplyagenciesgovernment,0.0
categorical__industry_description_punchingmachinesmetalworkingmanufacturing,0.0
categorical__industry_description_pumpspumpingequipmentindustrialtypemerchantwholesalers,0.0
categorical__industry_description_pumpsoilfieldwellmanufacturing,0.0
categorical__industry_description_pumpsmeasuringdispensingeggasolinemanufacturing,0.0
categorical__industry_description_pumpsindustrialcommercialtypegeneralpurposemanufacturing,0.0
categorical__industry_description_pumpsfluidpowermanufacturing,0.0
categorical__industry_description_pumpsexceptfluidpowergeneralpurposemanufacturing,0.0
categorical__industry_description_pumpsegfueloilwatermechanicalautomotivetruckgasolineengineexceptpowersteeringmanufacturing,0.0
categorical__industry_description_pumppumpingequipmentmanufacturing,0.0
categorical__industry_description_pumpingsystemwaterinstallation,0.0
categorical__industry_description_pumpingstationgasoiltransmissionconstruction,0.0
categorical__industry_description_radarsystemsequipmentmanufacturing,0.0
categorical__industry_description_radarsonarequipementrepairmaintenanceservices,0.0
categorical__industry_description_radardetectorsmanufacturing,0.0
categorical__industry_description_rackshouseholdtypemadepurchasedwire,0.0
categorical__industry_description_racksegbicycleluggageskitireautomotivetruckbusesmanufacturing,0.0
categorical__industry_description_rackpinionsteeringassembliesmanufacturing,0.0
categorical__industry_description_racewaysmanufacturing,0.0
categorical__industry_description_racesballrollerbearingsmanufacturing,0.0
categorical__industry_description_quickprintingexceptbooks,0.0
categorical__industry_description_annuitiesunderwriting,0.0
categorical__industry_description_quartzitedimensionstoneminingquarrying,0.0
categorical__industry_description_quartzcrystalselectronicapplicationmanufacturing,0.0
categorical__industry_description_quarrytilesclaymanufacturing,0.0
categorical__industry_description_quantitysurveyorservices,0.0
categorical__industry_description_qualityoilcompany,0.0
categorical__industry_description_qualitylife,0.0
categorical__industry_description_radiotelevisionbroadcasting,0.0
categorical__industry_description_radiostationsexceptexclusivelyinternet,0.0
categorical__industry_description_radiosexcepthouseholdtypemerchantwholesalers,0.0
categorical__industry_description_annealingvatsheavygaugemetalmanufacturing,0.0
categorical__industry_description_radiohousingsplasticsmanufacturing,0.0
categorical__industry_description_radioheadphonesmanufacturing,0.0
categorical__industry_description_radiographyinspectionservices,0.0
categorical__industry_description_radiofrequencyidentificationrfiddevicesmanufacturing,0.0
categorical__industry_description_radiobroadcastingnetworks,0.0
categorical__industry_description_radiobroadcastingexceptexclusivelyinternetstationsegamfmshortwave,0.0
categorical__industry_description_radioactivewastedisposalfacilities,0.0
categorical__industry_description_radioactivewastecollectinglocalhaulingcombinationdisposaltreatmentfacilities,0.0
categorical__industry_description_radioactivevivodiagnosticsubstancesmanufacturing,0.0
categorical__industry_description_radiatorscoresmanufacturing,0.0
categorical__industry_description_radiationtestinglaboratoriesservices,0.0
categorical__industry_description_radiationdetectionmonitoringinstrumentsmanufacturing,0.0
categorical__industry_description_railroadequipmentsuppliesmerchantwholesalers,0.0
categorical__industry_description_annealingmetalsmetalproductstrade,0.0
categorical__industry_description_railroadcarsselfpropelledmanufacturing,0.0
categorical__industry_description_railroadcarrentalleasing,0.0
categorical__industry_description_railingswoodstairmanufacturing,0.0
categorical__industry_description_railingsmetalmanufacturing,0.0
categorical__industry_description_railcarrepair,0.0
categorical__industry_description_railcarcleaningrepairs,0.0
categorical__industry_description_ragsmerchantwholesalers,0.0
categorical__industry_description_raftsswimmingpooltyperubberinflatablemanufacturing,0.0
categorical__industry_description_radishfarmingfieldseedproduction,0.0
categorical__industry_description_radiotransmittingtowerconstruction,0.0
categorical__industry_description_radiotransmittingantennasgroundequipmentmanufacturing,0.0
categorical__industry_description_radiotelevisiontowersectionsfabricatedstructuralmetalmanufacturing,0.0
categorical__industry_description_radiotelevisionbroadcaststudioconstruction,0.0
categorical__industry_description_radiotelevisionbroadcastingwirelesscommunicationsequipmentmanufacturing,0.0
categorical__industry_description_raisinsmadedehydrationplants,0.0
categorical__industry_description_raincoatswaterrepellentmensboyscutsewnpurchasedfabricexceptapparelcontractors,0.0
categorical__industry_description_railwaymotorscontrolequipmentelectricmanufacturing,0.0
categorical__industry_description_railwayconstructioneginterlockerroadbedsignaltrack,0.0
categorical__industry_description_railsroughwoodmanufacturing,0.0
categorical__industry_description_railsaccessoriesmetalmerchantwholesalers,0.0
categorical__industry_description_railroadtransportationshortlinebeltline,0.0
categorical__industry_description_railroadtransportationscenicsightseeing,0.0
categorical__industry_description_railroadtiesebridgecrossswitchtreating,0.0
categorical__industry_description_railroadterminalsindependentoperation,0.0
categorical__industry_description_railroadswitchingservices,0.0
categorical__industry_description_railroadsignallingequipmentinstallation,0.0
categorical__industry_description_railroadsignalingequipmentmanufacturing,0.0
categorical__industry_description_railroadscenicsightseeingoperation,0.0
categorical__industry_description_railroadrollingstockmanufacturing,0.0
categorical__industry_description_railroadlocomotivespartsexceptdieselenginesmanufacturing,0.0
categorical__industry_description_realestateagentsoffices,0.0
categorical__industry_description_readymixconcreteproduction,0.0
categorical__industry_description_readymixconcretemfg,0.0
categorical__industry_description_ankletssheerhosierysocksknittingknittingfinishing,0.0
categorical__industry_description_animalslaughtering,0.0
categorical__industry_description_razorsexceptelectricmanufacturing,0.0
categorical__industry_description_razorselectricmanufacturing,0.0
categorical__industry_description_rawfarmproductsexceptfieldbeansgrainsmerchantwholesalers,0.0
categorical__industry_description_rawbeetsugarmanufacturing,0.0
categorical__industry_description_ratholemouseholedrillingoilgasfieldscontractbasis,0.0
categorical__industry_description_rareearthcompoundsnotspecifiedelsewhereprocessmanufacturing,0.0
categorical__industry_description_rapeseedfarmingfieldseedproduction,0.0
categorical__industry_description_rangeshouseholdtypecookingmanufacturing,0.0
categorical__industry_description_rangehoodshouseholdtypemanufacturing,0.0
categorical__industry_description_ranching,0.0
categorical__industry_description_rakeshaymanufacturing,0.0
categorical__industry_description_realestaterentalleasingresidentialbuilding,0.0
categorical__industry_description_realestaterentalleasingminiwarehousesselfstorageunits,0.0
categorical__industry_description_realestaterentalleasing,0.0
categorical__industry_description_realestatepropertymanagersofficesresidential,0.0
categorical__industry_description_realestatepropertymanagersofficescommercial,0.0
categorical__industry_description_realestatepropertymanagers,0.0
categorical__industry_description_realestateoperatorslessors,0.0
categorical__industry_description_realestatelistingservices,0.0
categorical__industry_description_realestateleasingpropertymanagement,0.0
categorical__industry_description_realestateinvestmenttrusts,0.0
categorical__industry_description_realestateexceptcemeteriessubdividers,0.0
categorical__industry_description_realestateexceptbuildingrentalleasing,0.0
categorical__industry_description_realestateconsultantsexceptagentsappraisersoffices,0.0
categorical__industry_description_realestatecommercial,0.0
categorical__industry_description_realestateassetmanagementservicesexceptpropertymanagement,0.0
categorical__industry_description_realestateappraisersoffices,0.0
categorical__industry_description_reconstitutedwoodproductmfg,0.0
categorical__industry_description_reconstitutedwoodproductmanufacturing,0.0
categorical__industry_description_reconstitutedwoodpanelsmanufacturing,0.0
categorical__industry_description_animalshelters,0.0
categorical__industry_description_reconditioningoilgasfieldwellscontractbasis,0.0
categorical__industry_description_reconditioningaircraftcomponentsincludingbondrepairpaintingsandingdisassemblyreassemblyweldingndtmaintenancerepairoverhaulaircraftnacelles,0.0
categorical__industry_description_recombinantdnaresearchexperimentaldevelopmentlaboratories,0.0
categorical__industry_description_reclinersupholsteredmanufacturing,0.0
categorical__industry_description_reclaimingrubberwastescrap,0.0
categorical__industry_description_rechargeablebatterypacksmadepurchasedbatterycellshousings,0.0
categorical__industry_description_recappingtires,0.0
categorical__industry_description_rebuildingautomotivetruckgasolineengines,0.0
categorical__industry_description_rebindingbooksmagazinespamphlets,0.0
categorical__industry_description_rebcenter,0.0
categorical__industry_description_rebarcontractors,0.0
categorical__industry_description_reamersemachinetoolaccessorymanufacturing,0.0
categorical__industry_description_recreationalsportsclubfacilities,0.0
categorical__industry_description_recreationalprogramsadministrationgovernment,0.0
categorical__industry_description_recreationalgoodsrental,0.0
categorical__industry_description_recreationalfacilitybuildingconstruction,0.0
categorical__industry_description_recreationalequipmentsuppliesexceptvehiclesmerchantwholesalers,0.0
categorical__industry_description_recreationalegartdancemusictherapistsofficesegcentersclinics,0.0
categorical__industry_description_recreationaldaycampsexceptinstructional,0.0
categorical__industry_description_recreationalcampsaccommodations,0.0
categorical__industry_description_recreationalcampsaccommodationfacilitiesexceptcampgrounds,0.0
categorical__industry_description_recoveringrefiningnonferrousmetalsexceptaluminumcopperscrap,0.0
categorical__industry_description_recoveredfibersprocessing,0.0
categorical__industry_description_recordstoresused,0.0
categorical__industry_description_recordsmanagementconsultingservices,0.0
categorical__industry_description_recordkeeping,0.0
categorical__industry_description_reconstitutingtobacco,0.0
categorical__industry_description_reconstitutedwoodsheetsboardsmanufacturing,0.0
categorical__industry_description_reelsplasticsmanufacturing,0.0
categorical__industry_description_reelsmetalmanufacturing,0.0
categorical__industry_description_reductiongearsgearunitsexceptaircraftpowertransmissionequipmentautomotivemanufacturing,0.0
categorical__industry_description_redimixconcretemfg,0.0
categorical__industry_description_recyclingmanufacturingoffice,0.0
categorical__industry_description_recyclingmaintenace,0.0
categorical__industry_description_recycling,0.0
categorical__industry_description_recycledmaterialmerchantwholesalers,0.0
categorical__industry_description_animalshelterclinicconstruction,0.0
categorical__industry_description_recyclablematerialhaulinglongdistance,0.0
categorical__industry_description_recyclablematerialhaulinglocal,0.0
categorical__industry_description_recyclablematerialcollectionservices,0.0
categorical__industry_description_recreationareaopenspaceconstruction,0.0
categorical__industry_description_recreationalvehiclervdealers,0.0
categorical__industry_description_recreationalvehicleparks,0.0
categorical__industry_description_recreationalsportsteamsleagues,0.0
categorical__industry_description_reflectorsplasticsmanufacturing,0.0
categorical__industry_description_refinnerpetroleumconstruction,0.0
categorical__industry_description_refiningnonferrousmetalsalloysexceptaluminumprimary,0.0
categorical__industry_description_refiningnonferrousmetalsalloysexceptaluminumcoppersecondary,0.0
categorical__industry_description_refiningcrudeoil,0.0
categorical__industry_description_refiningcoppersecondary,0.0
categorical__industry_description_refiningaluminumsecondary,0.0
categorical__industry_description_refining,0.0
categorical__industry_description_refinerypetroleumconstruction,0.0
categorical__industry_description_refinerygasesmadepetroleumrefineries,0.0
categorical__industry_description_refineriespetroleum,0.0
categorical__industry_description_animalsemenbanks,0.0
categorical__industry_description_refermadisonheightshfo,0.0
categorical__industry_description_referencelibraries,0.0
categorical__industry_description_reelswoodmanufacturing,0.0
categorical__industry_description_reelsplywoodmanufacturing,0.0
categorical__industry_description_refrigerationcompressorsmanufacturing,0.0
categorical__industry_description_refrigeratedwarehousingstoragecorporateo,0.0
categorical__industry_description_refrigeratedwarehousingstorage,0.0
categorical__industry_description_refrigeratedwarehousing,0.0
categorical__industry_description_refrigeratedwarehousestroage,0.0
categorical__industry_description_refrigeratedwarehousestorage,0.0
categorical__industry_description_refrigeratedwarehouse,0.0
categorical__industry_description_refrigeratedproductstruckinglongdistance,0.0
categorical__industry_description_refrigeratedproductstruckinglocal,0.0
categorical__industry_description_refractorymineralsminingbeneficiating,0.0
categorical__industry_description_refractorycementnonclaymanufacturing,0.0
categorical__industry_description_refractorybrickcontractors,0.0
categorical__industry_description_refractoriesegblockbrickmortartilenonclaymanufacturing,0.0
categorical__industry_description_refractoriesegblockbrickmortartileclaymanufacturing,0.0
categorical__industry_description_reformulatingplasticsresinsrecycledplasticsproducts,0.0
categorical__industry_description_reforestation,0.0
categorical__industry_description_regionalmanagingoffices,0.0
categorical__industry_description_refusesystems,0.0
categorical__industry_description_refusehaulinglocal,0.0
categorical__industry_description_refusedisposallandfills,0.0
categorical__industry_description_refusecollection,0.0
categorical__industry_description_refusecollectingoperatingsolidwastelandfills,0.0
categorical__industry_description_refuse,0.0
categorical__industry_description_refurbishmentjetenginegroundturbineairfoils,0.0
categorical__industry_description_refrigeratorfreezercombinationshouseholdtypemanufacturing,0.0
categorical__industry_description_refrigerationunitstrucktypemanufacturing,0.0
categorical__industry_description_refrigerationunitsmotorvehiclemerchantwholesalers,0.0
categorical__industry_description_refrigerationsystemegcommercialindustrialscientificinstallation,0.0
categorical__industry_description_refrigerationequipmentsuppliesmerchantwholesalers,0.0
categorical__industry_description_refrigerationequipmentsuppliescommercialtypemerchantwholesalers,0.0
categorical__industry_description_refrigerationequipmentrepairmaintenanceservicesindustrialcommercialtype,0.0
categorical__industry_description_refrigerationequipmentindustrialcommercialtypemanufacturing,0.0
categorical__industry_description_relayselectricalelectronicmanufacturing,0.0
categorical__industry_description_animalsafariparks,0.0
categorical__industry_description_reinforcingsteelcontractors,0.0
categorical__industry_description_reinforcingmeshconcretemadepurchasedwire,0.0
categorical__industry_description_rehabservices,0.0
categorical__industry_description_rehabilitationservicescorrectionalgovernment,0.0
categorical__industry_description_rehabilitationjobcounselingtrainingvocational,0.0
categorical__industry_description_animalquarantineservicegovernment,0.0
categorical__industry_description_rehabilitationhospitalsalcoholismdrugaddiction,0.0
categorical__industry_description_regulatorsmotorvehiclevoltageinternalcombustionenginesmanufacturing,0.0
categorical__industry_description_regulatorseelectrictransformersfeedervoltagemanufacturing,0.0
categorical__industry_description_regulationinspectionagriculturalproducts,0.0
categorical__industry_description_regulationadministrationcargotransportat,0.0
categorical__industry_description_regionalplanningdevelopmentprogramadministration,0.0
categorical__industry_description_regionalofficecookiedeliverybusiness,0.0
categorical__industry_description_regionaloffice,0.0
categorical__industry_description_renaldialysiscentersclinics,0.0
categorical__industry_description_removalrecyclablematerialswastestream,0.0
categorical__industry_description_remotecontrolunitseggaragedoortelevisionmanufacturing,0.0
categorical__industry_description_remodelingrenovatingsinglefamilyhousing,0.0
categorical__industry_description_remodelingrenovatingresidentialbuilding,0.0
categorical__industry_description_remodelingrenovatinggeneralcontractorssinglefamilyhousing,0.0
categorical__industry_description_remodelingrenovatinggeneralcontractorsresidential,0.0
categorical__industry_description_remodelingrenovatinggeneralcontractorsmultifamilybuilding,0.0
categorical__industry_description_remediationservicesenvironmental,0.0
categorical__industry_description_remediationservices,0.0
categorical__industry_description_remediationcleanupcontaminatedbuildingsminesitessoilgroundwater,0.0
categorical__industry_description_remanufacturer,0.0
categorical__industry_description_religiousorganizations,0.0
categorical__industry_description_religiousbookstores,0.0
categorical__industry_description_religiousbookpublishersprintingcombined,0.0
categorical__industry_description_reliefservicesemergency,0.0
categorical__industry_description_repairtechnicalprojectoversightoemindustrialturbinecompressorservices,0.0
categorical__industry_description_repairsservicesmilitaryequipment,0.0
categorical__industry_description_repairoverhaulelectricpowercomponents,0.0
categorical__industry_description_repairoverhaulaircraftwheelsbrakes,0.0
categorical__industry_description_repairmaintenanceindustrialmachineryequipment,0.0
categorical__industry_description_repairmaintenanceaircraftengines,0.0
categorical__industry_description_repairmainteanncesubstationpowerlinestructures,0.0
categorical__industry_description_repackagerdistributormedicalindustrialgases,0.0
categorical__industry_description_rentingrealestateotherseagentsbrokers,0.0
categorical__industry_description_antiqueautodealers,0.0
categorical__industry_description_rentalleaseconstructionaerialdirtpowerequipment,0.0
categorical__industry_description_rentallcenters,0.0
categorical__industry_description_renderingplants,0.0
categorical__industry_description_renderingmeatanimalfatgrease,0.0
categorical__industry_description_renderingfats,0.0
categorical__industry_description_renderinganimalscarrionfeed,0.0
categorical__industry_description_residential,0.0
categorical__industry_description_antipovertyadvocacyorganizations,0.0
categorical__industry_description_reservationegairlinecarrentalhotelrestaurantservices,0.0
categorical__industry_description_resellerssatellitetelecommunication,0.0
categorical__industry_description_resellerevchargingsystemsservices,0.0
categorical__industry_description_researchdevelopmentphysicalengineeringlifesciencesexceptbiotechnology,0.0
categorical__industry_description_researchdevelopmentphysicalengineeringlifesciences,0.0
categorical__industry_description_researchdevelopmentlifesciences,0.0
categorical__industry_description_researchdevelopmentelevatorescalatorsystems,0.0
categorical__industry_description_researchdevelopment,0.0
categorical__industry_description_rescueservicesmedical,0.0
categorical__industry_description_resawingpurchasedlumber,0.0
categorical__industry_description_resalevehiclecores,0.0
categorical__industry_description_rerefiningusedpetroleumlubricatingoils,0.0
categorical__industry_description_reproductivehealthservicescenters,0.0
categorical__industry_description_repeatertransceiverequipmentcarrierlinemanufacturing,0.0
categorical__industry_description_antiperspirantspersonalmanufacturing,0.0
categorical__industry_description_residentialintellectualdevelopmentaldisabilities,0.0
categorical__industry_description_antineoplasticpreparationsmanufacturing,0.0
categorical__industry_description_residentialicfidcarefacility,0.0
categorical__industry_description_residentialhousepainting,0.0
categorical__industry_description_residentialhotelrentalleasing,0.0
categorical__industry_description_residentialhomesindividualsid,0.0
categorical__industry_description_residentialgrouphomesemotionallydisturbed,0.0
categorical__industry_description_residentialgasfurnaceelectricfancoil,0.0
categorical__industry_description_residentialconstructionsinglefamilygeneralcontractors,0.0
categorical__industry_description_residentialconstruction,0.0
categorical__industry_description_residentialcleaningservices,0.0
categorical__industry_description_antihistaminepreparationsmanufacturing,0.0
categorical__industry_description_residentialbuildingrentalleasing,0.0
categorical__industry_description_residentialbuildingconstruction,0.0
categorical__industry_description_residentialairconditioningheatpumpunits,0.0
categorical__industry_description_resistanceweldingequipmentmanufacturing,0.0
categorical__industry_description_resistancemeasuringequipmentmanufacturing,0.0
categorical__industry_description_resinssyntheticrubbermerchantwholesalers,0.0
categorical__industry_description_resinsplasticsexceptcustomcompoundingpurchasedresinsmanufacturing,0.0
categorical__industry_description_resilientfloortilesheeteglinoleumrubbervinylinstallationonly,0.0
categorical__industry_description_resilientfloorcoveringsegsheettilemanufacturing,0.0
categorical__industry_description_residentialsubstanceabusetreatment,0.0
categorical__industry_description_residentialsalebuilders,0.0
categorical__industry_description_residentialrealestatepropertymanagersoffices,0.0
categorical__industry_description_antifreezepreparationsmanufacturing,0.0
categorical__industry_description_antifreezemerchantwholesalers,0.0
categorical__industry_description_residentialmentalretardationfacilities,0.0
categorical__industry_description_antibioticsuncompoundedmanufacturing,0.0
categorical__industry_description_residentialmentalhealthfacilities,0.0
categorical__industry_description_residentialintellectualdisabilitiesfacilities,0.0
categorical__industry_description_residentialintellectualdevelopmentaldisabilityfacilties,0.0
categorical__industry_description_restroomcleaningservices,0.0
categorical__industry_description_resthomesnursingcare,0.0
categorical__industry_description_antibioticsmerchantwholesalers,0.0
categorical__industry_description_restaurantsfastfood,0.0
categorical__industry_description_restaurantmealsdeliveryserviceseindependentdeliveryservices,0.0
categorical__industry_description_restaurantkitchencleaningservices,0.0
categorical__industry_description_restaurantfurnituremerchantwholesalers,0.0
categorical__industry_description_restaurantfurnitureegcartschairsfoodwagonstablesmanufacturing,0.0
categorical__industry_description_restaurantfullservice,0.0
categorical__industry_description_restaurantequipmentexceptfurnituremerchantwholesalers,0.0
categorical__industry_description_restaurantconstruction,0.0
categorical__industry_description_restaurant,0.0
categorical__industry_description_respiratoryprotectionmaskmanufacturing,0.0
categorical__industry_description_resorthotelrestaurant,0.0
categorical__industry_description_resorthotel,0.0
categorical__industry_description_resistorselectronicmanufacturing,0.0
categorical__industry_description_adobebricksmanufacturing,0.0
categorical__industry_description_adminstration,0.0
categorical__industry_description_adminoffice,0.0
categorical__industry_description_adminjanitorialgroundsgenerallabor,0.0
categorical__industry_description_administrativesupportservices,0.0
categorical__industry_description_administrativesupport,0.0
categorical__industry_description_administrativeofficeslandingsystems,0.0
categorical__industry_description_administrativeoffices,0.0
categorical__industry_description_administrativeoffice,0.0
categorical__industry_description_antibioticpreparationsmanufacturing,0.0
categorical__industry_description_administrativemanagementgeneralmanagementconsultingservices,0.0
categorical__industry_description_antibacterialpreparationsmanufacturing,0.0
categorical__industry_description_administrativecourts,0.0
categorical__industry_description_administrativecontractoperations,0.0
categorical__industry_description_administrationveteransaffairs,0.0
categorical__industry_description_resurfacinghighwayroadstreetbridgeairportrunway,0.0
categorical__industry_description_retailsales,0.0
categorical__industry_description_retailmedicalmarijuana,0.0
categorical__industry_description_retaillumber,0.0
categorical__industry_description_retailhardwarefuniturestore,0.0
categorical__industry_description_retailgrocerysupermarket,0.0
categorical__industry_description_antibacterialpreparationmfg,0.0
categorical__industry_description_retailgroceryfoodproduction,0.0
categorical__industry_description_retailgrocery,0.0
categorical__industry_description_retailgrocer,0.0
categorical__industry_description_anthelminticpreparationsmanufacturing,0.0
categorical__industry_description_antennastransmittingreceivingmanufacturing,0.0
categorical__industry_description_retailersassociations,0.0
categorical__industry_description_retaildistribution,0.0
categorical__industry_description_retailbankingbranchoperations,0.0
categorical__industry_description_retailautomotivedealer,0.0
categorical__industry_description_antennassatellitemanufacturing,0.0
categorical__industry_description_revenuecycleservices,0.0
categorical__industry_description_retreathousesreligious,0.0
categorical__industry_description_retreadingtires,0.0
categorical__industry_description_retreadingmaterialstiremanufacturing,0.0
categorical__industry_description_retreadfacilityaviationtires,0.0
categorical__industry_description_retirementpensionplans,0.0
categorical__industry_description_antennasmerchantwholesalers,0.0
categorical__industry_description_retirementcommunity,0.0
categorical__industry_description_apartmenthotelrentalleasing,0.0
categorical__industry_description_retainingwallsanchoredegpilessoilnailstiebackanchorsconstruction,0.0
categorical__industry_description_retainingwallmasonryeblockbrickstoneconstruction,0.0
categorical__industry_description_retainingwallexceptanchoredearthpouredconcreteconstruction,0.0
categorical__industry_description_apartmentcondominiumcomplexopnoconsite,0.0
categorical__industry_description_retailscalesegbutcherdelicatessenproducemanufacturing,0.0
categorical__industry_description_retailsalesplant,0.0
categorical__industry_description_retailsalescryo,0.0
categorical__industry_description_roadcompaniestheatrical,0.0
categorical__industry_description_rivetsmetalmanufacturing,0.0
categorical__industry_description_riverpassengertransportation,0.0
categorical__industry_description_riverboatcasinos,0.0
categorical__industry_description_riprapgraniteminingquarrying,0.0
categorical__industry_description_ringspistonmanufacturing,0.0
categorical__industry_description_rimsautomotivetruckbuswheelmanufacturing,0.0
categorical__industry_description_rightwaycuttingexceptmaintenance,0.0
categorical__industry_description_riceunpolishedmerchantwholesalers,0.0
categorical__industry_description_ricemilling,0.0
categorical__industry_description_riceexceptwildricefarmingfieldseedproduction,0.0
categorical__industry_description_ricebreakfastfoodsmanufacturing,0.0
categorical__industry_description_ribbonsinkedmanufacturing,0.0
categorical__industry_description_ribbonsegcashregisterprintertypewriterinkedmanufacturing,0.0
categorical__industry_description_rheostatsindustrialcontrolmanufacturing,0.0
categorical__industry_description_rheostatsedimmerswitchescurrentcarryingwiringdevicemanufacturing,0.0
categorical__industry_description_rodnonrigidplasticsmanufacturing,0.0
categorical__industry_description_rodmadeextrudingpurchasedaluminum,0.0
categorical__industry_description_rodlaminatedplasticsmanufacturing,0.0
categorical__industry_description_rodeoorganizersfacilities,0.0
categorical__industry_description_rodenticidesmanufacturing,0.0
categorical__industry_description_rodcoppercopperalloymadepurchasedcopperintegratedsecondarysmeltingrollingdrawingextrudingplants,0.0
categorical__industry_description_rocketsguidedmissilesspacemilitarycompletemanufacturing,0.0
categorical__industry_description_rocketsammunitionexceptguidedmissilespyrotechnicmanufacturing,0.0
categorical__industry_description_rockerarmspartsautomotivetruckgasolineenginemanufacturing,0.0
categorical__industry_description_rockcrushingmachinerystationarymanufacturing,0.0
categorical__industry_description_rockcrushingmachineryportablemanufacturing,0.0
categorical__industry_description_roastingcoffee,0.0
categorical__industry_description_roastednutsseedsmanufacturing,0.0
categorical__industry_description_roastednutspeanutbuttermanufacturing,0.0
categorical__industry_description_roadoilsmaderefinedpetroleum,0.0
categorical__industry_description_roadconstructionmaintenancemachinerymerchantwholesalers,0.0
categorical__industry_description_roofingbuiltuptargravelinstallation,0.0
categorical__industry_description_apartmentbuildingsalebuilders,0.0
categorical__industry_description_roofing,0.0
categorical__industry_description_roofdecksheetmetalexceptstampingsmanufacturing,0.0
categorical__industry_description_rollsrollcoveringsrubberegindustrialpapermillpainterssteelmillmanufacturing,0.0
categorical__industry_description_rollsbunsincludingfrozenmadecommercialbakeries,0.0
categorical__industry_description_rollroofinginstallation,0.0
categorical__industry_description_rollingstockrailroadrebuilding,0.0
categorical__industry_description_rollingmillrollssteelmanufacturing,0.0
categorical__industry_description_rollingmillrollmachinesmetalworkingmanufacturing,0.0
categorical__industry_description_rollingmillothermetalworkingmachinerymanufacturing,0.0
categorical__industry_description_rollingmillothermetalworkingmachinerymanu,0.0
categorical__industry_description_rollingmillmachineryequipmentmetalworkingmanufacturing,0.0
categorical__industry_description_rollingdoorsindustrialbuildingswarehousesmetalmanufacturing,0.0
categorical__industry_description_rollerbearingsmanufacturing,0.0
categorical__industry_description_rodsmetalexceptpreciousmerchantwholesalers,0.0
categorical__industry_description_roofpaintingsprayingcoating,0.0
categorical__industry_description_roofinsulationcontractor,0.0
categorical__industry_description_roofingtileconcretemanufacturing,0.0
categorical__industry_description_roofingsidingsheetmetalworks,0.0
categorical__industry_description_roofingsidingsheetmetal,0.0
categorical__industry_description_antpoisonsmanufacturing,0.0
categorical__industry_description_antitankrocketlaunchersmanufacturing,0.0
categorical__industry_description_roofingsheetmetalexceptstampingsmanufacturing,0.0
categorical__industry_description_roofingmaterialswoodmerchantwholesalers,0.0
categorical__industry_description_roofingmaterialsexceptwoodmerchantwholesalers,0.0
categorical__industry_description_roofingmaterialdistributor,0.0
categorical__industry_description_roofingfeltsmadepurchasedasphalticmaterials,0.0
categorical__industry_description_roofingesingleplyrubbermembranemanufacturing,0.0
categorical__industry_description_roofingcontractor,0.0
categorical__industry_description_roofingcoatingsmadepurchasedasphalticmaterials,0.0
categorical__industry_description_roofingcementsasphaltmadepurchasedasphalticmaterials,0.0
categorical__industry_description_rubberplasticsbeltshosesfittingsmanufacturing,0.0
categorical__industry_description_rubberplastichosemanf,0.0
categorical__industry_description_rubbermetalbonding,0.0
categorical__industry_description_rubbermanufacturing,0.0
categorical__industry_description_rubbergoodsmedicalmerchantwholesalers,0.0
categorical__industry_description_rubbergoodsmechanicaleextrudedlathecutmoldedmanufacturing,0.0
categorical__industry_description_roustaboutminingservicescontractbasis,0.0
categorical__industry_description_roundstubesteelmadeironsteelmills,0.0
categorical__industry_description_rotorsemotorsmanufacturing,0.0
categorical__industry_description_rotogravureprintingexceptbooks,0.0
categorical__industry_description_rosinsmadedistillationpinegumpinewood,0.0
categorical__industry_description_rosinsemodifiedresinsmanufacturing,0.0
categorical__industry_description_ropewiremadepurchasedwire,0.0
categorical__industry_description_ropesexceptwireropemanufacturing,0.0
categorical__industry_description_ropefittingsmanufacturing,0.0
categorical__industry_description_rooftrusseswoodmanufacturing,0.0
categorical__industry_description_rulersplasticsmanufacturing,0.0
categorical__industry_description_rulersmetalmanufacturing,0.0
categorical__industry_description_rugsmerchantwholesalers,0.0
categorical__industry_description_rugscarpetsmadetextilematerials,0.0
categorical__industry_description_rugcleaningplants,0.0
categorical__industry_description_rubbleremovalservices,0.0
categorical__industry_description_rubbishenonhazardoussolidwastehaulinglocal,0.0
categorical__industry_description_rubbishcollectionservices,0.0
categorical__industry_description_rubberworkingmachinerymanufacturing,0.0
categorical__industry_description_rubbertubingmanufacturing,0.0
categorical__industry_description_rubbersyntheticmanufacturing,0.0
categorical__industry_description_rubberstampsmanufacturing,0.0
categorical__industry_description_rubberscrapscraptiresmerchantwholesalers,0.0
categorical__industry_description_rubberproductmanufacturingmechanicaluse,0.0
categorical__industry_description_rubberprocessingpreparationsegacceleratorsstabilizersmanufacturing,0.0
categorical__industry_description_rubberplasticshosesmanufacturing,0.0
categorical__industry_description_safetyepopoffvalvesindustrialtypemanufacturing,0.0
categorical__industry_description_safetyconsultingservices,0.0
categorical__industry_description_safesmetalmanufacturing,0.0
categorical__industry_description_sackspapermerchantwholesalers,0.0
categorical__industry_description_saccharinmanufacturing,0.0
categorical__industry_description_sacaffoldservices,0.0
categorical__industry_description_rvresort,0.0
categorical__industry_description_rvrecreationalvehicleparkscampgrounds,0.0
categorical__industry_description_rvrecreationalvehicleparks,0.0
categorical__industry_description_rvpark,0.0
categorical__industry_description_rvdealers,0.0
categorical__industry_description_rustproofingshopsautomotive,0.0
categorical__industry_description_rustproofingmetalsmetalproductstrade,0.0
categorical__industry_description_rustpreventivepreparationsmanufacturing,0.0
categorical__industry_description_ruralbusservices,0.0
categorical__industry_description_runawayyouthshelters,0.0
categorical__industry_description_salessupportagriculturalconstructionequipment,0.0
categorical__industry_description_salesserviceleasedieseltrucks,0.0
categorical__industry_description_antiserumsmanufacturing,0.0
categorical__industry_description_salesmarketingservicesconsumerpackagedgoodsindustry,0.0
categorical__industry_description_saleserviceleasedieseltrucks,0.0
categorical__industry_description_salesengineeringofficestructuraltestmachines,0.0
categorical__industry_description_salesdistribution,0.0
categorical__industry_description_sales,0.0
categorical__industry_description_salebuildersebuildingownlandsalesinglefamilyhousing,0.0
categorical__industry_description_salebuildersebuildingownlandsaleresidential,0.0
categorical__industry_description_salebuildersebuildingownlandsaleindustrialbuildingexceptwarehouses,0.0
categorical__industry_description_salebuildersebuildingownlandsalecommercialinstitutionalbuilding,0.0
categorical__industry_description_saladsfreshrefrigeratedmanufacturing,0.0
categorical__industry_description_saladdressingsmanufacturing,0.0
categorical__industry_description_safetynetsystemerectingdismantlingconstructionsite,0.0
categorical__industry_description_safetyglassincludingmotorvehiclemadepurchasedglass,0.0
categorical__industry_description_sandgravelquarryingeconstructiongradebeneficiating,0.0
categorical__industry_description_sandconstructiongradequarryingbeneficiating,0.0
categorical__industry_description_sandcastingsnonferrousmetalsexceptaluminumunfinishedmanufacturing,0.0
categorical__industry_description_sandcastingsaluminumunfinishedmanufacturing,0.0
categorical__industry_description_sandblastpainting,0.0
categorical__industry_description_sandblastingmetalsmetalproductstrade,0.0
categorical__industry_description_sandblastingbuildingexterior,0.0
categorical__industry_description_sampleanalysisinstrumentsexceptmedicalmanufacturing,0.0
categorical__industry_description_samedaydelivery,0.0
categorical__industry_description_salvageyard,0.0
categorical__industry_description_antiscalingcompoundsmanufacturing,0.0
categorical__industry_description_salttablemanufacturing,0.0
categorical__industry_description_saltsindustrialmerchantwholesalers,0.0
categorical__industry_description_saltexcepttablemanufacturing,0.0
categorical__industry_description_saleswarehousingsoftdrinksbottledbeverages,0.0
categorical__industry_description_saleswarehousingdistribution,0.0
categorical__industry_description_satellitecommunicationsequipmentmanufacturing,0.0
categorical__industry_description_sashdoorwindowwoodcoveredwoodmanufacturing,0.0
categorical__industry_description_sashdoorwindowmetalmanufacturing,0.0
categorical__industry_description_sanitationengineeringagenciesgovernment,0.0
categorical__industry_description_sanitarywareegbathtubslavatoriessinksmetalmanufacturing,0.0
categorical__industry_description_sanitarysewerconstruction,0.0
categorical__industry_description_sanitaryproductsmadepurchasedsanitarypaperstock,0.0
categorical__industry_description_sanitarynapkinstamponsmadepurchasedpapertextilefiber,0.0
categorical__industry_description_sanitarylandfills,0.0
categorical__industry_description_sanitaryfoodcontainersexceptfoldingmadepurchasedpaperpaperboard,0.0
categorical__industry_description_sanitaryfoodcontainerfoldingmadepurchasedpaperboard,0.0
categorical__industry_description_sandwichspreadssaladdressingbasedmanufacturing,0.0
categorical__industry_description_sandwichshopslimitedservice,0.0
categorical__industry_description_sandwichesfresheassembledpackagedwholesalemarketmanufacturing,0.0
categorical__industry_description_sandpapermanufacturing,0.0
categorical__industry_description_sandhaulinglongdistance,0.0
categorical__industry_description_sawmill,0.0
categorical__industry_description_sawedlumberresawingpurchasedlumber,0.0
categorical__industry_description_sawedlumbermadesawmills,0.0
categorical__industry_description_sawdustshavingsesawmillbyproductsmanufacturing,0.0
categorical__industry_description_sawdustregrinding,0.0
categorical__industry_description_sawbladesalltypesmanufacturing,0.0
categorical__industry_description_sausagesimilarcasedproductsmadepurchasedcarcasses,0.0
categorical__industry_description_sausagecasingsplasticsmanufacturing,0.0
categorical__industry_description_sausagecasingsnaturalproducedslaughteringplant,0.0
categorical__industry_description_sauerkrautmanufacturing,0.0
categorical__industry_description_saucestomatobasedcanning,0.0
categorical__industry_description_saucesexcepttomatobasedmanufacturing,0.0
categorical__industry_description_saturatedfeltsmadepurchasedpaper,0.0
categorical__industry_description_satellitetelecommunicationresellers,0.0
categorical__industry_description_satellitetelecommunicationcarriers,0.0
categorical__industry_description_antiscaldbathshowervalvesplumbingmanufacturing,0.0
categorical__industry_description_scholasticmagazineperiodicalpublishersprintingcombined,0.0
categorical__industry_description_antiqueshops,0.0
categorical__industry_description_antiquehomefurnishingmerchantwholesalers,0.0
categorical__industry_description_antiquefurnituremerchantwholesalers,0.0
categorical__industry_description_scheduledairpassengertransportation,0.0
categorical__industry_description_antiquedealersexceptmotorvehicles,0.0
categorical__industry_description_antiqueclassicautomotiverestoration,0.0
categorical__industry_description_antiquebookmerchantwholesalers,0.0
categorical__industry_description_scenicsightseeingexcursionsaerial,0.0
categorical__industry_description_scarfingunitsrollingmillmachinerymetalworkingmanufacturing,0.0
categorical__industry_description_scalesincludinglaboratorytypemanufacturing,0.0
categorical__industry_description_scaffoldsmetalmanufacturing,0.0
categorical__industry_description_appliancecordsmadepurchasedinsulatedwire,0.0
categorical__industry_description_scaffoldinsulationpainting,0.0
categorical__industry_description_scaffoldingrentalleasing,0.0
categorical__industry_description_sawmillequipmentmanufacturing,0.0
categorical__industry_description_schoolsintellectuallydevelopmentallydisabledexceptpreschooljobtrainingvocationalrehabilitation,0.0
categorical__industry_description_schoolshandicappedelementarysecondary,0.0
categorical__industry_description_schoolselementary,0.0
categorical__industry_description_schoolphotographyeportraitphotographyservices,0.0
categorical__industry_description_schoolfurnituremanufacturing,0.0
categorical__industry_description_schoolfoodservice,0.0
categorical__industry_description_schoolequipmentsuppliesexceptbooksfurnituremerchantwholesalers,0.0
categorical__industry_description_schoolemployeetransportation,0.0
categorical__industry_description_appliancecontrolsmanufacturing,0.0
categorical__industry_description_schoolcharterbusoperations,0.0
categorical__industry_description_appleorchards,0.0
categorical__industry_description_schoolbusmerchantwholesalers,0.0
categorical__industry_description_schoolbuildingconstruction,0.0
categorical__industry_description_schoolbookpublishersexceptexclusiveinternetpublishing,0.0
categorical__industry_description_apparelwebbingsmanufacturing,0.0
categorical__industry_description_schooladministration,0.0
categorical__industry_description_screeningmachinerystationarymanufacturing,0.0
categorical__industry_description_scrapwastematerials,0.0
categorical__industry_description_appareltrimmingsmerchantwholesalers,0.0
categorical__industry_description_scouringcleansersegpastespowdersmanufacturing,0.0
categorical__industry_description_scoreboardsmanufacturing,0.0
categorical__industry_description_scientificresearchdevelopmentservices,0.0
categorical__industry_description_scientificresearchdevelopment,0.0
categorical__industry_description_scientificlaboratoryequipmentmerchantwholesalers,0.0
categorical__industry_description_scientificinstrumentsmerchantwholesalers,0.0
categorical__industry_description_scientificglasswaremadepurchasedglass,0.0
categorical__industry_description_sciencetechnologymuseums,0.0
categorical__industry_description_sciencekitsegchemistrysetsmicroscopesnaturalsciencesetsmanufacturing,0.0
categorical__industry_description_schooltransportation,0.0
categorical__industry_description_schoolssecondary,0.0
categorical__industry_description_schoolsphysicallydisabledelementarysecondary,0.0
categorical__industry_description_schoolsjuniorcollegevocational,0.0
categorical__industry_description_seafoodseafoodproductscanning,0.0
categorical__industry_description_seafoodretail,0.0
categorical__industry_description_seafoodproductpreparationpackaging,0.0
categorical__industry_description_seafoodprocessing,0.0
categorical__industry_description_seafoodexceptcannedpackagedfrozenmerchantwholesalers,0.0
categorical__industry_description_sculpturesarchitecturalclaymanufacturing,0.0
categorical__industry_description_screwsmetalmanufacturing,0.0
categorical__industry_description_screwnutslottingmachinesmetalworkingmanufacturing,0.0
categorical__industry_description_screwconveyorsmanufacturing,0.0
categorical__industry_description_screenswindowdoormerchantwholesalers,0.0
categorical__industry_description_screensdoorwindowmetalframemanufacturing,0.0
categorical__industry_description_screenprintingexceptbooksmanifoldbusinessformsgreygoods,0.0
categorical__industry_description_screenprintingappareltextileproductsegcapsnapkinsplacematstshirtstowelsexceptgreygoods,0.0
categorical__industry_description_screeningwindowplasticsmanufacturing,0.0
categorical__industry_description_screeningsiftingmachinerygeneralindustrialusemanufacturing,0.0
categorical__industry_description_screeningplantsbituminouscoallignite,0.0
categorical__industry_description_secondaryschool,0.0
categorical__industry_description_secondaryroadsbridges,0.0
categorical__industry_description_secondaryrefiningnonferrousmetalsexceptaluminumcopper,0.0
categorical__industry_description_seatspublicconveyancesmanufacturing,0.0
categorical__industry_description_seatcushionsfoamplasticsexceptpolystyrenemanufacturing,0.0
categorical__industry_description_seatbeltsleathermanufacturing,0.0
categorical__industry_description_seasoningdressingmanufacturing,0.0
categorical__industry_description_seasonalpropertymaintenanceservicesesnowplowingwinterlandscapingduringotherseasons,0.0
categorical__industry_description_searchdetectionsystemsinstrumentsmanufacturing,0.0
categorical__industry_description_apparelstoreswomensgirlsclothing,0.0
categorical__industry_description_searchdetectionnavigationguidanceaeronautical,0.0
categorical__industry_description_sealsmerchantwholesalers,0.0
categorical__industry_description_sealsgreaseoilmanufacturing,0.0
categorical__industry_description_seafoodspackagedfrozenmerchantwholesalers,0.0
categorical__industry_description_apparelstoresusedclothing,0.0
categorical__industry_description_seafoodseafoodproductscuring,0.0
categorical__industry_description_securitypatrolservices,0.0
categorical__industry_description_securityjanitorialstaffingservices,0.0
categorical__industry_description_securityjanitorialstaffing,0.0
categorical__industry_description_apparelstoresmensboysclothing,0.0
categorical__industry_description_securityguardspatrolservices,0.0
categorical__industry_description_securityguardservices,0.0
categorical__industry_description_securityfiresysteminstallationonly,0.0
categorical__industry_description_securityfireaccessproducts,0.0
categorical__industry_description_securityconsultingservices,0.0
categorical__industry_description_apparelpressingservices,0.0
categorical__industry_description_security,0.0
categorical__industry_description_secretarialservices,0.0
categorical__industry_description_apparelfoldingpackagingservices,0.0
categorical__industry_description_secondarysmeltingrefiningalloyingnonferrousmetalexceptcopperaluminum,0.0
categorical__industry_description_secondarysmeltingnonferrousmetalsexceptaluminumcopper,0.0
categorical__industry_description_secondaryschoolsofferingbothacademictechnicalcourses,0.0
categorical__industry_description_selfhelporganizationsexceptdisabledpersonselderlypersonsdiagnosedintellectualdevelopmentaldisabilities,0.0
categorical__industry_description_selfhelporganizationsdisabledpersonselderlypersonsdiagnosedintellectualdevelopmentaldisabilities,0.0
categorical__industry_description_seedssnackegcannedcookedroastedsaltedmanufacturing,0.0
categorical__industry_description_seedsegfieldflowergardenmerchantwholesalers,0.0
categorical__industry_description_seedproduction,0.0
categorical__industry_description_seedprocessingpostharvestpropagation,0.0
categorical__industry_description_seedingcrops,0.0
categorical__industry_description_seedersfarmtypemanufacturing,0.0
categorical__industry_description_seedcleaning,0.0
categorical__industry_description_sedimentcontrolsystemconstruction,0.0
categorical__industry_description_securitysystemsmerchantwholesalers,0.0
categorical__industry_description_securitysystemmonitoringservices,0.0
categorical__industry_description_securitystaffingservices,0.0
categorical__industry_description_securitystaffingjanitorialservices,0.0
categorical__industry_description_securitystaffing,0.0
categorical__industry_description_apparelfindingstrimmingscutsewnpurchasedfabricexceptapparelcontractors,0.0
categorical__industry_description_semiconductorrelateddevicemanufacturing,0.0
categorical__industry_description_semiconductormemorychipsmanufacturing,0.0
categorical__industry_description_semiconductormakingmachinerymanufacturing,0.0
categorical__industry_description_semiconductorhighvoltagepowersuppliesmanufacturing,0.0
categorical__industry_description_semiconductorelectronicsmanufacturing,0.0
categorical__industry_description_semiconductordicewafersmanufacturing,0.0
categorical__industry_description_semiconductordevicesmerchantwholesalers,0.0
categorical__industry_description_apparelfillingsegcottonmillwastekapokmanufacturing,0.0
categorical__industry_description_semiconductorcircuitnetworksesolidstateintegratedcircuitsmanufacturing,0.0
categorical__industry_description_semiconductorassemblypackagingmachinerymanufacturing,0.0
categorical__industry_description_semiconductor,0.0
categorical__industry_description_semencollection,0.0
categorical__industry_description_sellservicerentheavyequipmentenginesgeneratorsconstructionminingindustrialpetroleumagriculturalapplications,0.0
categorical__industry_description_sellingrealestateotherseagentsbrokers,0.0
categorical__industry_description_selfstoragewarehousing,0.0
categorical__industry_description_selfstorageunitrentalleasing,0.0
categorical__industry_description_septictanksplasticsfiberglassmanufacturing,0.0
categorical__industry_description_septictanksheavygaugemetalmanufacturing,0.0
categorical__industry_description_septictankrelatedservices,0.0
categorical__industry_description_septictankpumpingecleaningservices,0.0
categorical__industry_description_septictankcleaningservices,0.0
categorical__industry_description_sensingsystemsdesignmanufacture,0.0
categorical__industry_description_seniorlivingcommunity,0.0
categorical__industry_description_seniorliving,0.0
categorical__industry_description_seniorcitizenstransportationservices,0.0
categorical__industry_description_apparelaccessorystores,0.0
categorical__industry_description_seniorcitizenscenters,0.0
categorical__industry_description_seniorcitizensactivitycenters,0.0
categorical__industry_description_semitrailerrentalleasing,0.0
categorical__industry_description_semitrailermanufacturing,0.0
categorical__industry_description_semifinishedmetalproductsmerchantwholesalers,0.0
categorical__industry_description_semiconductortestequipmentmanufacturing,0.0
categorical__industry_description_servicesederlypersonsdisabilites,0.0
categorical__industry_description_servicesbuildingsdewllings,0.0
categorical__industry_description_servicerepairmechanicalseals,0.0
categorical__industry_description_servicepartssalesundergroundtrenchingequipment,0.0
categorical__industry_description_servicepartssalestrucks,0.0
categorical__industry_description_servicepartssalesmaterialhandlingequipment,0.0
categorical__industry_description_servicepartssalesheavyequipment,0.0
categorical__industry_description_servicepartssalesagturfequipment,0.0
categorical__industry_description_servicepartsleasingtrucks,0.0
categorical__industry_description_apparelaccessoriesotherapparelmanufacturin,0.0
categorical__industry_description_servicelinegasoilconstruction,0.0
categorical__industry_description_serviceindustriesassociations,0.0
categorical__industry_description_servicefacilitiessupport,0.0
categorical__industry_description_serviceestablishmentequipmentsuppliesmerchantwholesalers,0.0
categorical__industry_description_service,0.0
categorical__industry_description_sequenceassemblyautomotivecomponents,0.0
categorical__industry_description_sewercleaningroddingservices,0.0
categorical__industry_description_sewagetreatmentplantconstruction,0.0
categorical__industry_description_sewagetreatmentfacilities,0.0
categorical__industry_description_sewagetreatmentequipmentmanufacturing,0.0
categorical__industry_description_sewagedisposalplants,0.0
categorical__industry_description_sewagedisposalplantconstruction,0.0
categorical__industry_description_sewagecollectiondisposallineconstruction,0.0
categorical__industry_description_setupboxboardstockmanufacturing,0.0
categorical__industry_description_servomotorsmanufacturing,0.0
categorical__industry_description_servicingoilgaswellscontractbasis,0.0
categorical__industry_description_apartmentrentalleasing,0.0
categorical__industry_description_servicestationconstruction,0.0
categorical__industry_description_servicespersonsdisabilities,0.0
categorical__industry_description_servicesfacilitysupport,0.0
categorical__industry_description_serviceselderlypersonsdisabilities,0.0
categorical__industry_description_apartmentmanagersoffices,0.0
categorical__industry_description_shaleexceptoilshaleminingbeneficiating,0.0
categorical__industry_description_shakeshingleroofinstallation,0.0
categorical__industry_description_shadeswindowexceptoutdoorcanvasawningsmanufacturing,0.0
categorical__industry_description_sewingthreadsmanufacturing,0.0
categorical__industry_description_sewingmachinesincludinghouseholdtypemanufacturing,0.0
categorical__industry_description_sewingfabricownedothers,0.0
categorical__industry_description_sewertreatmentplant,0.0
categorical__industry_description_sewersystems,0.0
categorical__industry_description_sewerpipefittingsclaymanufacturing,0.0
categorical__industry_description_sewermainpipeconnectionconstruction,0.0
categorical__industry_description_sewerdraincleaningplumbinghomeofficeadministrativefunctions,0.0
categorical__industry_description_sewerdraincleaningplumbingcallcenterfunctions,0.0
categorical__industry_description_sewerdraincleaningplumbing,0.0
categorical__industry_description_sewerdraincleaningequipmentmanufacturing,0.0
categorical__industry_description_sewerconstruction,0.0
categorical__industry_description_sewercleanoutservices,0.0
categorical__industry_description_sheetmetalmanufacturing,0.0
categorical__industry_description_sheetmetalformingmachinesmanufacturing,0.0
categorical__industry_description_sheetmetalfabricationinstallation,0.0
categorical__industry_description_sheetmetalelectronicsmanufacturing,0.0
categorical__industry_description_sheetmetalductworkinstallation,0.0
categorical__industry_description_sheetlaminatedplasticsexceptflexiblepackagingmanufacturing,0.0
categorical__industry_description_sheetingrubbermanufacturing,0.0
categorical__industry_description_sheetfedoffsetprinting,0.0
categorical__industry_description_sheeteboardpolystyrenefoaminsulationmanufacturing,0.0
categorical__industry_description_sheetcoppercopperalloymadepurchasedcopperintegratedsecondarysmeltingrollingdrawingextrudingplants,0.0
categorical__industry_description_sheetaluminummadeintegratedsecondarysmeltingflatrollingmills,0.0
categorical__industry_description_sheetaluminummadeflatrollingpurchasedaluminum,0.0
categorical__industry_description_sheeetmetalproductsshop,0.0
categorical__industry_description_sheavesmechanicalpowertransmissionmanufacturing,0.0
categorical__industry_description_shavingpreparationsegcreamsgelslotionspowdersmanufacturing,0.0
categorical__industry_description_shampoosconditionershairmanufacturing,0.0
categorical__industry_description_shelvingmetalconstructedsite,0.0
categorical__industry_description_shelvingexceptwiremanufacturing,0.0
categorical__industry_description_sheltersvictimsdomesticinternationaldisastersconflictsemergency,0.0
categorical__industry_description_shelterstemporaryegbatteredwomenshomelessrunawayyouth,0.0
categorical__industry_description_sheltershomeless,0.0
categorical__industry_description_aquariums,0.0
categorical__industry_description_shelteredworkshop,0.0
categorical__industry_description_shellssmallarmse30mmless118inchlessmanufacturing,0.0
categorical__industry_description_shellfishshellfishproductsmanufacturing,0.0
categorical__industry_description_shellacmanufacturing,0.0
categorical__industry_description_sheetssteelmadeironsteelmills,0.0
categorical__industry_description_sheetplasticsunlaminatedexceptpackagingmanufacturing,0.0
categorical__industry_description_sheetmetalworkmanufacturing,0.0
categorical__industry_description_aquariumaccessoriesmetalmanufacturing,0.0
categorical__industry_description_sheetmetalroofingmaterialsmerchantwholesalers,0.0
categorical__industry_description_sheetmetalroofinginstallation,0.0
categorical__industry_description_shippingbarrelsdrumskegspailslightgaugemetalmanufacturing,0.0
categorical__industry_description_shippingbagsmadepurchasedwovenknittedmaterials,0.0
categorical__industry_description_shippingagentsfreigthforwarding,0.0
categorical__industry_description_shippingagentsfreightforwarding,0.0
categorical__industry_description_shippaintingcontractors,0.0
categorical__industry_description_shipholdcleaningservices,0.0
categorical__industry_description_shipfurnituremanufacturing,0.0
categorical__industry_description_shipcharteringcrewfreighttransportationinlandwatersexceptgreatlakessystem,0.0
categorical__industry_description_shipbuildingrepairing,0.0
categorical__industry_description_shipbuildingrepair3731,0.0
categorical__industry_description_shipboardcablemadepurchasedcopperwiredrawingplants,0.0
categorical__industry_description_shinglesmadepurchasedasphalticmaterials,0.0
categorical__industry_description_shinglesexceptwoodmerchantwholesalers,0.0
categorical__industry_description_shimsmetalmanufacturing,0.0
categorical__industry_description_aquaculture,0.0
categorical__industry_description_shelvingwiremadepurchasedwire,0.0
categorical__industry_description_shoringconstruction,0.0
categorical__industry_description_shoppingmallconstruction,0.0
categorical__industry_description_shootingranges,0.0
categorical__industry_description_shoesorthopedicextensionmanufacturing,0.0
categorical__industry_description_shoeexceptbowlinggolfspikedstores,0.0
categorical__industry_description_shockabsorbersautomotivetruckbusmanufacturing,0.0
categorical__industry_description_shitakemushroomfarming,0.0
categorical__industry_description_shirtsunderwearmensboyscutsewnpurchasedfabricexceptapparelcontractors,0.0
categorical__industry_description_shirtsouterwearwomensgirlsinfantscutsewnpurchasedfabricexceptapparelcontractors,0.0
categorical__industry_description_shirtsouterwearcutsewapparelcontractors,0.0
categorical__industry_description_shipsenotsuitableintendedpersonalusemanufacturing,0.0
categorical__industry_description_shiprepair,0.0
categorical__industry_description_shippingfreightdomesticportsecoastaldeepseaincludingpuertoricogreatlakessystemincludingstlawrenceseaway,0.0
categorical__industry_description_shippingcrateswoodmanufacturing,0.0
categorical__industry_description_shippingcontainersmadepurchasedpaperboard,0.0
categorical__industry_description_shippingcontainerscorrugatedmadepurchasedpaperpaperboard,0.0
categorical__industry_description_sidingcontractors,0.0
categorical__industry_description_sidewalkpublicconstruction,0.0
categorical__industry_description_sidewalkconstructionresidentialcommercial,0.0
categorical__industry_description_shuttleservicesexceptemployeebus,0.0
categorical__industry_description_shutterswoodmanufacturing,0.0
categorical__industry_description_shuntingtrailerstruckterminals,0.0
categorical__industry_description_shrubservicesegbracingplantingpruningremovalsprayingsurgerytrimming,0.0
categorical__industry_description_shreddersfarmtypemanufacturing,0.0
categorical__industry_description_showerstallsplasticsfiberglassmanufacturing,0.0
categorical__industry_description_showerstallsmetalmanufacturing,0.0
categorical__industry_description_showerheadsplumbingmanufacturing,0.0
categorical__industry_description_shotpeeningmetalmetalproductstrade,0.0
categorical__industry_description_shotleadmanufacturing,0.0
categorical__industry_description_shotgunsmanufacturing,0.0
categorical__industry_description_shotcretecontractors,0.0
categorical__industry_description_shorteningmadepurchasedfatsoils,0.0
categorical__industry_description_silicaamorphousmanufacturing,0.0
categorical__industry_description_signssignboardsexceptpaperpaperboardmanufacturing,0.0
categorical__industry_description_signmfginstallationrepair,0.0
categorical__industry_description_signmanufacturinginstallationservice,0.0
categorical__industry_description_signmanufacturing,0.0
categorical__industry_description_signerectionhighwayroadsstreetbridge,0.0
categorical__industry_description_signbuildingerection,0.0
categorical__industry_description_signalseghighwaypedestrianrailwaytrafficmanufacturing,0.0
categorical__industry_description_sightseeingbusoperation,0.0
categorical__industry_description_sievesscreeningequipmentgeneralpurposetypemanufacturing,0.0
categorical__industry_description_sievesmadepurchasedwiremanufacturing,0.0
categorical__industry_description_sidingsheetmetalexceptstampingsmanufacturing,0.0
categorical__industry_description_sidingplasticsmanufacturing,0.0
categorical__industry_description_sidingmillswood,0.0
categorical__industry_description_sidingexceptwoodmerchantwholesalers,0.0
categorical__industry_description_sidingegvinylwoodaluminuminstallation,0.0
categorical__industry_description_singlefamilyhousingconstructionsalebuilders,0.0
categorical__industry_description_singlefamilyhousingbuiltownlandsaleesalebuilders,0.0
categorical__industry_description_singlefamilyhouseconstructiongeneralcontractors,0.0
categorical__industry_description_singlefamilydetachedhousingconstructiongeneralcontractors,0.0
categorical__industry_description_silversilveralloybarrodsheetstriptubingmadepurchasedmetalsscrap,0.0
categorical__industry_description_silverrefiningprimary,0.0
categorical__industry_description_silverrecoveringscrapalloyingpurchasedmetals,0.0
categorical__industry_description_siloconstruction,0.0
categorical__industry_description_silkfabricsbroadwovenweaving,0.0
categorical__industry_description_siliconwaferschemicallydopedmanufacturing,0.0
categorical__industry_description_siliconultrahighpuritymanufacturing,0.0
categorical__industry_description_siliconerubbermanufacturing,0.0
categorical__industry_description_siliconeresinsmanufacturing,0.0
categorical__industry_description_siliconeexceptresinsmanufacturing,0.0
categorical__industry_description_silicasmanufacturing,0.0
categorical__industry_description_silicagelmanufacturing,0.0
categorical__industry_description_administrationurbanplanningcommunityruraldevelopment,0.0
categorical__industry_description_administrationurbanplanningcommunity,0.0
categorical__industry_description_administrationpublichealthprograms,0.0
categorical__industry_description_administrationoffices,0.0
categorical__industry_description_administrationhumanresourceprograms,0.0
categorical__industry_description_administrationhousingprograms,0.0
categorical__industry_description_administrationgeneraleconomicprograms,0.0
categorical__industry_description_administrationbuildingconstruction,0.0
categorical__industry_description_administrationairwaterresourcesolidwastemanagementprograms,0.0
categorical__industry_description_administration,0.0
categorical__industry_description_adipicacidestersaminesmanufacturing,0.0
categorical__industry_description_adhsivemanufacturing,0.0
categorical__industry_description_adhesivetapemedicalmanufacturing,0.0
categorical__industry_description_adhesivetapeexceptmedicalmadepurchasedmaterials,0.0
categorical__industry_description_adhesivessealantsmerchantwholesalers,0.0
categorical__industry_description_adhesivesmanufacturing,0.0
categorical__industry_description_skilodgesresortsaccommodations,0.0
categorical__industry_description_skillednursingrehabilitationfacility,0.0
categorical__industry_description_skillednursinghome,0.0
categorical__industry_description_apprenticeshiptrainingprograms,0.0
categorical__industry_description_appraisalmapping,0.0
categorical__industry_description_skillednursing,0.0
categorical__industry_description_skiingfacilitylodgingaccommodations,0.0
categorical__industry_description_skiingfacilitiesdownhillaccommodations,0.0
categorical__industry_description_skidspalletswoodwoodmetalcombinationmanufacturing,0.0
categorical__industry_description_skidsmetalmanufacturing,0.0
categorical__industry_description_skiddingrigsoilgasfieldcontractbasis,0.0
categorical__industry_description_skfusaincheadquarters,0.0
categorical__industry_description_sittingservicespet,0.0
categorical__industry_description_appraisalexceptrealestateservices,0.0
categorical__industry_description_sinksplasticsmanufacturing,0.0
categorical__industry_description_sinksmetalmanufacturing,0.0
categorical__industry_description_slotmachinesmanufacturing,0.0
categorical__industry_description_slotmachineparlors,0.0
categorical__industry_description_slotmachineconcessionoperatorsesupplyingservicingothersfacilities,0.0
categorical__industry_description_slippersmerchantwholesalers,0.0
categorical__industry_description_slingsliftingmadepurchasedwire,0.0
categorical__industry_description_slicingmachineryefoodmanufacturingtypemanufacturing,0.0
categorical__industry_description_sleepermechanismsconvertiblebedmanufacturing,0.0
categorical__industry_description_sleepdisordercentersclinicsoutpatient,0.0
categorical__industry_description_slaughteringcustom,0.0
categorical__industry_description_slateminingquarrying,0.0
categorical__industry_description_slateemasonrycontractors,0.0
categorical__industry_description_skylightsmetalmanufacturing,0.0
categorical__industry_description_skisskiingequipmentexceptapparelmanufacturing,0.0
categorical__industry_description_skirtingleathermanufacturing,0.0
categorical__industry_description_skiresortsaccommodations,0.0
categorical__industry_description_skiresort,0.0
categorical__industry_description_snowplowingdrivewaysparkinglotsenotcombinedanyotherservice,0.0
categorical__industry_description_snowplowattachmentsexceptlawngardentypemanufacturing,0.0
categorical__industry_description_snowmeltingsystemeghotwaterglycolinstallation,0.0
categorical__industry_description_snowclearinghighwaysbridgesroadtransportation,0.0
categorical__industry_description_snackfoodmfg,0.0
categorical__industry_description_snackfoodmanufacturing,0.0
categorical__industry_description_smp,0.0
categorical__industry_description_smokingtobaccoegcigarettepipemanufacturing,0.0
categorical__industry_description_applicatorswoodmanufacturing,0.0
categorical__industry_description_smokedetectionsysteminstallationonly,0.0
categorical__industry_description_smeltingrefiningnonferrousmetalsexceptaluminumcoppersecondary,0.0
categorical__industry_description_smeltingovensmanufacturing,0.0
categorical__industry_description_smeltingnonferrousmetalsexceptaluminumprimary,0.0
categorical__industry_description_smeltingnonferrousmetalsexceptaluminumcoppersecondary,0.0
categorical__industry_description_smallanimalveterinaryservices,0.0
categorical__industry_description_slottingmachinesmetalworkingmanufacturing,0.0
categorical__industry_description_socksknittingknittingfinishing,0.0
categorical__industry_description_sociologyresearchdevelopmentservices,0.0
categorical__industry_description_applicationssoftwareprogrammingservicescustomcomputer,0.0
categorical__industry_description_socialservices,0.0
categorical__industry_description_applicationssoftwarecomputerpackaged,0.0
categorical__industry_description_socialserviceagenciesfamily,0.0
categorical__industry_description_socialserviceadvocacyorganizations,0.0
categorical__industry_description_socialscienceresearchdevelopmentservices,0.0
categorical__industry_description_applicationhosting,0.0
categorical__industry_description_socialchangeadvocacyorganizations,0.0
categorical__industry_description_soccerteamsprofessionalsemiprofessional,0.0
categorical__industry_description_soccerinstructioncampsschools,0.0
categorical__industry_description_soccerclubsprofessionalsemiprofessional,0.0
categorical__industry_description_soapsegbarchippowdermanufacturing,0.0
categorical__industry_description_soapdispensersmetalmanufacturing,0.0
categorical__industry_description_snowplowingservicescombinedlandscapingserviceseseasonalpropertymaintenanceservices,0.0
categorical__industry_description_sodiumthiosulfatemanufacturing,0.0
categorical__industry_description_sodiumsilicateewaterglassmanufacturing,0.0
categorical__industry_description_sodiumphosphatemanufacturing,0.0
categorical__industry_description_sodiumorganiccompoundsnotspecifiedelsewhereprocessmanufacturing,0.0
categorical__industry_description_sodiuminorganiccompoundsnotspecifiedelsewhereprocessmanufacturing,0.0
categorical__industry_description_sodiumhypochloritemanufacturing,0.0
categorical__industry_description_sodiumcyanidemanufacturing,0.0
categorical__industry_description_sodiumchloratemanufacturing,0.0
categorical__industry_description_sodiumborohydridemanufacturing,0.0
categorical__industry_description_sodiumbicarbonatemanufacturing,0.0
categorical__industry_description_sodiumarseniteexceptinsecticidesmanufacturing,0.0
categorical__industry_description_sodiumaluminumsulfatemanufacturing,0.0
categorical__industry_description_sodiumaluminatemanufacturing,0.0
categorical__industry_description_sodfarming,0.0
categorical__industry_description_sodafountainsyrupsmanufacturing,0.0
categorical__industry_description_sodafountaincoolingdispensingequipmentmanufacturing,0.0
categorical__industry_description_soiltestingkitsmanufacturing,0.0
categorical__industry_description_soilpipecastironmanufacturing,0.0
categorical__industry_description_soilconservationservicesgovernment,0.0
categorical__industry_description_sofwareotherprerecordedcompactdisctaperecordingreproducing,0.0
categorical__industry_description_softwoodveneerplywoodmanufacturing,0.0
categorical__industry_description_softwoodplywoodcompositesmanufacturing,0.0
categorical__industry_description_softwarepublishers,0.0
categorical__industry_description_softwarepackagedmassreproducing,0.0
categorical__industry_description_softwareinstallationservicescomputer,0.0
categorical__industry_description_softwarecomputerpackagedmerchantwholesalers,0.0
categorical__industry_description_softpretzelsmadecommercialbakery,0.0
categorical__industry_description_softdrinkwholesaler,0.0
categorical__industry_description_softdrinksmerchantwholesalers,0.0
categorical__industry_description_softdrinksmanufacturing,0.0
categorical__industry_description_softdrinkmanufacturingbottlersyrup,0.0
categorical__industry_description_sofasupholsteredmanufacturing,0.0
categorical__industry_description_solidwastelandfillsnonhazardous,0.0
categorical__industry_description_solidwastelandfillscombinedcollectionlocalhaulingnonhazardouswastematerials,0.0
categorical__industry_description_solidwastelandfill,0.0
categorical__industry_description_solidwastecombustorsincineratorsnonhazardous,0.0
categorical__industry_description_solidwastecombustorsincinerators,0.0
categorical__industry_description_solidwastecollection,0.0
categorical__industry_description_solenoidselectronicapplicationsmanufacturing,0.0
categorical__industry_description_solderwirenonferrousmetalsexceptaluminumcoppermadepurchasedmetalsscrap,0.0
categorical__industry_description_solderlessconnectorselectricwiringdevicesmanufacturing,0.0
categorical__industry_description_solderingirontipstipletsmanufacturing,0.0
categorical__industry_description_solderingequipmentexcepthandheldmanufacturing,0.0
categorical__industry_description_solarpowerstructureconstruction,0.0
categorical__industry_description_solarpanelinstallation,0.0
categorical__industry_description_solarfarms,0.0
categorical__industry_description_solarfarm,0.0
categorical__industry_description_solarcellsmanufacturing,0.0
categorical__industry_description_soybeanoilrefinedmadecrushingmills,0.0
categorical__industry_description_soybeanoilmills,0.0
categorical__industry_description_soybeanoilcrudemanufacturing,0.0
categorical__industry_description_soybeanoilcakemealmadecrushingmills,0.0
categorical__industry_description_soybeanfarmingfieldseedproduction,0.0
categorical__industry_description_soybeancakesmealmanufacturing,0.0
categorical__industry_description_soupsseafoodmanufacturing,0.0
categorical__industry_description_soupsfrozenexceptseafoodmanufacturing,0.0
categorical__industry_description_soupsexceptseafoodcanning,0.0
categorical__industry_description_soupmixesmadedehydrationplant,0.0
categorical__industry_description_soupmixesdrymadepurchaseddryingredients,0.0
categorical__industry_description_soundequipmentinstallation,0.0
categorical__industry_description_sortinggradingcleaningpackingfruitsvegetables,0.0
categorical__industry_description_sonarsystemsequipmentmanufacturing,0.0
categorical__industry_description_sonabuoysmanufacturing,0.0
categorical__industry_description_solutionfactory,0.0
categorical__industry_description_specializedfreighttruckinglongdistance,0.0
categorical__industry_description_specializedfreighttrucking,0.0
categorical__industry_description_specializedfreightexceptusedgoodstrucking,0.0
categorical__industry_description_specialeducationprogram,0.0
categorical__industry_description_speakersystemsmanufacturing,0.0
categorical__industry_description_sparkplugsinternalcombustionenginesmanufacturing,0.0
categorical__industry_description_sparkpluginsulatorsporcelainmanufacturing,0.0
categorical__industry_description_spaghettisaucecanning,0.0
categorical__industry_description_spacevehiclescompletemanufacturing,0.0
categorical__industry_description_spacevehiclepartsauxiliaryequipmentmanufacturing,0.0
categorical__industry_description_spacetransportationfreightnonscheduled,0.0
categorical__industry_description_spacesatellitescommunicationsmanufacturing,0.0
categorical__industry_description_spa,0.0
categorical__industry_description_soybeanprocessingsoybeanoilrefining,0.0
categorical__industry_description_soybeanprocessing,0.0
categorical__industry_description_soybeanotheroilseedprocessing,0.0
categorical__industry_description_specialtyhospitalsexceptpsychiatric,0.0
categorical__industry_description_specialtygases,0.0
categorical__industry_description_specialtyfrozenfoodmanufacturer,0.0
categorical__industry_description_specialtyfoodstores,0.0
categorical__industry_description_specialtyexceptpsychiatricsubstanceabusehospitals,0.0
categorical__industry_description_specialtyemp,0.0
categorical__industry_description_specialtycoatingsroboticsystems,0.0
categorical__industry_description_specialtycanning,0.0
categorical__industry_description_specialtooldie,0.0
categorical__industry_description_specialpurposeindustrialmachineryequipmentmerchantwholesalers,0.0
categorical__industry_description_specialpurposehighwayvehiclespurchasedchassis,0.0
categorical__industry_description_specialpurposehighwayvehiclesegfirefightingvehiclesassemblingheavychassisownmanufacture,0.0
categorical__industry_description_specialpurposehighwayvehicleegfirefightingvehiclesbodiesmanufacturing,0.0
categorical__industry_description_specialpurposehighwayvehicleegfirefightingvehiclesassemblingpurchasedchassis,0.0
categorical__industry_description_specialneedstransportation,0.0
categorical__industry_description_specialneedspassengertransportationservices,0.0
categorical__industry_description_speedchangerindustrialhighspeeddrivegearmanufacturing,0.0
categorical__industry_description_speechpathologistsofficesegcentersclinics,0.0
categorical__industry_description_speechcliniciansofficesegcentersclinics,0.0
categorical__industry_description_speculativebuildersebuildingownlandsalecommercialinstitutionalbuilding,0.0
categorical__industry_description_spectrucklongdistance,0.0
categorical__industry_description_appliancestoreshouseholdtypeused,0.0
categorical__industry_description_spectatorseatinginstallation,0.0
categorical__industry_description_specialwarehousingstoragenotelsewhereclassified,0.0
categorical__industry_description_appliancestoreshouseholdtype,0.0
categorical__industry_description_specialwarehousingstorage,0.0
categorical__industry_description_specialtytransformerselectricmanufacturing,0.0
categorical__industry_description_specialtytradecontractor,0.0
categorical__industry_description_specialtytelevisionegmusicsportsnewscablenetworks,0.0
categorical__industry_description_specialtyoutpatient,0.0
categorical__industry_description_specialtylinepharmaceuticalsmerchantwholesalers,0.0
categorical__industry_description_specialtyhospitalsexceptpsyciatric,0.0
categorical__industry_description_sportinggoodsexceptammunitionclothingfootwearsmallarmsmanufacturing,0.0
categorical__industry_description_spoolingyarn,0.0
categorical__industry_description_spongesrubbermanufacturing,0.0
categorical__industry_description_spongesmetalscouringmanufacturing,0.0
categorical__industry_description_splinerollingmachinesmetalworkingmanufacturing,0.0
categorical__industry_description_spiritsdistilledmerchantwholesalers,0.0
categorical__industry_description_spiritsdistilledexceptbrandymanufacturing,0.0
categorical__industry_description_spinningunfinishedmetalproducts,0.0
categorical__industry_description_spillwayfloodwaterconstruction,0.0
categorical__industry_description_spicesspicemixmanufacturing,0.0
categorical__industry_description_spicesmerchantwhoselares,0.0
categorical__industry_description_spicesmerchantwholesalers,0.0
categorical__industry_description_spicemixturesmanufacturing,0.0
categorical__industry_description_spicegrindingblending,0.0
categorical__industry_description_speedreducersepowertransmissionequipmentmanufacturing,0.0
categorical__industry_description_speedchangersepowertransmissionequipmentmanufacturing,0.0
categorical__industry_description_sportsteamsprofessionalsemiprofessional,0.0
categorical__industry_description_sportsteamsleaguesrecreationalyouth,0.0
categorical__industry_description_sportsteamsclubs,0.0
categorical__industry_description_sportsteam,0.0
categorical__industry_description_sportsstadiumoperators,0.0
categorical__industry_description_sportsrecreationinstruction,0.0
categorical__industry_description_sportsinstructorsindependentenotparticipatingsportingevents,0.0
categorical__industry_description_sportsinstructioncampsschools,0.0
categorical__industry_description_sportseventmanagersfacilities,0.0
categorical__industry_description_sportsclubsprofessionalsemiprofessional,0.0
categorical__industry_description_sportsclubsmanagerspromoters,0.0
categorical__industry_description_sportsclubfacilitiesphysicalfitness,0.0
categorical__industry_description_sportsclothingteamuniformscutsewnpurchasedfabricexceptapparelcontractors,0.0
categorical__industry_description_sportsarenaoperators,0.0
categorical__industry_description_sportinggoodssuppliesmerchantwholesalers,0.0
categorical__industry_description_sportinggoodsstores,0.0
categorical__industry_description_sprinklersystemsautomaticfiremanufacturing,0.0
categorical__industry_description_sprinklersystembuildinginstallation,0.0
categorical__industry_description_springwaterspurifyingbottling,0.0
categorical__industry_description_springssteelmerchantwholesalers,0.0
categorical__industry_description_springsspringunitsseatslightgaugemadepurchasedwirestrip,0.0
categorical__industry_description_springsprecisionexceptclockwatchlightgaugemadepurchasedwirestrip,0.0
categorical__industry_description_springslightgaugeexceptclockwatchmadepurchasedwirestrip,0.0
categorical__industry_description_springsheavygaugemetalmanufacturing,0.0
categorical__industry_description_springsassembledbedboxmadepurchasedsprings,0.0
categorical__industry_description_spreadersfarmtypemanufacturing,0.0
categorical__industry_description_sprayersfarmtypemerchantwholesalers,0.0
categorical__industry_description_sprayersdustersfarmtypemanufacturing,0.0
categorical__industry_description_spraybedlinerinstallationtrucks,0.0
categorical__industry_description_spotweldingequipmentmanufacturing,0.0
categorical__industry_description_sportutilityvehiclesassemblingchassisownmanufacture,0.0
categorical__industry_description_sportsticketoffices,0.0
categorical__industry_description_stairrailingsmetalmanufacturing,0.0
categorical__industry_description_staircasesmetalmanufacturing,0.0
categorical__industry_description_stainlesssteelmadeironsteelmills,0.0
categorical__industry_description_stainlesssteelcastingsexceptinvestmentunfinishedmanufacturing,0.0
categorical__industry_description_stainedglassproductsmadepurchasedglass,0.0
categorical__industry_description_stagesetegconcertmotionpicturetelevisionerectingdismantlingindependent,0.0
categorical__industry_description_staffleasingservices,0.0
categorical__industry_description_staffingservices,0.0
categorical__industry_description_staffingjanitorialservices,0.0
categorical__industry_description_staffing,0.0
categorical__industry_description_stadiumseatingmanufacturing,0.0
categorical__industry_description_stadiumarenaconstruction,0.0
categorical__industry_description_stackersindustrialtrucktypemanufacturing,0.0
categorical__industry_description_ss,0.0
categorical__industry_description_sprocketspowertransmissionequipmentmanufacturing,0.0
categorical__industry_description_sprinklersystemsfiremerchantwholesalers,0.0
categorical__industry_description_starchesexceptlaundrymanufacturing,0.0
categorical__industry_description_stannicstannouschloridemanufacturing,0.0
categorical__industry_description_standsexceptwiremerchandisedisplaymanufacturing,0.0
categorical__industry_description_standardssettingmanagementagenciesgovernment,0.0
categorical__industry_description_standalonecasinosexceptslotmachineparlors,0.0
categorical__industry_description_stampingsexceptautomotivecanscoinsmetalunfinishedmanufacturing,0.0
categorical__industry_description_stampingmetalmotorvehiclemoldingstrims,0.0
categorical__industry_description_stampingmachinesmetalworkingmanufacturing,0.0
categorical__industry_description_stairworkegnewelpostsrailingsstaircasesstairswoodmanufacturing,0.0
categorical__industry_description_stairwaywoodinstallation,0.0
categorical__industry_description_stairwayprecastconcreteinstallation,0.0
categorical__industry_description_stairwaymetalinstallation,0.0
categorical__industry_description_stairtreadsrubbermanufacturing,0.0
categorical__industry_description_stairtreadsmetalmanufacturing,0.0
categorical__industry_description_stairsmetalmanufacturing,0.0
categorical__industry_description_stairrailingswoodmanufacturing,0.0
categorical__industry_description_steamheatdistribution,0.0
categorical__industry_description_steamfittingcontractors,0.0
categorical__industry_description_steamcleaningbuildingexteriors,0.0
categorical__industry_description_steamacsupply,0.0
categorical__industry_description_steakhousesfullservice,0.0
categorical__industry_description_statueerection,0.0
categorical__industry_description_statuarymarblemanufacturing,0.0
categorical__industry_description_applianceshouseholdtypeexceptwaterheatersheatingstovesenoncookinggaselectricmerchantwholesalers,0.0
categorical__industry_description_stationerymadepurchasedpaper,0.0
categorical__industry_description_stationerycommercialprintingexceptscreenjoborderbasis,0.0
categorical__industry_description_appliancehouseholdtyperepairmaintenanceservicesretailingnewappliances,0.0
categorical__industry_description_stateeducationdepartments,0.0
categorical__industry_description_appliancehardwaremetalmanufacturing,0.0
categorical__industry_description_starterstarterpartsinternalcombustionenginesmanufacturing,0.0
categorical__industry_description_startedpulletproduction,0.0
categorical__industry_description_starchgluesmanufacturing,0.0
categorical__industry_description_steelmillconstruction,0.0
categorical__industry_description_steelmetalfabrication,0.0
categorical__industry_description_architecturalmetalworkmerchantwholesalers,0.0
categorical__industry_description_steelmanufacturingfabricatedpipepipefittings,0.0
categorical__industry_description_steeljoistsmanufacturing,0.0
categorical__industry_description_steelinvestmentfoundries,0.0
categorical__industry_description_steelinvestmentcastingsunfinishedmanufacturing,0.0
categorical__industry_description_steelframingcontractors,0.0
categorical__industry_description_steelfoundriesexceptinvestment,0.0
categorical__industry_description_steelforgingsmadepurchasedsteelunfinished,0.0
categorical__industry_description_steelfabricationpipemanufacturing,0.0
categorical__industry_description_steelfabrication,0.0
categorical__industry_description_steelerectionmillwright,0.0
categorical__industry_description_steelcastingsexceptinvestmentunfinishedmanufacturing,0.0
categorical__industry_description_steamtrapsindustrialtypemanufacturing,0.0
categorical__industry_description_steamproductiondistribution,0.0
categorical__industry_description_stonecuttingsawbladesmanufacturing,0.0
categorical__industry_description_stonecrushedbrokenexceptgranitelimestoneminingbeneficiating,0.0
categorical__industry_description_stonebuildingcrushedmerchantwholesalers,0.0
categorical__industry_description_stockyardsenotfatteningsellinglivestocktransportation,0.0
categorical__industry_description_stockcommodityoptionsexchanges,0.0
categorical__industry_description_stockchairunfinishedhardwoodmanufacturing,0.0
categorical__industry_description_sterilizershospitalsurgicalmanufacturing,0.0
categorical__industry_description_steeringcolumnsautomotivetruckbusmanufacturing,0.0
categorical__industry_description_steepsloperoofinginstallation,0.0
categorical__industry_description_steelwoolmerchantwholesalers,0.0
categorical__industry_description_steelwoolmanufacturing,0.0
categorical__industry_description_steelwiredrawing,0.0
categorical__industry_description_steelreinforcingcontractors,0.0
categorical__industry_description_steelrailroadcarracksmanufacturing,0.0
categorical__industry_description_steelpipemanufacturer,0.0
categorical__industry_description_steelmills,0.0
categorical__industry_description_storegroceryretail,0.0
categorical__industry_description_storefurnituremerchantwholesalers,0.0
categorical__industry_description_storefixturesexceptrefrigeratedmerchantwholesalers,0.0
categorical__industry_description_storedisplayfixturesmanufacturing,0.0
categorical__industry_description_architecturalmetalworkmanufacturing,0.0
categorical__industry_description_storagetanksheavygaugemetalmanufacturing,0.0
categorical__industry_description_storagetanknaturalgasoiltankfarmfieldconstruction,0.0
categorical__industry_description_architecturalexceptlandscapeservices,0.0
categorical__industry_description_storagenaturalgas,0.0
categorical__industry_description_storagedevicescomputermanufacturing,0.0
categorical__industry_description_storagebatterymanufacturing,0.0
categorical__industry_description_storagebatteriesmanufacturing,0.0
categorical__industry_description_stoppersrubbermanufacturing,0.0
categorical__industry_description_stopcockdrainsplumbingmanufacturing,0.0
categorical__industry_description_stoneworkemasonrycontractors,0.0
categorical__industry_description_stoneexceptlimestonegranitebeneficiatingplantseggrinding,0.0
categorical__industry_description_streetcarscarequipmenturbantransitmanufacturing,0.0
categorical__industry_description_architecturalexceptlandscapeconsultantsoffices,0.0
categorical__industry_description_strapswatchpreciousmetalmanufacturing,0.0
categorical__industry_description_strappingsmetalmanufacturing,0.0
categorical__industry_description_strandedwireuninsulatedmadepurchasedwire,0.0
categorical__industry_description_strainerspipelinemanufacturing,0.0
categorical__industry_description_straddlecarriersmobilemanufacturing,0.0
categorical__industry_description_stoveshouseholdtypecookingmanufacturing,0.0
categorical__industry_description_stovescookinghouseholdtypemerchantwholesalers,0.0
categorical__industry_description_stovescommercialtypemanufacturing,0.0
categorical__industry_description_stormsewerconstruction,0.0
categorical__industry_description_stormdoorswindowswoodframedmanufacturing,0.0
categorical__industry_description_stormdoorswindowsmetalmanufacturing,0.0
categorical__industry_description_stormbasincleanoutservices,0.0
categorical__industry_description_stores,0.0
categorical__industry_description_storehardware,0.0
categorical__industry_description_structuralassembliesprefabricatedwoodmerchantwholesalers,0.0
categorical__industry_description_structuralassembliesprefabricatedexceptwoodmerchantwholesalers,0.0
categorical__industry_description_structuralassembliesmetalmerchantwholesalers,0.0
categorical__industry_description_stroboscopesmanufacturing,0.0
categorical__industry_description_stripironsteelmadeironsteelmills,0.0
categorical__industry_description_stripgalvanizedironsteelmadeironsteelmills,0.0
categorical__industry_description_stripcoppercopperalloymadepurchasedcopperintegratedsecondarysmeltingrollingdrawingextrudingplants,0.0
categorical__industry_description_stretchersmedicalmanufacturing,0.0
categorical__industry_description_streetsweepingcleaningequipmentmerchantwholesalers,0.0
categorical__industry_description_streetsweeping,0.0
categorical__industry_description_streetrailwaysystemsexceptmixedmodecommuter,0.0
categorical__industry_description_streetmaintenancestormwater,0.0
categorical__industry_description_streetmaintenance,0.0
categorical__industry_description_streetlightingfixturesexcepttrafficsignalsmanufacturing,0.0
categorical__industry_description_streetconstructions,0.0
categorical__industry_description_streetcleaningservice,0.0
categorical__industry_description_submarinebuilding,0.0
categorical__industry_description_subdividersrealestate,0.0
categorical__industry_description_styreneresinsmanufacturing,0.0
categorical__industry_description_styrenemaderefinedpetroleumliquidhydrocarbons,0.0
categorical__industry_description_studwallegwoodsteelinstallation,0.0
categorical__industry_description_studssheetmetalexceptstampingsmanufacturing,0.0
categorical__industry_description_stuccostuccoproductsmanufacturing,0.0
categorical__industry_description_stuccocontractors,0.0
categorical__industry_description_stucco,0.0
categorical__industry_description_structuralwoodmembersexcepttrussesfabricatedmanufacturing,0.0
categorical__industry_description_structuraltoysetsmanufacturing,0.0
categorical__industry_description_architecturalcoatingsmanufacturing,0.0
categorical__industry_description_structuralshapesmaderollingpurchasedaluminum,0.0
categorical__industry_description_structuralshapesironsteelmadeironsteelmills,0.0
categorical__industry_description_architecturalcoatingsepaintmanufacturing,0.0
categorical__industry_description_structurallumbertimbertreating,0.0
categorical__industry_description_sugargranulatedmadesugarbeets,0.0
categorical__industry_description_sugarconfectionerymanufacturing,0.0
categorical__industry_description_sugarcanemills,0.0
categorical__industry_description_sugarcanemanufacturing,0.0
categorical__industry_description_sugarcanefarmingfieldproduction,0.0
categorical__industry_description_sugarbeetfarming,0.0
categorical__industry_description_suctiontherapyapparatusmanufacturing,0.0
categorical__industry_description_subwayconstruction,0.0
categorical__industry_description_substationtransformerselectricpowerdistributionmanufacturing,0.0
categorical__industry_description_substationswitchingstationpowertransmissionlineconstruction,0.0
categorical__industry_description_substanceabusetreatmentcentersclinicsexcepthospitalsoutpatient,0.0
categorical__industry_description_substanceabusetreatmentcenter,0.0
categorical__industry_description_architecturalblockconcreteegflutedgroundfacescreenslumpsplitmanufacturing,0.0
categorical__industry_description_substanceabuseealcoholismdrugaddictionhalfwayhouses,0.0
categorical__industry_description_subsidiarymanagementoffices,0.0
categorical__industry_description_subpressesmachinetoolmanufacturing,0.0
categorical__industry_description_sunroofspartsautomotivetruckbusmanufacturing,0.0
categorical__industry_description_sunglassesmerchantwholesalers,0.0
categorical__industry_description_sunflowerseedoilcakemealmadecrushingmills,0.0
categorical__industry_description_summertheaters,0.0
categorical__industry_description_summerresorthotelscasinos,0.0
categorical__industry_description_summercampsexceptdayinstructional,0.0
categorical__industry_description_sulfursulfurcompoundsnotspecifiedelsewhereprocessmanufacturing,0.0
categorical__industry_description_sulfurinsecticidesmanufacturing,0.0
categorical__industry_description_architectsofficeslandscape,0.0
categorical__industry_description_sulfurdioxidemanufacturing,0.0
categorical__industry_description_suitstailoredmensboyscutsewnpurchasedfabricexceptapparelcontractors,0.0
categorical__industry_description_suitsfirefightingmanufacturing,0.0
categorical__industry_description_sugarsubstitutesesyntheticsweetenersblendedotheringredientsmadepurchasedsyntheticsweeteners,0.0
categorical__industry_description_sugarrefinedmanufacturing,0.0
categorical__industry_description_sugarrawmanufacturing,0.0
categorical__industry_description_sugarmadewetmillingcorn,0.0
categorical__industry_description_addresslistsscreenprintingpublishing,0.0
categorical__industry_description_addressbarcodingservices,0.0
categorical__industry_description_additivepreparationsgasolineegantiknockpreparationsdetergentsguminhibitorsmanufacturing,0.0
categorical__industry_description_additionalterationrenovationsinglefamilyhousinggeneralcontractors,0.0
categorical__industry_description_additionalterationrenovationsinglefamilydwellings,0.0
categorical__industry_description_additionalterationrenovationsalebuildersindustrialwarehouse,0.0
categorical__industry_description_additionalterationrenovationsalebuildershotelmotel,0.0
categorical__industry_description_additionalterationrenovationsalebuilderscommercialwarehouse,0.0
categorical__industry_description_additionalterationrenovationresidentialbuildinggeneralcontractors,0.0
categorical__industry_description_additionalterationrenovationmultifamilybuildinggeneralcontractors,0.0
categorical__industry_description_additionalterationrenovationindustrialwarehouse,0.0
categorical__industry_description_additionalterationrenovationindustrialbuildingexceptwarehouses,0.0
categorical__industry_description_additionalterationrenovationhotelmotel,0.0
categorical__industry_description_superalloysironsteelmanufacturing,0.0
categorical__industry_description_sunscreenlotionsoilsmanufacturing,0.0
categorical__industry_description_sunroomadditionsresidential,0.0
categorical__industry_description_supportgroupservices,0.0
categorical__industry_description_archesgluelaminatedpreengineeredwoodmanufacturing,0.0
categorical__industry_description_supportactivitiesrailtransportation,0.0
categorical__industry_description_supportactivitiesforestry,0.0
categorical__industry_description_supportactivitiescoalmining,0.0
categorical__industry_description_archeryequipmentmerchantwholesalers,0.0
categorical__industry_description_supportactivitiesagriculture,0.0
categorical__industry_description_supplylineassembliesplumbingeflexiblehosefittingsmanufacturing,0.0
categorical__industry_description_superstoresefoodgeneralmerchandise,0.0
categorical__industry_description_archeryequipmentmanufacturing,0.0
categorical__industry_description_supermarketsothergroceryexceptconvenience,0.0
categorical__industry_description_arcadesamusement,0.0
categorical__industry_description_supermarketothergrocery,0.0
categorical__industry_description_supermarketgrocnotconveniencestore,0.0
categorical__industry_description_adhesivesexceptasphaltdentalgypsumbasemanufacturing,0.0
categorical__industry_description_adhesivemanufacturing,0.0
categorical__industry_description_arborsemachinetoolaccessorymanufacturing,0.0
categorical__industry_description_surgicalknifebladeshandlesmanufacturing,0.0
categorical__industry_description_surgicalinstrumentsapparatusmerchantwholesalers,0.0
categorical__industry_description_surgicalinstrumentreprocessor,0.0
categorical__industry_description_surgicalinstrumentrepairmaintenanceservices,0.0
categorical__industry_description_surgicalimplantsmanufacturing,0.0
categorical__industry_description_surgicalhospital,0.0
categorical__industry_description_surgicaldressingsmanufacturing,0.0
categorical__industry_description_surgicalappliancesuppliesmanufacturing,0.0
categorical__industry_description_surgicalappliancesupplies,0.0
categorical__industry_description_surgesuppressorsmanufacturing,0.0
categorical__industry_description_surgeonsexceptdentalofficesegcentersclinics,0.0
categorical__industry_description_arboretums,0.0
categorical__industry_description_surfaceactiveagentsmanufacturing,0.0
categorical__industry_description_supportsorthopedicegabdominalanklearchkneecapmanufacturing,0.0
categorical__industry_description_supportservices,0.0
categorical__industry_description_swimmingpoolcleaningmaintenanceservices,0.0
categorical__industry_description_swimmingpoolchemicalpreparationsmanufacturing,0.0
categorical__industry_description_swimminginstruction,0.0
categorical__industry_description_sweetyeastgoodsfrozenmanufacturing,0.0
categorical__industry_description_sweetcornfarmingfieldseedproduction,0.0
categorical__industry_description_swatchessamplesmountingtrade,0.0
categorical__industry_description_suturessurgicalmanufacturing,0.0
categorical__industry_description_surveyorsstakeswoodmanufacturing,0.0
categorical__industry_description_surveyingmappingservicesexceptgeophysical,0.0
categorical__industry_description_surveyinginstrumentsmanufacturing,0.0
categorical__industry_description_surveyingexceptseismographicoilgaswellscontractbasis,0.0
categorical__industry_description_surveillancesysteminstallationonly,0.0
categorical__industry_description_surgicalsuppliesmerchantwholesalers,0.0
categorical__industry_description_surgicalsuppliesexceptmedicalinstrumentsmanufacturing,0.0
categorical__industry_description_surgicalstaplingdevicesmanufacturing,0.0
categorical__industry_description_surgicalmedicalinstrumentmanufacturing,0.0
categorical__industry_description_switchespneumaticpositioningremotemanufacturing,0.0
categorical__industry_description_switcheselectronicapplicationsmanufacturing,0.0
categorical__industry_description_switcheselectricpowerexceptpushbottonsnapsolenoidtumblermanufacturing,0.0
categorical__industry_description_switcheselectricalwiringegpressurepushbuttonsnaptumblermanufacturing,0.0
categorical__industry_description_switchboxeselectricalwiringmanufacturing,0.0
categorical__industry_description_switchboardselectricaldistributionmerchantwholesalers,0.0
categorical__industry_description_swineproduction,0.0
categorical__industry_description_swinefeedcompletemanufacturing,0.0
categorical__industry_description_swimmingpoolsupplystores,0.0
categorical__industry_description_swimmingpoolsfiberglassmanufacturing,0.0
categorical__industry_description_swimmingpoolscreenenclosureconstruction,0.0
categorical__industry_description_swimmingpoolsaccessoriesmanufacturing,0.0
categorical__industry_description_swimmingpoolsabovegroundmanufacturing,0.0
categorical__industry_description_swimmingpools,0.0
categorical__industry_description_swimmingpooloutdoorconstruction,0.0
categorical__industry_description_swimmingpoolcoverslinersplasticsmanufacturing,0.0
categorical__industry_description_systemsintegrationdesignconsultingservicescomputer,0.0
categorical__industry_description_syruptableartificiallyflavoredmanufacturing,0.0
categorical__industry_description_syrupsweeteningexceptpuremaplemanufacturing,0.0
categorical__industry_description_syrupflavoringexceptcoffeebasedmanufacturing,0.0
categorical__industry_description_syrupcornmadewetmilling,0.0
categorical__industry_description_syrupcornexceptwetmilledmanufacturing,0.0
categorical__industry_description_syrupbeveragemanufacturing,0.0
categorical__industry_description_syringeshypodermicmanufacturing,0.0
categorical__industry_description_syntheticrubberevulcanizableelastomersmanufacturing,0.0
categorical__industry_description_synchronousmotorsmanufacturing,0.0
categorical__industry_description_symphonyorchestras,0.0
categorical__industry_description_switchingservicesrailroad,0.0
categorical__industry_description_switchingequipmenttelephonemanufacturing,0.0
categorical__industry_description_switchgearswitchgearaccessoriesmanufacturing,0.0
categorical__industry_description_switchgearswitchboardapparatusmanufacturing,0.0
categorical__industry_description_switchgearindustrialcontrolsmfg,0.0
categorical__industry_description_tankliningcontractors,0.0
categorical__industry_description_tankertruckinglongdistance,0.0
categorical__industry_description_tankertruckingchemical,0.0
categorical__industry_description_tankertrucking,0.0
categorical__industry_description_aqueductconstruction,0.0
categorical__industry_description_tankbodiestrucksmanufacturing,0.0
categorical__industry_description_talloilexceptskimmingsmanufacturing,0.0
categorical__industry_description_tablewarevitreouschinamanufacturing,0.0
categorical__industry_description_tablewareexceptdisposableplatedpreciousmerchantwholesalers,0.0
categorical__industry_description_tabletsmetalmanufacturing,0.0
categorical__industry_description_tabletsegmemonotewritingmadepurchasedpaper,0.0
categorical__industry_description_tabletopsmarblemanufacturing,0.0
categorical__industry_description_tableswoodofficetypemanufacturing,0.0
categorical__industry_description_tablesmetalhouseholdtypemanufacturing,0.0
categorical__industry_description_tablesaltmanufacturing,0.0
categorical__industry_description_systemsintegrationdesignservicescomputer,0.0
categorical__industry_description_targetstrailertypeaircraftmanufacturing,0.0
categorical__industry_description_tarasphaltpavingmixturesmadepurchasedasphalticmaterials,0.0
categorical__industry_description_tapiocamanufacturing,0.0
categorical__industry_description_tapesvarnishedcoatedexceptmagneticmadepurchasedfabric,0.0
categorical__industry_description_tapespressuresensitivegummedmadepurchasedpaperothermaterials,0.0
categorical__industry_description_tapespressuresensitiveegcellophanemaskinggummedmadepurchasedpaperothermaterials,0.0
categorical__industry_description_tapesnonwovenfabricmanufacturing,0.0
categorical__industry_description_tapesmedicaladhesivemanufacturing,0.0
categorical__industry_description_taperedrollerbearingsmanufacturing,0.0
categorical__industry_description_tapepressuresensitivegummedmadepurchasedpaperothermaterials,0.0
categorical__industry_description_tantalumrefiningprimary,0.0
categorical__industry_description_tanneryleathermanufacturing,0.0
categorical__industry_description_tanktrucksegfueloilmilkwaterassemblingpurchasedchassis,0.0
categorical__industry_description_tanktrailerliquiddrybulkmanufacturing,0.0
categorical__industry_description_aquariumsmadepurchasedglass,0.0
categorical__industry_description_tanksmilitaryincludingfactoryrebuildingmanufacturing,0.0
categorical__industry_description_teamerchantwholesalers,0.0
categorical__industry_description_teainstantmanufacturing,0.0
categorical__industry_description_teaherbalmanufacturing,0.0
categorical__industry_description_teaexceptherbalmanufacturing,0.0
categorical__industry_description_teacoffeeepackagedstores,0.0
categorical__industry_description_teachingmachinesegflightsimulatorsmanufacturing,0.0
categorical__industry_description_teablending,0.0
categorical__industry_description_taxreturnpreparationservices,0.0
categorical__industry_description_taxiservice,0.0
categorical__industry_description_taxicabsdispatch,0.0
categorical__industry_description_taxicabs,0.0
categorical__industry_description_taxicaborganizations,0.0
categorical__industry_description_taxicabcompanyallotheremployees,0.0
categorical__industry_description_taxationdepartments,0.0
categorical__industry_description_tarringroads,0.0
categorical__industry_description_tarpaperbuildingroofingmadepapermills,0.0
categorical__industry_description_telemarketingservicescontractfeebasis,0.0
categorical__industry_description_telemarketingbureausothercontactcenters,0.0
categorical__industry_description_telemarketingbureaus,0.0
categorical__industry_description_telemarketing,0.0
categorical__industry_description_teleconferencingservices,0.0
categorical__industry_description_telecomunications,0.0
categorical__industry_description_telecomservices,0.0
categorical__industry_description_telecommunicationsresellers,0.0
categorical__industry_description_telecommunicationsmanagementconsultingservices,0.0
categorical__industry_description_armingfusingdevicesmissilemanufacturing,0.0
categorical__industry_description_telecommunicationscarrierscellulartelephone,0.0
categorical__industry_description_telecommuncationsequipmentinstallers,0.0
categorical__industry_description_technicalmanualspapersbooksprintingbindingpublishing,0.0
categorical__industry_description_technicalmagazineperiodicalpublishersprintingcombined,0.0
categorical__industry_description_technicalglasswaremadepurchasedglass,0.0
categorical__industry_description_technicalengineeringservices,0.0
categorical__industry_description_televisiontransmittingtowerconstruction,0.0
categorical__industry_description_televisionshowproduction,0.0
categorical__industry_description_televisionorderhomeshopping,0.0
categorical__industry_description_televisionclosedcircuitequipmentmanufacturing,0.0
categorical__industry_description_televisionbroadcastingstations,0.0
categorical__industry_description_televisionbroadcastingnetworks,0.0
categorical__industry_description_telephoneutility,0.0
categorical__industry_description_telephonesexceptcellulartelephonemanufacturing,0.0
categorical__industry_description_telephonelineconstruction,0.0
categorical__industry_description_telephoneinstallationcontractors,0.0
categorical__industry_description_telephoneequipmentbuildingwiringinstallation,0.0
categorical__industry_description_telephonedirectorypublishersprintingcombined,0.0
categorical__industry_description_telephonecallcenters,0.0
categorical__industry_description_telephonecallcenter,0.0
categorical__industry_description_telephone,0.0
categorical__industry_description_telemeteringinstrumentsindustrialprocesstypemanufacturing,0.0
categorical__industry_description_tentpartyrental,0.0
categorical__industry_description_tenniscourts,0.0
categorical__industry_description_tennisclubfacilities,0.0
categorical__industry_description_temptaleproductlinesservices,0.0
categorical__industry_description_armaturesindustrialmanufacturing,0.0
categorical__industry_description_temporarystaffingfirm,0.0
categorical__industry_description_temporarystaffingagency,0.0
categorical__industry_description_temporarysheltersegbatteredwomenshomelessrunawayyouth,0.0
categorical__industry_description_temporaryshelters,0.0
categorical__industry_description_temporaryshelter,0.0
categorical__industry_description_temporaryhelpservices,0.0
categorical__industry_description_temporaryemploymentservices,0.0
categorical__industry_description_tempering,0.0
categorical__industry_description_temperedglassmadepurchasedglass,0.0
categorical__industry_description_temperatureinstrumentsindustrialprocesstypeexceptglassbimetalthermometersmanufacturing,0.0
categorical__industry_description_temperaturecontrolsysteminstallation,0.0
categorical__industry_description_testingmeasuringequipmentelectricalexceptautomotivemerchantwholesalers,0.0
categorical__industry_description_testinglaboratory,0.0
categorical__industry_description_testinglaboratoriesmedical,0.0
categorical__industry_description_testinglaboratoriesexceptmedicalveterinary,0.0
categorical__industry_description_testinglaboratories,0.0
categorical__industry_description_testingequipmentegabrasionshearingstrengthtensilestrengthtorsionmanufacturing,0.0
categorical__industry_description_testboringconstruction,0.0
categorical__industry_description_terrazzotilerefinishing,0.0
categorical__industry_description_terrazzocontractors,0.0
categorical__industry_description_terminalspetroleum,0.0
categorical__industry_description_terminalsconnectorselectricaldevicesmanufacturing,0.0
categorical__industry_description_terminaljointterminalmaintenancefacilitiesmotorfreighttranspo,0.0
categorical__industry_description_terminalfullserviceshop,0.0
categorical__industry_description_terminal,0.0
categorical__industry_description_tenttrailershardtopsofttopmanufacturing,0.0
categorical__industry_description_tentsmadepurchasedfabrics,0.0
categorical__industry_description_textilemillsnarrowwovenfabric,0.0
categorical__industry_description_textilemillsbroadwovenfabrics,0.0
categorical__industry_description_textilemillconstruction,0.0
categorical__industry_description_textilemanufcturer,0.0
categorical__industry_description_textilemanufacturing,0.0
categorical__industry_description_textilemakingmachinerymanufacturing,0.0
categorical__industry_description_textilemachineryrepairmaintenanceservices,0.0
categorical__industry_description_textilemachineryequipmentmerchantwholesalers,0.0
categorical__industry_description_textilefabricfinising,0.0
categorical__industry_description_textilefabricfinishing,0.0
categorical__industry_description_textiledesignservices,0.0
categorical__industry_description_textilebroadwovenfabricsmills,0.0
categorical__industry_description_textilebagsmadepurchasedwovenknittedmaterials,0.0
categorical__industry_description_testingweighinginspectingpackagingmachinerymanufacturing,0.0
categorical__industry_description_testingservicesveterinarians,0.0
categorical__industry_description_testingprototypeaircraftpartsincludingdeicingwatertankssystemsantiicingheatedfloorpanelsinsideaircraft,0.0
categorical__industry_description_theatricalscenerymanufacturing,0.0
categorical__industry_description_theatricalproducers,0.0
categorical__industry_description_theatricalequipmentexceptcostumesrentalleasing,0.0
categorical__industry_description_theaterslivetheatricalproductionexceptdance,0.0
categorical__industry_description_theateroperators,0.0
categorical__industry_description_theaternocplayersentertainersmusicians,0.0
categorical__industry_description_theaterconstruction,0.0
categorical__industry_description_theatercompaniesexceptdance,0.0
categorical__industry_description_theatercompaniesdinnertheaters,0.0
categorical__industry_description_textilewaterproofing,0.0
categorical__industry_description_textilewastemerchantwholesalers,0.0
categorical__industry_description_textilesexceptburlapfeltmerchantwholesalers,0.0
categorical__industry_description_textileproductsfinishing,0.0
categorical__industry_description_textileproductsexceptapparelmadewarpweftknittingmills,0.0
categorical__industry_description_textileproductsexceptapparelmadebroadwov,0.0
categorical__industry_description_textileprintingmachinerymanufacturing,0.0
categorical__industry_description_thermoplasticresinsplasticsmaterialsmanufacturing,0.0
categorical__industry_description_thermometersmedicalmanufacturing,0.0
categorical__industry_description_thermoformingmachineryplasticsmanufacturing,0.0
categorical__industry_description_thermoforming,0.0
categorical__industry_description_thermoformblisterskinpackagingmachinerymanufacturing,0.0
categorical__industry_description_thermoelectricgeneratorsmanufacturing,0.0
categorical__industry_description_thermocouplesindustrialprocesstypemanufacturing,0.0
categorical__industry_description_thermistorsmanufacturing,0.0
categorical__industry_description_thermalpowerplantconstruction,0.0
categorical__industry_description_thermalinsulationpolystyrenefoammanufacturing,0.0
categorical__industry_description_thermalconductivityinstrumentssensorsmanufacturing,0.0
categorical__industry_description_thermalconductivityinstrumentsindustrialprocesstypemanufacturing,0.0
categorical__industry_description_therapistsphysicaloccupationaletc,0.0
categorical__industry_description_armaturerewindingservicesexceptassemblylinefactorybasis,0.0
categorical__industry_description_themepark,0.0
categorical__industry_description_theftpreventionsignalingdevicesegdoorentranceannunciationholdupsignalingdevicespersonalduresssignalingdevicesmanufacturing,0.0
categorical__industry_description_tileceramicwallfloormanufacturing,0.0
categorical__industry_description_tileadhesivesmanufacturing,0.0
categorical__industry_description_tieswoodrailroadbridgecrossswitchtreating,0.0
categorical__industry_description_tiesconcreterailroadmanufacturing,0.0
categorical__industry_description_ticketegairlinebuscruiseshipsportstheatricaloffices,0.0
categorical__industry_description_thriftstore,0.0
categorical__industry_description_threadrubberexceptfabriccoveredmanufacturing,0.0
categorical__industry_description_threadrollingmachinesmetalworkingmanufacturing,0.0
categorical__industry_description_threadmills,0.0
categorical__industry_description_threadfinishing,0.0
categorical__industry_description_threadallfibersmanufacturing,0.0
categorical__industry_description_thoroughbredracetracks,0.0
categorical__industry_description_thirdpartylogistics,0.0
categorical__industry_description_thinlayerdepositionequipmentsemiconductormanufacturing,0.0
categorical__industry_description_thinfilmintegratedcircuitsmanufacturing,0.0
categorical__industry_description_thermosettingplasticsresinsmanufacturing,0.0
categorical__industry_description_tinkerhmcstc,0.0
categorical__industry_description_tinfoilnotmaderollingmills,0.0
categorical__industry_description_timeshareexchangeservicescondominium,0.0
categorical__industry_description_timesharecondominiumconstructiongeneralcontractors,0.0
categorical__industry_description_timeplannersorganizersrefillsmanufacturing,0.0
categorical__industry_description_timbertractoperations,0.0
categorical__industry_description_timbersstructuralgluelaminatedpreengineeredwoodmanufacturing,0.0
categorical__industry_description_timbersmadelogsbolts,0.0
categorical__industry_description_tillersfarmgardenmerchantwholesalers,0.0
categorical__industry_description_tilework,0.0
categorical__industry_description_tilestructuralclayexceptrefractorymerchantwholesalers,0.0
categorical__industry_description_tilestonewarehousedistributionfacility,0.0
categorical__industry_description_tilesfloorelinoleumrubbervinylmanufacturing,0.0
categorical__industry_description_tileexceptresilientcontractors,0.0
categorical__industry_description_tilecorkmanufacturing,0.0
categorical__industry_description_tileclayrefractorymanufacturing,0.0
categorical__industry_description_tireretread,0.0
categorical__industry_description_tirerepairshopsexceptretreadingautomotive,0.0
categorical__industry_description_tirerepairmaterialsmanufacturing,0.0
categorical__industry_description_tiremountingmachinesmotorvehiclemanufacturing,0.0
categorical__industry_description_tiremanufacturing,0.0
categorical__industry_description_tiremakingmachinerymanufacturing,0.0
categorical__industry_description_tireinflatorsaerosolmanufacturing,0.0
categorical__industry_description_armaturerelaysmanufacturing,0.0
categorical__industry_description_tiredealers,0.0
categorical__industry_description_tiredealer,0.0
categorical__industry_description_tirecordfabricallmaterialsmanufacturing,0.0
categorical__industry_description_tirecord,0.0
categorical__industry_description_tirebuilding,0.0
categorical__industry_description_tippleminingconstruction,0.0
categorical__industry_description_tintinalloybarpiperodsheetstriptubingmadepurchasedmetalsscrap,0.0
categorical__industry_description_tintdyepreparationshouseholdtypeexcepthairmanufacturing,0.0
categorical__industry_description_titaniumforgingsmadepurchasedmetalsunfinished,0.0
categorical__industry_description_titaniumcastingsexceptdiecastingsunfinishedmanufacturing,0.0
categorical__industry_description_titaniumbasedpigmentsmanufacturing,0.0
categorical__industry_description_tissuepapertoiletfacialmerchantwholesalers,0.0
categorical__industry_description_tissuepaperstockmanufacturing,0.0
categorical__industry_description_tiretuberepairmaterialsmerchantwholesalers,0.0
categorical__industry_description_tiretubemerchantwholesalers,0.0
categorical__industry_description_tiretesting,0.0
categorical__industry_description_tiresscrapmerchantwholesalers,0.0
categorical__industry_description_tiresplasticsmanufacturing,0.0
categorical__industry_description_tiresnewmotorvehiclemerchantwholesalers,0.0
categorical__industry_description_tireshreddingmachinerymanufacturing,0.0
categorical__industry_description_arenaoperators,0.0
categorical__industry_description_tireretreadingrepairshops,0.0
categorical__industry_description_tireretreadingrecappingrebuilding,0.0
categorical__industry_description_tireretreading,0.0
categorical__industry_description_toiletpapermadepapermills,0.0
categorical__industry_description_toiletfixturesplasticsmanufacturing,0.0
categorical__industry_description_toiletfixturesmetalmanufacturing,0.0
categorical__industry_description_tofuebeancurdexceptfrozendessertsmanufacturing,0.0
categorical__industry_description_tobaccowarehousing,0.0
categorical__industry_description_tobaccostemmingredrying,0.0
categorical__industry_description_tobaccosheetingservices,0.0
categorical__industry_description_tobaccoproductsmerchantwholesalers,0.0
categorical__industry_description_tobaccoproductsegchewingsmokingsnuffmanufacturing,0.0
categorical__industry_description_tobaccopouchespreciousmetalmanufacturing,0.0
categorical__industry_description_tobaccoleafprocessingaging,0.0
categorical__industry_description_tobaccofarmingfieldseedproduction,0.0
categorical__industry_description_titrimetersmanufacturing,0.0
categorical__industry_description_titaniumtitaniumalloybarbilletrodsheetstriptubingmadepurchasedmetalsscrap,0.0
categorical__industry_description_titaniumrollingdrawingextrudingpurchasedmetalsscrap,0.0
categorical__industry_description_titaniumrefiningprimary,0.0
categorical__industry_description_toolshandheldnonpoweredexceptkitchentypemanufacturing,0.0
categorical__industry_description_toolshandexceptmotorvehiclemachinistsprecisiontoolsmerchantwholesalers,0.0
categorical__industry_description_toolsaccessoriesmachinetoolsmanufacturing,0.0
categorical__industry_description_toolmfgnotdropmachineforgenoc,0.0
categorical__industry_description_tooldieshop,0.0
categorical__industry_description_tooldie,0.0
categorical__industry_description_toolboxeslightgaugemetalmanufacturing,0.0
categorical__industry_description_tonersexceptelectrostaticphotographicmanufacturing,0.0
categorical__industry_description_tonerselectrostaticphotographicmanufacturing,0.0
categorical__industry_description_tomatofarminggrownundercover,0.0
categorical__industry_description_tomatofarmingexceptundercoverfieldbeddingplantseedproduction,0.0
categorical__industry_description_toiletwarepreciousplatedmetalmanufacturing,0.0
categorical__industry_description_toiletsoapsmanufacturing,0.0
categorical__industry_description_toiletriesmerchantwholesalers,0.0
categorical__industry_description_toiletpreparationsegcosmeticsdeodorantsperfumesmanufacturing,0.0
categorical__industry_description_toiletpapermadepurchasedpaper,0.0
categorical__industry_description_touroperatorsearrangingassemblingtours,0.0
categorical__industry_description_touristlodges,0.0
categorical__industry_description_tourbusscenicsightseeingoperation,0.0
categorical__industry_description_totlizingfluidmetercountingdevicesmanufacturing,0.0
categorical__industry_description_totalizingfluidmetersmanufacturing,0.0
categorical__industry_description_tortillasmanufacturing,0.0
categorical__industry_description_tortillachipsmanufacturing,0.0
categorical__industry_description_torquemotorselectricmanufacturing,0.0
categorical__industry_description_torqueconvertersautomotivetruckbusmanufacturing,0.0
categorical__industry_description_topsconvertibleautomotivemanufacturing,0.0
categorical__industry_description_topographicsurveyingservices,0.0
categorical__industry_description_toothpastesgelstoothpowdersmanufacturing,0.0
categorical__industry_description_toothbrushesexceptelectricmanufacturing,0.0
categorical__industry_description_toolsteelmadeironsteelmills,0.0
categorical__industry_description_toolshandmetalbladeegputtyknivesscrapersscrewdrivers,0.0
categorical__industry_description_toolshandheldpowerdrivenmanufacturing,0.0
categorical__industry_description_toystoreselectronic,0.0
categorical__industry_description_toystores,0.0
categorical__industry_description_toysmanufacturing,0.0
categorical__industry_description_toysincludingelectronicmerchantwholesalers,0.0
categorical__industry_description_toxicologyhealthlaboratories,0.0
categorical__industry_description_toxicmaterialremovalcontractors,0.0
categorical__industry_description_towtrucksincludingtiltloadassemblingpurchasedchassis,0.0
categorical__industry_description_towtruckservices,0.0
categorical__industry_description_towingservicesmotorvehicle,0.0
categorical__industry_description_towingserviceinlandwatersexceptgreatlakessystem,0.0
categorical__industry_description_towing,0.0
categorical__industry_description_towerpowerdistributioncommunicationconstruction,0.0
categorical__industry_description_towelspapermadepurchasedpaper,0.0
categorical__industry_description_towelspapermadepapermills,0.0
categorical__industry_description_towelettespremoistenedmanufacturing,0.0
categorical__industry_description_towboatbuildingrepairing,0.0
categorical__industry_description_tradingpostsgeneralmerchandise,0.0
categorical__industry_description_tradeshoworganizers,0.0
categorical__industry_description_tradeshowexhibitinstallationdismantlingcontractors,0.0
categorical__industry_description_trademagazineperiodicalpublishersprintingcombined,0.0
categorical__industry_description_tractorslawngardenrepairmaintenanceservicesretailingnewlawngardentractors,0.0
categorical__industry_description_tractorsindustrialmerchantwholesalers,0.0
categorical__industry_description_tractorsindustrialmanufacturing,0.0
categorical__industry_description_tractorshighwaymerchantwholesalers,0.0
categorical__industry_description_tractorsfarmgardenmerchantwholesalers,0.0
categorical__industry_description_tractorscrawlermanufacturing,0.0
categorical__industry_description_tractorsattachmentslawngardentypemanufacturing,0.0
categorical__industry_description_tractorsattachmentsfarmtypemanufacturing,0.0
categorical__industry_description_trackmonitordiseasesconductextensiveheal,0.0
categorical__industry_description_tracklightingfixturesequipmentresidentialelectricmanufacturing,0.0
categorical__industry_description_trackedvehiclefreighttransportationlongdistance,0.0
categorical__industry_description_trackedvehiclefreighttransportationlocal,0.0
categorical__industry_description_transesterificationvegetableoilsproducefuelsfueladditives,0.0
categorical__industry_description_transaxlesautomotivetruckbusmanufacturing,0.0
categorical__industry_description_trailersmotorvehiclemerchantwholesalers,0.0
categorical__industry_description_trailersfifthwheeltypetransportinghorsesmanufacturing,0.0
categorical__industry_description_trailerscampingmanufacturing,0.0
categorical__industry_description_trailersales,0.0
categorical__industry_description_trailerrentalleasing,0.0
categorical__industry_description_trailerpartsnewmerchantwholesalers,0.0
categorical__industry_description_trailerpartsaccessories,0.0
categorical__industry_description_trailerhitchesmotorvehiclemanufacturing,0.0
categorical__industry_description_trailconstruction,0.0
categorical__industry_description_trafficsignalsmanufacturing,0.0
categorical__industry_description_trafficreportingservices,0.0
categorical__industry_description_trafficlanepainting,0.0
categorical__industry_description_trafficcontrolroadstriping,0.0
categorical__industry_description_trafficcontrol,0.0
categorical__industry_description_transmissionnaturalgasviapipelineeprocessingplantslocaldistributionsystems,0.0
categorical__industry_description_transmissionfluidssyntheticmanufacturing,0.0
categorical__industry_description_arenanopromotioneventsrentalleasing,0.0
categorical__industry_description_transmissiondistributionlineconstruction,0.0
categorical__industry_description_transmissioncoolersmanufacturing,0.0
categorical__industry_description_arenaconstruction,0.0
categorical__industry_description_transitsystemsmixedmodeegbuscommuterrailsubwaycombinations,0.0
categorical__industry_description_transitsystemsauthoritiesnonoperating,0.0
categorical__industry_description_arcweldingequipmentmanufacturing,0.0
categorical__industry_description_transitmixedconcretemanufacturing,0.0
categorical__industry_description_transitionalhousingagencies,0.0
categorical__industry_description_transformerstationsubstationelectricpowerconstruction,0.0
categorical__industry_description_transformerselectroniccomponenttypesmanufacturing,0.0
categorical__industry_description_transformerselectricpowermanufacturing,0.0
categorical__industry_description_transformermanufacturer,0.0
categorical__industry_description_arcticsplasticsplasticssoledfabricuppermanufacturing,0.0
categorical__industry_description_transportationregulatoryagencies,0.0
categorical__industry_description_transportationprogram,0.0
categorical__industry_description_transportationprivatesector,0.0
categorical__industry_description_arclightingfixturesexceptelectrotherapeuticelectricmanufacturing,0.0
categorical__industry_description_transportationmanufacturedgoods,0.0
categorical__industry_description_transportationmanagementconsultingservices,0.0
categorical__industry_description_transportationlocal,0.0
categorical__industry_description_transportationgovernment,0.0
categorical__industry_description_transportationequipmentsuppliesexceptmotorvehiclemerchantwholesalers,0.0
categorical__industry_description_transportationequipmentsuppliesexceptmarinepleasurecraftmotorvehiclesmerchantwholesalers,0.0
categorical__industry_description_transportationequipmentseatingmanufacturing,0.0
categorical__industry_description_transportationdepartmentsnonoperating,0.0
categorical__industry_description_arclampunitselectrotherapeuticexceptinfraredultravioletmanufacturing,0.0
categorical__industry_description_transporation,0.0
categorical__industry_description_transplantersfarmtypemanufacturing,0.0
categorical__industry_description_transmissionspartsautomotivetruckbusmanufacturing,0.0
categorical__industry_description_trashhaulingrecycling,0.0
categorical__industry_description_trashhaulinglongdistance,0.0
categorical__industry_description_trashhaulinglocal,0.0
categorical__industry_description_trashgarbagecompactorscommercialtypemanufacturing,0.0
categorical__industry_description_trashdisposallandfills,0.0
categorical__industry_description_trashcontainersplasticsmanufacturing,0.0
categorical__industry_description_trashcollectionservices,0.0
categorical__industry_description_trashbagsplasticsfilmsinglewallmultiwallmanufacturing,0.0
categorical__industry_description_trash,0.0
categorical__industry_description_trapsanimalfishmadepurchasedwire,0.0
categorical__industry_description_traprockminingquarrying,0.0
categorical__industry_description_transportingfreightforeignportsdeepsea,0.0
categorical__industry_description_transportationvehmaint,0.0
categorical__industry_description_transportationtrucking,0.0
categorical__industry_description_architecturalwoodworking,0.0
categorical__industry_description_transportationsafetyprogramsgovernment,0.0
categorical__industry_description_treesurgeryservices,0.0
categorical__industry_description_treesmerchantwholesalers,0.0
categorical__industry_description_treeservicesegbracingplantingpruningremovalsprayingsurgerytrimming,0.0
categorical__industry_description_treeremovalservices,0.0
categorical__industry_description_treepruningservices,0.0
categorical__industry_description_treecropfarmingexceptforestryshortrotationgrowingharvestingcycle,0.0
categorical__industry_description_treechippingfield,0.0
categorical__industry_description_treatingwoodproductscreosoteotherpreservatives,0.0
categorical__industry_description_treatingpurchasedwoodwoodproducts,0.0
categorical__industry_description_treasurersofficesgovernment,0.0
categorical__industry_description_treadrubberecamelbackmanufacturing,0.0
categorical__industry_description_architecturalwoodworkfixturesecustomdesignedinteriorsmanufacturing,0.0
categorical__industry_description_travelguidebooksprintingpublishing,0.0
categorical__industry_description_traveleraccommodation,0.0
categorical__industry_description_architecturalstructuralmetalsmanufacturing,0.0
categorical__industry_description_travelagencies,0.0
categorical__industry_description_additionalterationrenovationgeneralcontractorsindustrialwarehouse,0.0
categorical__industry_description_architecturalsculpturesstonemanufacturing,0.0
categorical__industry_description_additionalterationrenovationgeneralcontractorshotelmotel,0.0
categorical__industry_description_additionalterationrenovationgeneralcontractorscommercialwarehouse,0.0
categorical__industry_description_additionalterationrenovationgeneralcontractorscommercia,0.0
categorical__industry_description_additionalterationrenovationeconstructionresidentialbuilding,0.0
categorical__industry_description_additionalterationrenovationeconstructionmultifamilybuilding,0.0
categorical__industry_description_additionalterationrenovationeconstructionmultifami,0.0
categorical__industry_description_additionalterationrenovationcommercialwarehouse,0.0
categorical__industry_description_additionalterationrenovationcommercialinstitutionalbuilding,0.0
categorical__industry_description_acyclichydrocarbonsegbuteneethylenepropeneexceptacetylenemaderefinedpetroleumliquidhydrocarbons,0.0
categorical__industry_description_artificialturfinstallation,0.0
categorical__industry_description_acupuncturistsmdsdosofficesegcentersclinics,0.0
categorical__industry_description_actuatorsfluidpowermanufacturing,0.0
categorical__industry_description_artificialsyntheticfibersfilamentsmanufacturing,0.0
categorical__industry_description_trenchingexceptunderwater,0.0
categorical__industry_description_truckexceptindustrialrentalleasing,0.0
categorical__industry_description_truckdrivingschools,0.0
categorical__industry_description_truckbuswashes,0.0
categorical__industry_description_truckbodymfg,0.0
categorical__industry_description_truckbodymanufacturer,0.0
categorical__industry_description_truckbodiescabsmanufacturing,0.0
categorical__industry_description_trophybaseswoodmanufacturing,0.0
categorical__industry_description_trlrpartsdistsales,0.0
categorical__industry_description_trlrmfg,0.0
categorical__industry_description_trimwoodcoveredwoodmanufacturing,0.0
categorical__industry_description_trimmoldingexceptmotorvehiclemetalmanufacturing,0.0
categorical__industry_description_trimmersstringlawngardentypemanufacturing,0.0
categorical__industry_description_trimfinishcarpentrycontractors,0.0
categorical__industry_description_tricyclesmetaladultchildrensmanufacturing,0.0
categorical__industry_description_tribalchiefschairmansofficeamericanindianalaskanative,0.0
categorical__industry_description_trenchingmachinesmanufacturing,0.0
categorical__industry_description_trucksindustrialmerchantwholesalers,0.0
categorical__industry_description_trucksindustrialmanufacturing,0.0
categorical__industry_description_artificiallycarbonatedwatersmanufacturing,0.0
categorical__industry_description_truckrefrigerationrepairmaintenanceservices,0.0
categorical__industry_description_truckpartsnewmerchantwholesalers,0.0
categorical__industry_description_truckmixedconcretemanufacturing,0.0
categorical__industry_description_truckloadmotorcarrier,0.0
categorical__industry_description_truckingusedhouseholdofficeinstitutionalfurnitureequipment,0.0
categorical__industry_description_truckingterminalsindependentlyoperated,0.0
categorical__industry_description_artificialinseminationserviceslivestock,0.0
categorical__industry_description_truckinglongdistancehaulingallemployees,0.0
categorical__industry_description_truckinglocalhaulingonlyallemployees,0.0
categorical__industry_description_artificialflowersmerchantwholesalers,0.0
categorical__industry_description_artichokescannedmanufacturing,0.0
categorical__industry_description_truckgarage,0.0
categorical__industry_description_truckfarmingfieldbeddingplantseedproduction,0.0
categorical__industry_description_trussmanufacturing,0.0
categorical__industry_description_trusseswoodgluelaminatedmetalconnectedmanufacturing,0.0
categorical__industry_description_trussesgluelaminatedpreengineeredwoodmanufacturing,0.0
categorical__industry_description_trunkseluggageallmaterialsmanufacturing,0.0
categorical__industry_description_artgoodsmerchantwholesalers,0.0
categorical__industry_description_truckutilitytrailerrvrecreationalvehic,0.0
categorical__industry_description_trucktrailers,0.0
categorical__industry_description_trucktrailerrepair,0.0
categorical__industry_description_trucktrailerpaintbodyrepair,0.0
categorical__industry_description_trucktrailermerchantwholesalers,0.0
categorical__industry_description_artgalleriesexceptretail,0.0
categorical__industry_description_artesianwellconstruction,0.0
categorical__industry_description_trucktractorshighwayuseassemblingpurchasedchassis,0.0
categorical__industry_description_arsenateinsecticidesmanufacturing,0.0
categorical__industry_description_arrestorscoilslightingmanufacturing,0.0
categorical__industry_description_trucksroadmerchantwholesalers,0.0
categorical__industry_description_tubeselectronmanufacturing,0.0
categorical__industry_description_tubeselectronicmanufacturing,0.0
categorical__industry_description_tubeselectronicegindustrialreceivingtransmittingmerchantwholesalers,0.0
categorical__industry_description_tubescores,0.0
categorical__industry_description_tuberollingmillmachinerymetalworkingmanufacturing,0.0
categorical__industry_description_tuberculinetuberculoproteinderivedmanufacturing,0.0
categorical__industry_description_tubenonrigidplasticsmanufacturing,0.0
categorical__industry_description_tubeironsteelmadeironsteelmills,0.0
categorical__industry_description_tubehosefittingsfluidpowermanufacturing,0.0
categorical__industry_description_arrangementcarpoolsvanpools,0.0
categorical__industry_description_tubecore,0.0
categorical__industry_description_tshirtsunderwearmadeapparelknittingmills,0.0
categorical__industry_description_tshirtsouterwearwomensgirlsinfantscutsewnpurchasedfabricexceptapparelcontractors,0.0
categorical__industry_description_tshirtsouterwearmadeapparelknittingmills,0.0
categorical__industry_description_trustsestatesagencyaccounts,0.0
categorical__industry_description_trussplatesmetalmanufacturing,0.0
categorical__industry_description_tunnelliningfabricatedmetalplateworkmanufacturing,0.0
categorical__industry_description_aromaticwoodgathering,0.0
categorical__industry_description_tumblersplasticsmanufacturing,0.0
categorical__industry_description_tugboatservicesharboroperation,0.0
categorical__industry_description_tuftingmachinerytextilesmanufacturing,0.0
categorical__industry_description_tuckpointingcontractors,0.0
categorical__industry_description_tubslaundrybathmetalmanufacturing,0.0
categorical__industry_description_tubingseamlesssteelmadeironsteelmills,0.0
categorical__industry_description_tubingmetalmerchantwholesalers,0.0
categorical__industry_description_tubingmechanicalhypodermicsizescolddrawnstainlesssteelmadepurchasedsteel,0.0
categorical__industry_description_tubingflexiblemetalmanufacturing,0.0
categorical__industry_description_tubingcoppercopperalloymadepurchasedcopperintegratedsecondarysmeltingrollingdrawingextrudingplants,0.0
categorical__industry_description_tubeweldedaluminummadeflatrollingpurchasedaluminum,0.0
categorical__industry_description_tubetiremerchantwholesalers,0.0
categorical__industry_description_tubetiremerchants,0.0
categorical__industry_description_tubesmadepurchasedmetalpipe,0.0
categorical__industry_description_twowaypagingcommunicationcarriersexceptsatellite,0.0
categorical__industry_description_twmetalsinc,0.0
categorical__industry_description_tutoringacademic,0.0
categorical__industry_description_turningmachineselathesmetalworkingmanufacturing,0.0
categorical__industry_description_turkeysslaughteringdressing,0.0
categorical__industry_description_turkeysprocessingfreshfrozencannedcooked,0.0
categorical__industry_description_armorplatemadeironsteelmills,0.0
categorical__industry_description_turkeyhatcheries,0.0
categorical__industry_description_turkeyfeedspreparedmanufacturing,0.0
categorical__industry_description_turkeyeggproduction,0.0
categorical__industry_description_turfartificialinstallation,0.0
categorical__industry_description_turbinestransportationmerchantwholesalers,0.0
categorical__industry_description_turbinesexcepttransportationmerchantwholesalers,0.0
categorical__industry_description_turbinepumpmanufacturer,0.0
categorical__industry_description_turbinegeneratorsetunitsmanufacturing,0.0
categorical__industry_description_turbineenginepartsstrippedrepairedrecoated,0.0
categorical__industry_description_uniformsdressegmilitarypolicefirefightercutsewapparelcontractors,0.0
categorical__industry_description_uniformsdressegfirefightermilitarypolicemenscutsewnpurchasedfabricexceptapparelcontractors,0.0
categorical__industry_description_uniformsbandcutsewnpurchasedfabricexceptapparelcontractors,0.0
categorical__industry_description_uniformsbandcutsewapparelcontractors,0.0
categorical__industry_description_unemploymentinsuranceprogramadministration,0.0
categorical__industry_description_underpinningconstruction,0.0
categorical__industry_description_armoredmilitaryvehiclesexcepttankspartsmanufacturing,0.0
categorical__industry_description_undergroundtankexcepthazardousmaterialremoval,0.0
categorical__industry_description_undergroundminingmachinerymanufacturing,0.0
categorical__industry_description_undergroundcableegcabletelevisionelectricitytelephonelaying,0.0
categorical__industry_description_ultrasonictestingequipmentexceptmedicalmanufacturing,0.0
categorical__industry_description_ultrasonicscanningdevicesmedicalmanufacturing,0.0
categorical__industry_description_ultrasonicmedicalequipmentmanufacturing,0.0
categorical__industry_description_ultrasonicdentalequipmentmanufacturing,0.0
categorical__industry_description_uhtultrahightemperaturemilkmanufacturing,0.0
categorical__industry_description_typesettingecomputercontrolledhandmachine,0.0
categorical__industry_description_upholsteredfurniturehouseholdtypecustommanufacturing,0.0
categorical__industry_description_upholsteredfurniture,0.0
categorical__industry_description_unlaminatedplasticsprofileshapemanufacturing,0.0
categorical__industry_description_unlaminatedplasticsfilmsheetmanufacturing,0.0
categorical__industry_description_unlaminatedplasticsfilmsheetexceptpackagingmanufacture,0.0
categorical__industry_description_unknown,0.0
categorical__industry_description_university,0.0
categorical__industry_description_armoredcarservices,0.0
categorical__industry_description_univeristy,0.0
categorical__industry_description_unitheatersexceptportableelectricmanufacturing,0.0
categorical__industry_description_unisexclothingmerchantwholesalers,0.0
categorical__industry_description_unionspipemetalexceptmadepurchasedpipemanufacturing,0.0
categorical__industry_description_unionsexceptapprenticeshipprogramslabor,0.0
categorical__industry_description_uninterruptiblepowersuppliesupsmanufacturing,0.0
categorical__industry_description_uniformsupplyservicesindustrial,0.0
categorical__industry_description_uniformservices,0.0
categorical__industry_description_urethanesoilstabilizationcontractors,0.0
categorical__industry_description_urethaneslabjackingcontractors,0.0
categorical__industry_description_urethanerubbermanufacturing,0.0
categorical__industry_description_urethaneotherfoamproductexceptpolystyrenemanufacturing,0.0
categorical__industry_description_urethanefoamproductsmanufacturing,0.0
categorical__industry_description_ureaformaldehyderesinsmanufacturing,0.0
categorical__industry_description_urbantransitsystemsmixedmodeegbuscommuterrailsubwaycombinations,0.0
categorical__industry_description_asbestosabatementservices,0.0
categorical__industry_description_urbanplanningcommissionsgovernment,0.0
categorical__industry_description_uraniumenrichedmanufacturing,0.0
categorical__industry_description_uraniumcompoundsnotspecifiedelsewhereprocessmanufacturing,0.0
categorical__industry_description_upsuninterruptiblepowersuppliesmanufacturing,0.0
categorical__industry_description_upsetterseforgingmachinesmanufacturing,0.0
categorical__industry_description_upsetforgingsmadepurchasedironsteelunfinished,0.0
categorical__industry_description_upholsteryleathermanufacturing,0.0
categorical__industry_description_upholsteredfurniturehouseholdtypeframesanymaterialmanufacturing,0.0
categorical__industry_description_arttherapistsofficesegcentersclinics,0.0
categorical__industry_description_usindustrycomprisesestablishmentsprimarilyengagedmanufacturingplasticsproductsexceptfilmsheetbagsprofileshapespipespipefittingslaminatesfoamproductsbottlesplumbingfixtures,0.0
categorical__industry_description_usindustrycomprisesestablishmentsprimarilyengagedconvertingplasticsresinsplasticsfilmunlaminatedsheetexceptpackaging,0.0
categorical__industry_description_usedpartsmotorvehiclemerchantwholesalers,0.0
categorical__industry_description_usedmerchstore,0.0
categorical__industry_description_artsupplystores,0.0
categorical__industry_description_usedmerchandisedealersexceptmotorvehiclesparts,0.0
categorical__industry_description_artsfestivalmanagersfacilities,0.0
categorical__industry_description_usedgoodsofficegoodsmoving,0.0
categorical__industry_description_usedcarmerchantwholesalers,0.0
categorical__industry_description_usedcardealers,0.0
categorical__industry_description_usedautomotivetiredealers,0.0
categorical__industry_description_usedautomotivepartsstores,0.0
categorical__industry_description_urologistsofficesegcentersclinics,0.0
categorical__industry_description_urgentmedicalcarecentersclinicsexcepthospitalsfreestanding,0.0
categorical__industry_description_urgentcare,0.0
categorical__industry_description_vacuumcleanersindustrialcommercialtypemanufacturing,0.0
categorical__industry_description_vacuumcleanersegcanisterhandhelduprighthouseholdtypeelectricmanufacturing,0.0
categorical__industry_description_vaccinesebacterialvirusmanufacturing,0.0
categorical__industry_description_vacationhomesinglefamilyconstructiongeneralcontractors,0.0
categorical__industry_description_vacationcampsexceptcampgroundsdayinstructional,0.0
categorical__industry_description_utilitytrailersmanufacturing,0.0
categorical__industry_description_utilitytrailerrentalleasing,0.0
categorical__industry_description_utilitytrailerdealers,0.0
categorical__industry_description_artseventmanagersfacilities,0.0
categorical__industry_description_utilitydepartment,0.0
categorical__industry_description_utilitycontractor,0.0
categorical__industry_description_utilitycontainersegbasketsbinsboxesbucketsdishpanspailsplasticsexceptfoammanufacturing,0.0
categorical__industry_description_utilityconstruction,0.0
categorical__industry_description_artservicescommercial,0.0
categorical__industry_description_utilitiesmanagementconsultingservices,0.0
categorical__industry_description_artsculturalprogramadministrationgovernment,0.0
categorical__industry_description_vaultdoorsliningsmetalmanufacturing,0.0
categorical__industry_description_varnishesmanufacturing,0.0
categorical__industry_description_artschoolscommercialgraphic,0.0
categorical__industry_description_variablecontrolinstrumentsindustrialprocesstypemanufacturing,0.0
categorical__industry_description_vanminivanconversionspurchasedchassis,0.0
categorical__industry_description_vanlinesmovingstorageservices,0.0
categorical__industry_description_vanconversionshopsexceptassemblylinefactorybasis,0.0
categorical__industry_description_valveswaterworksmunicipalwatersystemsmanufacturing,0.0
categorical__industry_description_valvesinlineplumbingheatingegcutoffsstopmanufacturing,0.0
categorical__industry_description_artprintsscreenprintingpublishing,0.0
categorical__industry_description_valveshydraulicpneumaticmerchantwholesalers,0.0
categorical__industry_description_valveshydraulicpneumaticfluidpowermanufacturing,0.0
categorical__industry_description_valvesexcepthydraulicplumbingpneumaticmerchantwholesalers,0.0
categorical__industry_description_valvesengineintakeexhaustmanufacturing,0.0
categorical__industry_description_valetparkingservices,0.0
categorical__industry_description_vacuumpumpsexceptlaboratorymanufacturing,0.0
categorical__industry_description_artprintscommercialprintingexceptscreenpublishing,0.0
categorical__industry_description_vegetablesfreshmerchantwholesalers,0.0
categorical__industry_description_vegetablescutpeeledfreshmanufacturing,0.0
categorical__industry_description_vegetablepotatofarmingvegetableexceptpotatodominantcropsfieldbeddingplantsseedproduction,0.0
categorical__industry_description_vegetablepotatofarmingpotatodominantcropfieldseedpotatoproduction,0.0
categorical__industry_description_vegetablepackinghouse,0.0
categorical__industry_description_vegetablepacking,0.0
categorical__industry_description_vegetableoilsmadepurchasedoils,0.0
categorical__industry_description_vegetablemelonfarmingvegetableexceptpotatomelondominantcropsfieldbeddingplantsseedproduction,0.0
categorical__industry_description_vegetablemelonfarmingpotatodominantcropfieldseedproduction,0.0
categorical__industry_description_vegetablefarminggrownundercover,0.0
categorical__industry_description_vegetablefarming,0.0
categorical__industry_description_vegetablecanning,0.0
categorical__industry_description_vealslaugtherprocessingplant,0.0
categorical__industry_description_vealprimalsubprimalcutsmadepurchasedcarcasses,0.0
categorical__industry_description_vaultsexceptburialmetalmanufacturing,0.0
categorical__industry_description_vendingmachinesmanufacturing,0.0
categorical__industry_description_vendingmachineoperators,0.0
categorical__industry_description_artprintexceptexclusiveinternetpublishingpublishers,0.0
categorical__industry_description_vehrepairmaint,0.0
categorical__industry_description_vehicularlightingfixturesmanufacturing,0.0
categorical__industry_description_vehiclesupport,0.0
categorical__industry_description_vehiclesrecreationalmerchantwholesalers,0.0
categorical__industry_description_vehiclescalesmanufacturing,0.0
categorical__industry_description_vehicleparts,0.0
categorical__industry_description_vehiclemaintenance,0.0
categorical__industry_description_vehicleliftinstallation,0.0
categorical__industry_description_vehiclechildrensmetalmanufacturing,0.0
categorical__industry_description_vegetablestarchesmanufacturing,0.0
categorical__industry_description_vegetablesortinggradingpacking,0.0
categorical__industry_description_vegetablesmachineharvesting,0.0
categorical__industry_description_vegetablesfrozenmerchantwholesalers,0.0
categorical__industry_description_veterinariansinstrumentsapparatusmanufacturing,0.0
categorical__industry_description_veterinariansequipmentsuppliesmerchantwholesalers,0.0
categorical__industry_description_veteransrightsorganizations,0.0
categorical__industry_description_veteransbenefitsprogramadministrationgovernment,0.0
categorical__industry_description_veteransaffairsoffices,0.0
categorical__industry_description_vesselsheavygaugemetalmanufacturing,0.0
categorical__industry_description_verticalblindsmanufacturing,0.0
categorical__industry_description_ventilationductcleaningservices,0.0
categorical__industry_description_ventilatingfansindustrialcommercialtypemanufacturing,0.0
categorical__industry_description_ventilatingequipmentsuppliesexcepthouseholdtypefansmerchantwholesalers,0.0
categorical__industry_description_veneerplywoodengineeredwoodproductmanufacturing,0.0
categorical__industry_description_veneerplywoodengineeredwoodproductmanufactoring,0.0
categorical__industry_description_veneermillssoftwood,0.0
categorical__industry_description_veneermillshardwood,0.0
categorical__industry_description_veneermanufacturer,0.0
categorical__industry_description_vendingmachinesmerchantwholesalers,0.0
categorical__industry_description_vinylfloorcoveringsmanufacturing,0.0
categorical__industry_description_vinylcoatedfabricsmanufacturing,0.0
categorical__industry_description_vinylchlorideresinsmanufacturing,0.0
categorical__industry_description_vinylacetateresinsmanufacturing,0.0
categorical__industry_description_vinylacetateexceptresinsmanufacturing,0.0
categorical__industry_description_vineyardcultivationservices,0.0
categorical__industry_description_vineyard,0.0
categorical__industry_description_videotapingservicesspecialeventsegbirthdaysweddings,0.0
categorical__industry_description_videoproduction,0.0
categorical__industry_description_videogamingdeviceconcessionoperatorsesupplyingservicingothersfacilities,0.0
categorical__industry_description_videogamblingdeviceconcessionoperatorsesupplyingservicingothersfacilities,0.0
categorical__industry_description_veterinaryservices,0.0
categorical__industry_description_veterinaryresearchdevelopmentlaboratoriesservicesexceptbiotechnologyresearchdevelopment,0.0
categorical__industry_description_veterinarymedicinalpreparationsmanufacturing,0.0
categorical__industry_description_veterinaryclinics,0.0
categorical__industry_description_veterinariansmedicinesmerchantwholesalers,0.0
categorical__industry_description_vocationalhabilitationjobcounseling,0.0
categorical__industry_description_vivodiagnosticsubstancesmanufacturing,0.0
categorical__industry_description_vitrodiagnosticsubstancesmanufacturing,0.0
categorical__industry_description_vitrodiagnosticssubstancesmanufacturing,0.0
categorical__industry_description_vitaminsuncompoundedmanufacturing,0.0
categorical__industry_description_vitaminsmerchantwholesalers,0.0
categorical__industry_description_vitaminpreparationsmanufacturing,0.0
categorical__industry_description_visitingnurseassociations,0.0
categorical__industry_description_viscosimetersindustrialprocesstypemanufacturing,0.0
categorical__industry_description_virusvaccinesmanufacturing,0.0
categorical__industry_description_viralvitrodiagnostictestsubstancesmanufacturing,0.0
categorical__industry_description_vinylwindowsmanufacturing,0.0
categorical__industry_description_vinylvinylcopolymerfilmunlaminatedsheetexceptpackagingmanufacturing,0.0
categorical__industry_description_vinylsidingsoffitfasciainstallation,0.0
categorical__industry_description_vinylsidingmerchantwholesalers,0.0
categorical__industry_description_vinylflooringcontractors,0.0
categorical__industry_description_waferssemiconductordevicesmanufacturing,0.0
categorical__industry_description_waferprocessingequipmentsemiconductormanufacturing,0.0
categorical__industry_description_voluntaryhealthorganizations,0.0
categorical__industry_description_voltageregulatorsinternalcombustionenginesmanufacturing,0.0
categorical__industry_description_voltageregulatorsintegratedcircuitsmanufacturing,0.0
categorical__industry_description_voicedata,0.0
categorical__industry_description_vocationalservices,0.0
categorical__industry_description_vocationalrehabservices,0.0
categorical__industry_description_artmuseums,0.0
categorical__industry_description_vocationalrehabilitationjobtrainingfacilitiesexceptschools,0.0
categorical__industry_description_vocationalrehabilitationjobtrainingf,0.0
categorical__industry_description_vocationalrehabilitationjobcounseling,0.0
categorical__industry_description_artistssuppliesmerchantwholesalers,0.0
categorical__industry_description_artistspaintmanufacturing,0.0
categorical__industry_description_vocationalrehabilitation,0.0
categorical__industry_description_vocationalhabilitationjobtrainingfacilitiesexceptschools,0.0
categorical__industry_description_artilleryammunitionemore30mmmore118inchmanufacturing,0.0
categorical__industry_description_artificialturfmanuf,0.0
categorical__industry_description_asphaltpavingmixturesmadepurchasedasphalticmaterials,0.0
categorical__industry_description_warehosuingstorage,0.0
categorical__industry_description_wallpapermadepurchasedpapersothermaterials,0.0
categorical__industry_description_wallpaperhangingremovalcontractors,0.0
categorical__industry_description_wallpanels,0.0
categorical__industry_description_wallcoveringsegfabricplasticsmerchantwholesalers,0.0
categorical__industry_description_wallcoveringremovalcontractors,0.0
categorical__industry_description_wallcomponenteexteriorinteriorprefabricatedinstallation,0.0
categorical__industry_description_wallclocksmanufacturing,0.0
categorical__industry_description_wallcavityatticspaceinsulationinstallation,0.0
categorical__industry_description_wallboardinstallationwithinbuildings,0.0
categorical__industry_description_wallboardgypsummanufacturing,0.0
categorical__industry_description_walkphysiciansofficesegcentersclinics,0.0
categorical__industry_description_wagonsfarmtypemanufacturing,0.0
categorical__industry_description_warehousingfarmproductsexceptrefrigerated,0.0
categorical__industry_description_warehousingexceptfarmproductsgeneralmerchandiserefrigerated,0.0
categorical__industry_description_warehousingdistributioncenter,0.0
categorical__industry_description_warehousingdistribution,0.0
categorical__industry_description_warehousing,0.0
categorical__industry_description_warehousestoragedistribution,0.0
categorical__industry_description_warehousesprefabricatedmetalmanufacturing,0.0
categorical__industry_description_warehouserefrigerationsysteminstallation,0.0
categorical__industry_description_warehouseoccupiedmultipleinte,0.0
categorical__industry_description_warehousematerialsupply,0.0
categorical__industry_description_warehouseindustrialconstruction,0.0
categorical__industry_description_warehousedistributioncenter,0.0
categorical__industry_description_asphaltpavingmixtureblockmanufacturing,0.0
categorical__industry_description_warehouseconstructionegcommercialindustrialmanufacturingprivate,0.0
categorical__industry_description_warehousecommercialinstitutionalconstruction,0.0
categorical__industry_description_asphaltpavingmanufacturing,0.0
categorical__industry_description_wastecollectionserviceshazardous,0.0
categorical__industry_description_wastecollection,0.0
categorical__industry_description_washwaterrecyclingmachinerymanufacturing,0.0
categorical__industry_description_washingmachineslaundryexcepthouseholdtypemanufacturing,0.0
categorical__industry_description_washeryminingconstruction,0.0
categorical__industry_description_washersmetalmanufacturing,0.0
categorical__industry_description_washersaggregatesandstationarymanufacturing,0.0
categorical__industry_description_warpweftfabricsknitting,0.0
categorical__industry_description_warpingmachinerymanufacturing,0.0
categorical__industry_description_warmairheatingequipmentmerchantwholesalers,0.0
categorical__industry_description_warehousingstorage,0.0
categorical__industry_description_warehousingsoftdrinksbottlebeverages,0.0
categorical__industry_description_warehousingselfstorage,0.0
categorical__industry_description_warehousingretail,0.0
categorical__industry_description_warehousingrefrigerated,0.0
categorical__industry_description_warehousinglogisticsofficejetenginemaintenanceapplicationplasmasprayaircraftparts,0.0
categorical__industry_description_wastetransferstationsnonhazardoussolid,0.0
categorical__industry_description_wasteremoval,0.0
categorical__industry_description_wasterecoveryfacilities,0.0
categorical__industry_description_wastematerialsmerchantwholesalers,0.0
categorical__industry_description_wastemanagementprogramadministration,0.0
categorical__industry_description_wastemanagement,0.0
categorical__industry_description_wastehaulingnonhazardouslongdistance,0.0
categorical__industry_description_wastehaulinglocalnonhazardoussolid,0.0
categorical__industry_description_wastehaulinglocalhazardous,0.0
categorical__industry_description_wastehaulinghazardouslongdistance,0.0
categorical__industry_description_wasteexceptsolidhazardoushaulinglocal,0.0
categorical__industry_description_wasteexceptsewagetreatmentfacilitiesnonhazardous,0.0
categorical__industry_description_wastedisposalplantexceptsewagetreatmentconstruction,0.0
categorical__industry_description_wastedisposallandfillsnonhazardoussolid,0.0
categorical__industry_description_wastecollectiontreatmentdisposalthroughsewersystem,0.0
categorical__industry_description_wastecollectionservicesnonhazardoussolid,0.0
categorical__industry_description_waterinfrastructureserviceprovider,0.0
categorical__industry_description_waterheatersincludingnonelectrichouseholdtypemanufacturing,0.0
categorical__industry_description_waterheatersexceptboilerscommercialtypemanufacturing,0.0
categorical__industry_description_waterfrontterminaloperationegdockspierswharves,0.0
categorical__industry_description_waterfiltrationplantoperation,0.0
categorical__industry_description_waterfiltrationplantconstruction,0.0
categorical__industry_description_waterdistributionirrigation,0.0
categorical__industry_description_asphaltpavingblocksmadepurchasedasphalticmaterials,0.0
categorical__industry_description_waterdistilledmanufacturing,0.0
categorical__industry_description_watercontrolqualityprogramadministration,0.0
categorical__industry_description_waterclosetsmetalmanufacturing,0.0
categorical__industry_description_waterbottledexceptwatertreatingmerchantwholesalers,0.0
categorical__industry_description_watchespartsmerchantwholesalers,0.0
categorical__industry_description_wastewatertreatment,0.0
categorical__industry_description_wastetreatmentplantshazardous,0.0
categorical__industry_description_wastetreatmentfacilitieshazardous,0.0
categorical__industry_description_activatedcarboncharcoalmanufacturing,0.0
categorical__industry_description_acrylonitrilemanufacturing,0.0
categorical__industry_description_acrylonitrilebutadienestyreneabsresinsmanufacturing,0.0
categorical__industry_description_acrylicspunyarnsmadepurchasedfiber,0.0
categorical__industry_description_acrylicresinsmanufacturing,0.0
categorical__industry_description_acrylicfilmunlaminatedsheetexceptpackagingmanufacturing,0.0
categorical__industry_description_acrylaterubbermanufacturing,0.0
categorical__industry_description_acroleinmanufacturing,0.0
categorical__industry_description_acousticstestinglaboratoriesservices,0.0
categorical__industry_description_acousticalsystemengineeringdesignservices,0.0
categorical__industry_description_acousticalsuspensionsystemsmetalmanufacturing,0.0
categorical__industry_description_acousticalfoamesoundbarrierinstallation,0.0
categorical__industry_description_acousticalengineeringconsultingservices,0.0
categorical__industry_description_asphaltpaving,0.0
categorical__industry_description_acornsquashfarmingfieldbeddingplantseedproduction,0.0
categorical__industry_description_acidwastedisposalfacilities,0.0
categorical__industry_description_watersofteningcompoundsmerchantwholesalers,0.0
categorical__industry_description_watersoftenerserviceprovidersdirectselling,0.0
categorical__industry_description_watersewerpipelinecommunications,0.0
categorical__industry_description_watersewer,0.0
categorical__industry_description_waterrepellantcoatingswoodconcretemasonrymanufacturing,0.0
categorical__industry_description_waterqualitymonitoringcontrolsystemsmanufacturing,0.0
categorical__industry_description_waterqualitycontrol,0.0
categorical__industry_description_asphaltingresidentialcommercialdrivewayparkingarea,0.0
categorical__industry_description_waterpurificationequipmentmanufacturing,0.0
categorical__industry_description_waterpumpingliftstationconstruction,0.0
categorical__industry_description_asphaltflooringinstallationonly,0.0
categorical__industry_description_waterparksamusement,0.0
categorical__industry_description_waternaturallycarbonatedpurifyingbottling,0.0
categorical__industry_description_watermainlineconstruction,0.0
categorical__industry_description_waterlesshandsoapsmanufacturing,0.0
categorical__industry_description_wateringcansplasticsmanufacturing,0.0
categorical__industry_description_waterwastewatertreatment,0.0
categorical__industry_description_asphaltconcretemixturesmerchantwholesalers,0.0
categorical__industry_description_asphaltcoatingsealingresidentialcommercialparkinglotdriveway,0.0
categorical__industry_description_watertreatmentplantconstruction,0.0
categorical__industry_description_watertreatmentplant,0.0
categorical__industry_description_watertreatmentoperation,0.0
categorical__industry_description_watertreatmentequipmentmunicipalmerchantwholesalers,0.0
categorical__industry_description_watertreatmentequipmentmanufacturing,0.0
categorical__industry_description_asphaltasphalticmaterialsmadepetroleumrefineries,0.0
categorical__industry_description_watertanksheavygaugemetalmanufacturing,0.0
categorical__industry_description_watertankrehabmaintenance,0.0
categorical__industry_description_watertankmaintenance,0.0
categorical__industry_description_watersystemstoragetanktowerconstruction,0.0
categorical__industry_description_watersupply,0.0
categorical__industry_description_watersofteningequipmentmanufacturing,0.0
categorical__industry_description_watersofteningconditioningequipmentmerchantwholesalers,0.0
categorical__industry_description_webretailers,0.0
categorical__industry_description_weavingrugscarpetsmats,0.0
categorical__industry_description_weavingfabricsmore12inches30cmwidth,0.0
categorical__industry_description_weavingbroadwovenfelts,0.0
categorical__industry_description_weatherstripmetalmanufacturing,0.0
categorical__industry_description_weatherproofingconcrete,0.0
categorical__industry_description_weaningpigoperations,0.0
categorical__industry_description_waxfiguresemannequinsmanufacturing,0.0
categorical__industry_description_waxespetroleummaderefinedpetroleum,0.0
categorical__industry_description_waxedpaperpackagingapplicationsmadepurchasedpaper,0.0
categorical__industry_description_watterwell,0.0
categorical__industry_description_waterworksmunicipalwatersystemvalvesmanufacturing,0.0
categorical__industry_description_waterwelldrillingmaintenance,0.0
categorical__industry_description_waterwelldrillingmachinerymanufacturing,0.0
categorical__industry_description_waterwelldrillingdiggingboringsinkingexceptwaterintakewellsoilgasfields,0.0
categorical__industry_description_waterwelldrilling,0.0
categorical__industry_description_welldrilling,0.0
categorical__industry_description_wellcasingsegheavyrivetedlockjointweldedwroughtmadepurchasedironsteel,0.0
categorical__industry_description_welfareservicecentersmultiprogram,0.0
categorical__industry_description_weldmentsmanufacturing,0.0
categorical__industry_description_weldingwirerodsecoatedcoredmanufacturing,0.0
categorical__industry_description_weldingsupplydsitributor,0.0
categorical__industry_description_weldingsuppliesexceptweldinggasesmerchantwholesalers,0.0
categorical__industry_description_weldingsitecontractors,0.0
categorical__industry_description_weldingrepairservicesegautomotivegeneral,0.0
categorical__industry_description_weldingpositionersejigsmanufacturing,0.0
categorical__industry_description_weldingmachineryequipmentmerchantwholesalers,0.0
categorical__industry_description_weldingindustrialsupply,0.0
categorical__industry_description_weldinggasesmerchantwholesalers,0.0
categorical__industry_description_weldingequipmentmanufacturing,0.0
categorical__industry_description_weedcontrolfertilizingservicesexceptcrop,0.0
categorical__industry_description_weedcontrolagriculturegovernment,0.0
categorical__industry_description_wheycondenseddriedevaporatedpowderedmanufacturing,0.0
categorical__industry_description_wheelssteeringautomotivetruckbusmanufacturing,0.0
categorical__industry_description_wheelsmotorvehiclenewmerchantwholesalers,0.0
categorical__industry_description_wheelserimsautomotivetruckbusmanufacturing,0.0
categorical__industry_description_wheelpullershandtoolsmanufacturing,0.0
categorical__industry_description_wheelchairsmanufacturing,0.0
categorical__industry_description_wheatflourmanufacturing,0.0
categorical__industry_description_wheatfarmingfieldseedproduction,0.0
categorical__industry_description_wharfconstruction,0.0
categorical__industry_description_wettingagentsmanufacturing,0.0
categorical__industry_description_wetmillingcornothervegetables,0.0
categorical__industry_description_wetlaidnonwovenfabricsmanufacturing,0.0
categorical__industry_description_wetbluesmanufacturing,0.0
categorical__industry_description_wellservicingoilgasfieldcontractbasis,0.0
categorical__industry_description_wellloggingequipmentmanufacturing,0.0
categorical__industry_description_welldrillingeoilgaswaterintakewellscontractbasis,0.0
categorical__industry_description_wholesaledistributor,0.0
categorical__industry_description_wholesaledistributionmanufacturedhousing,0.0
categorical__industry_description_ashtraysmadepurchasedglass,0.0
categorical__industry_description_wholesaledistributionfinishedproduct,0.0
categorical__industry_description_wholesaledistributionelectricalsupplies,0.0
categorical__industry_description_ashtraysglassmadeglassmakingplants,0.0
categorical__industry_description_wholesalebuilidngmaterials,0.0
categorical__industry_description_wholesalebuildngmaterials,0.0
categorical__industry_description_wholesalebuildingmatreials,0.0
categorical__industry_description_wholesalebuildingmaterial,0.0
categorical__industry_description_wholesalebuildersmaterials,0.0
categorical__industry_description_wholesaleautopartsdist,0.0
categorical__industry_description_whitewashingcontractors,0.0
categorical__industry_description_whippingcreammanufacturing,0.0
categorical__industry_description_whippedtoppingdrymixmanufacturing,0.0
categorical__industry_description_wheyrawliquidmanufacturing,0.0
categorical__industry_description_windowcleaningservices,0.0
categorical__industry_description_windfarm,0.0
categorical__industry_description_willowwareexceptfurnituremanufacturing,0.0
categorical__industry_description_wildlifepreservationorganizations,0.0
categorical__industry_description_wildernesscamps,0.0
categorical__industry_description_wigswigletstoupeeshairpiecesmanufacturing,0.0
categorical__industry_description_wholsalebuildingmaterials,0.0
categorical__industry_description_ashhaulinglocal,0.0
categorical__industry_description_asbestosremovalcontractors,0.0
categorical__industry_description_wholesalelumberwoodproductcustommilling,0.0
categorical__industry_description_wholesalegrocerydistributin,0.0
categorical__industry_description_wholesalefreshfruitvegetablesdistributor,0.0
categorical__industry_description_wholesalefoodequip,0.0
categorical__industry_description_wholesaleelectricaldistributor,0.0
categorical__industry_description_wholesaledistrubution,0.0
categorical__industry_description_wholesaledistributorfiltersinstallationfilters,0.0
categorical__industry_description_windowswindowframesplasticsmanufacturing,0.0
categorical__industry_description_windowswindowframesmerchantwholesalers,0.0
categorical__industry_description_windowsmetalmanufacturing,0.0
categorical__industry_description_windowslouverwoodmanufacturing,0.0
categorical__industry_description_windowshadesexceptawningsmanufacturing,0.0
categorical__industry_description_windowshadesblindsmerchantwholesalers,0.0
categorical__industry_description_windowshadesblindsmerchantwholes,0.0
categorical__industry_description_windowshadedevicemanufacturing,0.0
categorical__industry_description_windowscreensmetalframemanufacturing,0.0
categorical__industry_description_windowsashesvinylmanufacturing,0.0
categorical__industry_description_windowrestoration,0.0
categorical__industry_description_windowinstallation,0.0
categorical__industry_description_windowframessashwoodcoveredwoodmanufacturing,0.0
categorical__industry_description_windowframessashmetalmanufacturing,0.0
categorical__industry_description_windowdoorscreenmanufacturing,0.0
categorical__industry_description_windowdoorresidentialtypeanymaterialprefabricatedinstallation,0.0
categorical__industry_description_wineshopspackaged,0.0
categorical__industry_description_winescookingmanufacturing,0.0
categorical__industry_description_winerywarehouseoffice,0.0
categorical__industry_description_assemblyplantsheavytrucksbuseschassisownmanufacture,0.0
categorical__industry_description_wineries,0.0
categorical__industry_description_winecoolersalcoholicmerchantwholesalers,0.0
categorical__industry_description_windturbinesewindmillmanufacturing,0.0
categorical__industry_description_windshieldwipersystemsautomotivetruckbusmanufacturing,0.0
categorical__industry_description_windshieldwasherpumpsautomotivetruckbusmanufacturing,0.0
categorical__industry_description_windshieldsplasticsmanufacturing,0.0
categorical__industry_description_windpoweredturbinegeneratorsetsmanufacturing,0.0
categorical__industry_description_windowwoodinstallation,0.0
categorical__industry_description_windowunitswoodcoveredwoodmanufacturing,0.0
categorical__industry_description_windowtrimwoodcoveredwoodmoldingsmanufacturing,0.0
categorical__industry_description_windowswoodcoveredwoodmanufacturing,0.0
categorical__industry_description_windowswindowframesvinylmanufacturing,0.0
categorical__industry_description_assemblyplantconstruction,0.0
categorical__industry_description_wiredrawingstraighteningdiesmanufacturing,0.0
categorical__industry_description_wiredrawingfabricatingmachineryequipmentexceptdiesmanufacturing,0.0
categorical__industry_description_wiredrawchainlinkfencemanufacturing,0.0
categorical__industry_description_wirecopperegarmoredbareinsulatedmadepurchasedcopperwiredrawingplants,0.0
categorical__industry_description_wirecopperegarmoredbareinsulatedmadeintegratedsecondarysmeltingwiredrawingplants,0.0
categorical__industry_description_wireclothmadealuminumwiredrawingplants,0.0
categorical__industry_description_wirecartseggroceryhouseholdindustrialironsteelmadewiredrawingplants,0.0
categorical__industry_description_wirecagesironsteelmadewiredrawingplants,0.0
categorical__industry_description_wirecableinsulatingmachinerymanufacturing,0.0
categorical__industry_description_wirecableexceptelectricalmerchantwholesalers,0.0
categorical__industry_description_wipesnonwovenfabricmanufacturing,0.0
categorical__industry_description_wiperswindshieldautomotivetruckbusmanufacturing,0.0
categorical__industry_description_wintergreenoilmanufacturing,0.0
categorical__industry_description_winesmerchantwholesalers,0.0
categorical__industry_description_winesmanufacturing,0.0
categorical__industry_description_wiringdevicefieldservice,0.0
categorical__industry_description_wireropeexceptinsulatedmerchantwholesalers,0.0
categorical__industry_description_wireproductsironsteelmadewiredrawingplants,0.0
categorical__industry_description_wireproductsironsteelmadeironsteelmills,0.0
categorical__industry_description_wirenonferrousmetalsexceptaluminumcoppermadepurchasednonferrousmetalsexceptaluminumcopperwiredrawingplants,0.0
categorical__industry_description_wirenonferrousmetalsexceptaluminumcoppermadeintegratedsecondarysmeltingmillswiredrawingplants,0.0
categorical__industry_description_wiremechanicalcoppercopperalloymadepurchasedcopperintegratedsecondarysmeltingrollingdrawingextrudingplants,0.0
categorical__industry_description_wirelineservicesoilgasfieldcontractbasis,0.0
categorical__industry_description_wirelesswifi,0.0
categorical__industry_description_wirelesstelecommunicationscarriersexceptsatellite,0.0
categorical__industry_description_wirelesstelecommunications,0.0
categorical__industry_description_wirelesstelecommunicationresellersexceptsatellite,0.0
categorical__industry_description_wireironsteelegarmoredbareinsulatedmadewiredrawingplants,0.0
categorical__industry_description_wireflatrolledstripmadecoldrollingmills,0.0
categorical__industry_description_wirefencingfencingaccessoriesmerchantwholesalers,0.0
categorical__industry_description_assemblymachinesmanufacturing,0.0
categorical__industry_description_woodflooringmanufacturing,0.0
categorical__industry_description_woodflooringinstallationonly,0.0
categorical__industry_description_woodfloorfinishingegcoatingsanding,0.0
categorical__industry_description_woodenwarekitchenhouseholdmanufacturing,0.0
categorical__industry_description_wooddryingkilnsmanufacturing,0.0
categorical__industry_description_wooddoorframessashmanufacturing,0.0
categorical__industry_description_woodcuttingsawbladesmanufacturing,0.0
categorical__industry_description_woodcontainerpalletmanufacturing,0.0
categorical__industry_description_woodchipsmadesawmills,0.0
categorical__industry_description_woodcarvingsmerchantwholesalers,0.0
categorical__industry_description_womenssheltersbattered,0.0
categorical__industry_description_womenshandbagpursemanufacturing,0.0
categorical__industry_description_womensclothingmerchantwholesalers,0.0
categorical__industry_description_wiringsuppliesmerchantwholesalers,0.0
categorical__industry_description_wiringharnessignitionsetsinternalcombustionenginesmanufacturing,0.0
categorical__industry_description_wiringdevicemanufacturingcorporateoffice,0.0
categorical__industry_description_assemblylinerebuildingautomotivetruckgasolineengines,0.0
categorical__industry_description_woodtrussmanufacturing,0.0
categorical__industry_description_woodtreatingpreparationsmerchantwholesalers,0.0
categorical__industry_description_woodstovesmanufacturing,0.0
categorical__industry_description_woodproductsegchipspostsshavingstiesmerchantwholesalers,0.0
categorical__industry_description_woodproductscreosotingpurchasedwoodproducts,0.0
categorical__industry_description_woodpreservation,0.0
categorical__industry_description_woodmoldingsegprefinishedunfinishedclearfingerjointmanufacturing,0.0
categorical__industry_description_woodmanufacturing,0.0
categorical__industry_description_woodkitchencabinetscountertopmanufacturing,0.0
categorical__industry_description_woodkitchencabinets,0.0
categorical__industry_description_woodkitchencabinetcountertopmanufacturing,0.0
categorical__industry_description_woodkitchencabinetcountertopmanufacturer,0.0
categorical__industry_description_woodkitchenbathcabinetmanufacturer,0.0
categorical__industry_description_woodframedfurnitureupholsteredhouseholdtypemanufacturing,0.0
categorical__industry_description_woodfloormanufaturing,0.0
categorical__industry_description_wreckerservicesetowingservicesmotorvehicle,0.0
categorical__industry_description_wreathsartificialmanufacturing,0.0
categorical__industry_description_wpc,0.0
categorical__industry_description_worksweatequityhomeconstructionorganizations,0.0
categorical__industry_description_workstationscomputermanufacturing,0.0
categorical__industry_description_workshopspersonsdisabilities,0.0
categorical__industry_description_workshoesmanufacturing,0.0
categorical__industry_description_workpantsmensboyscutsewnpurchasedfabricexceptapparelcontractors,0.0
categorical__industry_description_workexperiencecenterseshelteredworkshops,0.0
categorical__industry_description_workerscompensationprogramadministration,0.0
categorical__industry_description_woolwasteprocessing,0.0
categorical__industry_description_woodworkingmachinesexcepthandheldmanufacturing,0.0
categorical__industry_description_woodworkingmachinerymerchantwholesalers,0.0
categorical__industry_description_woodwoolexcelsiormanufacturing,0.0
categorical__industry_description_woodwindowsdoormanufacturing,0.0
categorical__industry_description_woodwindowframessashmanufacturing,0.0
categorical__industry_description_yearbooksscreenprintingpublishing,0.0
categorical__industry_description_yearbookscommercialprintingexceptscreenpublishing,0.0
categorical__industry_description_yearbookeghighschoolcollegeuniversitypublishersprintingcombined,0.0
categorical__industry_description_yearbookeghighschoolcollegeuniversitypublishersexceptexclusiveinternetpublishing,0.0
categorical__industry_description_yarnthrowingtwistingwindingpurchasedyarn,0.0
categorical__industry_description_yarnspinningmills,0.0
categorical__industry_description_yardlowes,0.0
categorical__industry_description_yachtclubsmarinas,0.0
categorical__industry_description_yachtbuildingnotdoneshipyards,0.0
categorical__industry_description_xylenemaderefinedpetroleumliquidhydrocarbons,0.0
categorical__industry_description_xrayinspectionservices,0.0
categorical__industry_description_wroughtironsteelpipetubingmadeironsteelmills,0.0
categorical__industry_description_writingpaperenvelopesboxedsetsmadepurchasedpaper,0.0
categorical__industry_description_writingpapercutsheetmadepurchasedpaper,0.0
categorical__industry_description_wrencheshandtoolsnonpoweredmanufacturing,0.0
categorical__industry_description_wreckingbuildingotherstructure,0.0
categorical__industry_description_aceticacidmanufacturing,0.0
categorical__industry_description_acetatespunyarnsmadepurchasedfiber,0.0
categorical__industry_description_acetatefibersfilamentsmanufacturing,0.0
categorical__industry_description_acetalresinsmanufacturing,0.0
categorical__industry_description_accumulatorsindustrialpressurevesselsheavygaugemetalmanufacturing,0.0
categorical__industry_description_zincrecoveringscrapalloyingpurchasedmetals,0.0
categorical__industry_description_zincfoilleafnotmaderollingmills,0.0
categorical__industry_description_zincdustreclaiming,0.0
categorical__industry_description_zincdiecastingsunfinishedmanufacturing,0.0
categorical__industry_description_zinccompoundsnotspecifiedelsewhereprocessmanufacturing,0.0
categorical__industry_description_zincchloridemanufacturing,0.0
categorical__industry_description_youthjail,0.0
categorical__industry_description_youthguidanceorganizations,0.0
categorical__industry_description_youthcentersexceptrecreationalonly,0.0
categorical__industry_description_yogurtexceptfrozenmanufacturing,0.0
categorical__industry_description_yeastmanufacturing,0.0
categorical__state_gu,0.0
categorical__state_ae,0.0
categorical__state_aa,0.0
categorical__industry_description_assemblyautomotivetimingchaindrivesystems,0.0
categorical__industry_description_zoologicalgardens,0.0
categorical__industry_description_zoningboardscommissions,0.0
categorical__industry_description_zinczincalloybarplatepiperodsheettubingwiremadepurchasedmetalsscrap,0.0
categorical__industry_description_acidsorganicnotspecifiedelsewhereprocessmanufacturing,0.0
categorical__industry_description_assemblyaircraftnacellecomponents,0.0
categorical__industry_description_acidophilusmilkmanufacturing,0.0
categorical__industry_description_acidityephmeasuringequipmentlaboratoryanalysistypemanufacturing,0.0
categorical__industry_description_aciddyessyntheticorganicmanufacturing,0.0
categorical__industry_description_acetylsalicylicacidmanufacturing,0.0
categorical__industry_description_acetylenemanufacturing,0.0
categorical__industry_description_acetonesyntheticmanufacturing,0.0
categorical__industry_description_acetonenaturalmanufacturing,0.0
categorical__industry_description_accountingservicesexceptcpas,0.0
categorical__industry_description_asphaltworkstemporarylocationsoperroadpaving,0.0
categorical__industry_description_abutmentconstruction,0.0
categorical__industry_description_absorbersgasheavygaugemetalmanufacturing,0.0
categorical__industry_description_absorbentpaperstockmanufacturing,0.0
categorical__industry_description_abrasivesmerchantwholesalers,0.0
categorical__industry_description_abrasiveproductsmanufacturing,0.0
categorical__industry_description_abrasivepointswheelsdisksdentalmanufacturing,0.0
categorical__industry_description_abattoirs,0.0
categorical__industry_description_903,0.0
categorical__industry_description_asphaltshinglesmadepurchasedasphalticmaterials,0.0
categorical__industry_description_722511fullservicerestaurants,0.0
categorical__industry_description_68gradepublicschool,0.0
categorical__industry_description_624120serviceselderlypersonsdisabilities,0.0
categorical__industry_description_624110childyouthservices,0.0
categorical__industry_description_1,0.0
categorical__industry_description_asphaltshinglecoatingmaterialsmanufacturing,0.0
categorical__industry_description_allothermiscellaneouselectricalequipmentcomponentmanufacturing,0.0
categorical__industry_description_allothermiscellaneouschemicalproductprepa,0.0
categorical__industry_description_asphaltsaturatedmatsfeltsmadepurchasedasphalticmaterialspaper,0.0
categorical__industry_description_621420outpatientmentalhealthsubstanceabusecenters,0.0
categorical__industry_description_561110officeadministrativeservices,0.0
categorical__industry_description_4931,0.0
categorical__industry_description_asphaltroofingcoatingsmadepurchasedasphalticmaterials,0.0
categorical__industry_description_asphaltroofingcementsmadepurchasedasphalticmaterials,0.0
categorical__industry_description_334511,0.0
categorical__industry_description_334417electronicconnectormanufacturing,0.0
categorical__industry_description_325900,0.0
categorical__industry_description_323111commercialprintingexceptscreenbooks,0.0
categorical__industry_description_23,0.0
categorical__industry_description_200bednursinghome,0.0
categorical__industry_description_allothermiscellaneousfabricatedmetalproductmanufacturing,0.0
